0,1,2,3,4,5,6,7,8,9,10,11,12,13,14,15,16,17,18,19,20,21,22,23,24,25,26,27,28,29,30,31,32,33,34,35,36,37,38,39,40,41,42,43,44,45,46,47,48,49,50,51,52,53,54,55,56,57,58,59,60,61,62,63,64,65,66,67,68,69,70,71,72,73,74,75,76,77,78,79,80,81,82,83,84,85,86,87,88,89,90,91,92,93,94,95,96,97,98,99,100,101,102,103,104,105,106,107,108,109,110,111,112,113,114,115,116,117,118,119,120,121,122,123,124,125,126,127
0.5268226806761351,0.09493190053658865,0.007957641508584268,0.025956251189330173,-0.007478991678903091,-0.09543236547618825,0.08253345852102276,-0.03673114632998535,-0.14770174638196967,-0.25749003526846215,0.3477563994071508,0.13829870766879376,-0.10270857305103992,-0.12401097932710219,0.003333623550630319,-0.15110448544956614,0.03785146367852141,-0.10627620805366468,-0.05149326385989684,-0.07689645949482461,-0.24262354596019536,0.09403074936676743,0.029126665748015007,0.10180501003041902,0.07083976599859756,0.0107682371134982,-0.018705430711110315,0.17429281686271014,-0.0009445150224424056,0.14476464429352187,0.0025813739082204577,0.03714552784753819,-0.0641209618675957,0.09332718622892892,0.056950241871700974,-0.0386614828235875,0.018450586248016994,-0.06721890445564369,-0.055860947012438496,-0.0010046162647241103,-0.07518397636683079,0.032726755265172394,-0.037705444556735954,-0.01496026633770596,0.05095602385613895,0.07791555132736967,-0.01228716858348708,-0.055620227012279914,0.1272049495495419,-0.10810188732091268,-0.0011458688677812312,-0.021372794733576766,0.11072754134119506,0.04067735492372802,-0.04936358743547789,0.052316794260624126,0.0021230814490390544,0.0700220022216975,0.021956019011890596,-0.10383432806429688,0.0398209359950369,-0.08899599371383293,0.05816649478736283,0.10444594939638788,0.05489195468094782,0.12554768964262922,-0.07514103976029227,-0.11362549416234458,0.04798572675615928,0.03759625903783626,-0.001450774948184379,0.10159940246551058,-0.019044354346053793,0.04262016577939012,-0.014492514349214064,-0.01763559282694239,-0.01978338804810035,0.0390810390688494,-0.03489656854435822,0.11757260867461274,0.0175479698725815,-0.02021454185909086,0.006207715164285385,0.03253373581100411,-0.02644108201375234,0.029592834522873396,-0.006464962546687147,0.04577917032987687,0.02190005893522398,0.02096251485914261,0.016699845002866087,-0.0845357613177808,-0.019466296011109878,0.006145448725629258,-0.012485517075949618,-0.07209025467584029,0.028089631244358967,-0.007650616236641874,0.001032635874306689,-0.00104361365525526,0.0777829221845074,0.03320971291483854,-0.011268184313786365,0.006365640063054129,-0.05175329837371229,-0.0031373127899518827,-0.010922627406561164,0.02732356144645657,0.011492026389384711,0.033994624617879984,-0.022994731282981098,-0.03220064375466223,-0.003121376418313818,0.002185191698892121,0.06094921899673382,0.008842266954678437,-0.017504458476153072,-0.00899825331546525,0.010872625845424413,-0.0029517350049802224,0.02002225820754355,-0.10749914584603829,-0.023783661369365047,0.0058366783554335755,-0.056209326458205894,-0.011746235857149978,0.03439688535601934,0.01421501289699954
-0.26236851353800417,0.1295289135813834,0.14553602276807082,0.07038658728726958,0.2087293448950649,-0.10228135914768915,0.051179818728105855,0.04560576892332934,-0.16946174062286934,-0.24109619895163414,-0.07658321621081952,-0.08574617868761861,0.09106136854211694,0.024161379065230033,0.1472108072849993,0.25073618933506125,0.2004789286724921,0.19128136573558577,0.16463517227770713,0.04793197732226227,-0.007558997563244354,-0.27750909212337865,0.13449396955694468,0.004177723935949943,-0.0195901286705081,-0.10457720873838652,-0.06829271713442854,-0.13034569005030786,0.04942965081418431,0.09910165575592317,0.03094674644505995,0.03183735847035493,-0.02437207575106638,-0.09796101447111984,0.1863999636350441,0.06820186036562931,0.03236814889709864,-0.025548718740487607,0.014449128144885711,-0.04321644972144632,-0.03508264153603774,-0.21167546014803368,0.02140972853148952,0.07119016586460929,0.18705325107099272,0.012358064250111257,-0.029483797339194314,-0.062088825042983284,-0.08429941152424521,-0.028127703383189814,0.043624236549817036,-0.20678415432559225,-0.07021195135229938,-0.06879719008207266,-0.02331568330949538,-0.09662292668858574,-0.0324043276220631,0.03018211020924491,-0.05555102331773919,-0.07506053196545633,0.0834615065325126,0.08150601091439147,0.04881593995151008,-0.03276365758477385,0.0365227244820676,0.027673483342186406,0.005528879362110558,0.051369569148615034,0.12801917695285508,0.09213805651876883,0.0004708938479252952,0.015157427299972897,0.01968694791575938,-0.018681082228136258,-0.0029104817032961985,0.12283078735246475,0.07089813455162047,0.016684156612755123,0.08653574637124604,-0.07117724357386794,0.027011635403991558,0.0007367149176587002,0.06150700175055755,0.11079772048657412,0.005307774804201392,-0.031031645250769093,-0.022738258173212296,0.022036075209708243,-0.013654689696321835,0.08687028680483619,-0.009880805758610845,-0.03763860508371299,0.016127799186889953,0.016049975913225184,0.023288114403525906,-0.06655331918942324,-0.037516330763234566,0.02643279145617409,-0.004298798423031415,0.03723328316150341,-0.06502160862924912,-0.07746973455709928,-0.04744845862187353,0.015313739239587721,0.03631261899900455,-0.02584344609417853,-0.04310499109197525,-0.019960090811500773,0.023806371631155798,0.03777464645980705,0.04337178413205678,-0.08145246660901301,0.05008010315953833,0.012008359928757815,0.023878281326161065,0.004277167147894927,0.009068567670201583,0.06389329383808724,-0.039717874609743783,0.03269775169989612,0.001297526531548889,-0.039210957925383275,-0.03607171972006177,0.00017324567298372014,0.013545547534535051,-0.007121846839759408,-0.02462563442250575,0.03215166588511042
-0.7265083440777363,-0.25954501458157636,0.04075589017159766,0.10936742958534444,0.1546106928783124,-0.1487826176495275,-0.10810789378118404,0.10722553119283475,0.033465574442112414,-0.06586317642572304,0.03148430273088109,0.05973426689067862,-0.30596413656630844,-0.1856446257217852,0.059391626609265044,0.10237727264566257,0.1119635620524557,-0.018324541094685835,-0.08021080425257289,0.07087747799401718,0.037500229125633104,-0.004713503089777455,0.06285993519120124,-0.008268114621218634,0.005474559461090934,-0.05205044355493507,-0.05218791196239485,-0.07811289502253507,-0.07053622826351741,-0.10341123969324524,0.007120633433790801,-0.001764179942561574,0.03250483322586717,-0.06172326897828411,-0.015351664086744455,-0.017967732298442157,-0.0038777146476486044,0.011047277355589094,-0.07273903077581448,0.014717967135258702,0.028238034728704658,-0.005107225267586059,-0.06147372118316105,-0.05771317311228538,0.027266895073156685,0.06887357509294682,0.004724456280594232,-0.005079985677160662,-0.03674719325222458,0.0338719865261261,0.0318854269598883,-0.04912670857385446,0.021087747132373946,0.06293002738648788,-0.09464921502394423,-0.02231912921565152,0.09020166626253273,-0.009035142713877621,-0.03221020527034878,0.01731938209588372,-0.03899010063300421,-0.0025317715066225685,0.014869019729331806,-0.06160687903448085,0.016735475074013507,0.00048188282208499523,-0.03353903844006563,0.018340425197634635,0.05900869149762922,0.010142977324569221,-0.037114113462343085,0.04703757277150314,-0.03834959032867046,0.006564520310759019,0.009071107870508991,0.040254253174269686,0.03273380750560499,-0.04103263429762942,0.035602188410614424,-0.02312476973476264,-0.025682573432915908,0.048777361790131896,0.07813405778194829,0.0026780065551108203,0.03603765707203102,-0.027123263896410326,-0.0463485455429821,-0.012965035274705095,-0.026631023770923395,0.01025306234362124,-0.002829417700335002,-0.006148050285035357,0.0025455230062663,0.048372653832632076,-0.019668705544921415,-0.03781379909507476,0.020203858183506156,-0.05943348109952972,0.009537106349520178,0.0198771450786043,-0.040896830468516866,-0.003470149515150458,-0.016273685755226003,0.0031659108512239803,0.01067972159961135,0.01624816063640473,-0.04040915403919231,0.017518083652362647,-0.006170038327575325,-0.0010626213016696041,0.009764824139386494,0.033374996292289426,-0.03786460756099743,0.0059622629499271745,0.05777902281776726,-0.0002724012922655076,0.0004577265414979332,0.022560231580430103,0.015676604975100712,0.035430391278086164,-0.011306385119637396,0.0022337833623104772,-0.004227515393740951,-0.014250676652175623,-0.016460679999337365,-0.027604289460467453,-0.0027393270657204466,0.0004758683878953348
-0.032377463909981814,0.29506236304182754,-0.12425404886978741,0.23338477062408985,0.3200776753717594,-0.06060273977953625,-0.10027592228415577,-0.33379446618496333,0.09789118397369909,0.09218770223158602,0.2890317232695914,-0.0135263388161982,-0.20802164654331493,0.0007212090094453334,-0.09364229479094159,-0.12950903311049722,0.15081509555898076,-0.08654689968613992,0.1886332441306765,-0.10176773825823597,0.031187297122644085,-0.02551301627158711,0.053239282622695214,0.12280884742180437,0.2276789684349967,-0.05169128443478506,0.06229806061086036,0.06478530300074556,0.010066267096004333,0.044169342615661744,0.013751743776367377,0.0768369478964126,-0.0018328847687873813,-0.04618467057234824,-0.03847690555799062,-0.13898238405375354,0.07689263527487036,-0.02384701985868314,0.007589360111444706,0.06338975012520086,-0.046361316121003346,-0.007832411403658736,-0.09339384842832825,0.02994536565304945,0.08057619680864522,0.09402962807915881,0.07785459878547518,-0.023707492106523467,0.06233107601280671,0.012514685990080229,-0.01547457896559676,-0.07719368687472292,-0.04153338282009797,-0.08936738867252027,0.08248056946927491,0.00011373975006076827,0.017974332998430247,-0.09081646894483472,0.08105303514361406,0.0781200356283172,0.1194384850153896,0.03544978590137852,-0.10618816319279534,-0.06054534982701817,-0.005817037110067615,0.07718098719158034,0.005581713810120242,-0.04653650970040736,0.0007738560496708075,-0.07995166543292052,0.030535794617468425,-0.002229259604409514,0.0043094946116369265,0.061002915253064095,0.07498006328549671,-0.008991445238064876,-0.0014775489212166064,0.011910093869460065,-0.039752172630851124,0.050812216984823716,-0.010669191882301015,-0.03106424975750719,0.08830870253858848,0.05243764587397745,-0.03598433233060903,0.09688630971896343,0.004303065083076462,0.10580139126585597,-0.007443700250232926,0.008729343595162116,0.03389719303929328,-0.059778587940383,-0.027686976835152307,0.013346652736599907,-0.035281146548170834,-0.01895522603727517,-0.021690820203783785,0.005044799822929113,0.0061563861475132245,-0.10120151069511919,0.019112847385326023,0.010943266934519302,-0.03273554560907477,0.07032319795011856,0.01617124094193033,-0.004547597417386025,-0.0014421535036677415,0.027849761485306972,0.01266853860687076,-0.07365862040489674,-0.05853867976120909,-0.013339041566930119,-0.04797566654314922,-0.018368308978106228,0.07339552803743313,0.003783333502327914,-0.0067560328095998415,0.010184959339098732,0.03391332032807134,-0.037902938685199464,0.02292507395942517,-0.056097008160256326,0.07346953521311307,0.005898252490707985,-0.09646111230687825,0.0038424651997172317,0.06502504698291134,0.02079045663277189
0.037550537737764296,0.2508555295846292,0.05526949604503906,0.36874196502464707,0.14462388223666453,-0.09900790630929375,-0.15089323292622864,-0.28488086711561517,0.23364161715189857,0.11580356161903618,0.3005093447453006,0.04030073166341053,0.025411000346073933,-0.3063540171762235,-0.12311815234813002,-0.1181593341461879,0.07326712050355062,-0.16293005320074005,0.1962031133465029,-0.03806886189602308,0.07184528510421676,-0.03047593717768023,0.11878573452211708,0.17541420612078198,0.13557499481230614,0.010853952556184066,-0.08739935273972542,0.18731043433739322,-0.09040432884363897,0.01993787578081885,0.060945817614999905,-0.016199107860111493,-0.05319240010118414,-0.11704099808637186,-0.009037630930006186,0.09503307782904682,0.05271795465338561,-0.021252158125750677,0.037825029310138876,-0.009743822042785342,-0.05686775844182211,0.015180217969384176,-0.042387286962694,-0.1261185575382386,-0.023536305605769896,-0.03823133924059586,0.020744375968644667,0.01012940600348202,0.07138020228882443,-0.07520700996029717,0.0341180151390518,0.07597857843921169,0.07321911779552394,-0.029653721385763478,-0.03084555417995629,-0.04026815562211658,0.06412961330996508,-0.027912906657631152,0.013740668171375068,-0.015149334102209585,0.12287616695419719,0.002400530871465112,-0.04977647480863095,0.013678207032920399,-0.02262230224048197,-0.010204771085989564,0.06266299575988962,0.04098829878716945,0.03053609410806534,-0.03073726253944581,0.08632251653888175,-0.026289131071436593,-0.08233733749482357,0.040821024889285254,0.061940302090022555,-0.012983265197717102,-0.01532844626127462,-0.0212287778711002,-0.026133628270488967,-0.010276730235690361,0.010292732091904231,0.07184660367669492,0.044707183868723605,-0.02248501995685562,-0.03977541887488332,0.011745383225342408,-0.011501745125908023,0.05234035411150934,0.03540133947455884,0.016445346127246317,0.025485443702480605,-0.03243304476265492,0.0050883957563097005,0.0072809401978963005,-0.028893163143191396,-0.06030416347890769,-0.011183256911363331,-0.007721905080756757,0.0006090221130358109,-0.05192932820216107,0.001006018596464998,-0.015576907300621591,-0.0024273845377510185,0.013007628155220483,0.021784440712057082,-0.013306793514839143,0.002769367003427467,0.07443578371238146,-0.06623228692778872,-0.019195485218544524,-0.024748367018189072,-0.030709265711234477,0.017765433456129878,-0.05143718961757658,-0.012445426350564696,-0.010456997166609722,-0.05078919212566654,0.033944332133294,-0.022512159866152456,-0.008519157978197515,0.002902596696696981,-0.03758333539327517,-0.0003968868177434458,0.023425732648498006,-0.01020357429153654,-0.0028010333739736525,0.03748614144362393,-0.031772782676121394
-0.6456849456148301,0.18780627716086903,-0.19453849245277133,-0.1395160385276985,0.14179185621344617,0.17241179924950004,0.27183889764342467,-0.04652796014500422,0.09319656926203503,-0.03646718393776381,0.08262729665607867,0.11607942240157956,0.10737436228002717,-0.1211589295431143,-0.06164397859508923,0.0039882391827937526,0.031887373090773545,-0.0605660187513753,0.11745742189652832,0.0675459711395054,-0.19850464901189716,-0.04788335652017041,0.058192538929633414,0.0918145809408109,0.06748459030742837,0.08329048456751813,0.06869123755304211,0.11767164403948235,-0.017216850048792864,-0.013240270547927178,0.09775538462253847,0.07216546136995428,-0.030131958790853675,0.00317962769866704,-0.0354582336582308,-0.02965365066605819,0.20139914811189186,-0.02337292371777922,-0.06892988712082275,0.016115381478132924,0.006265781036668175,0.0414846947043883,-0.04292307896828558,-0.10320536876171242,-0.05598262707645088,-0.01108604596786771,0.05322345768913944,-0.02483986540434173,0.0516367915679837,-0.06473091533290197,-0.0043696273697440904,0.03836372624605291,0.006760330467940729,0.0986295856266043,-0.055262190341419985,-0.03575761679920442,0.08720727101764864,0.07005833577501505,-0.027268810938992742,0.029653683014124577,0.04553687513850962,-0.0048788175177488565,-0.03350437871875819,0.042474892702672996,-0.048953684875802,-0.02952482813258904,0.014320908684269048,0.0038903588431863164,0.053389957074994894,-0.02409629520523518,-0.024182796041223652,-0.0031262234559233247,0.0531590257361154,0.049097854870012066,-0.0009430683742801865,-0.03343802151800782,-0.03522474598117929,-0.03922076300794068,-0.01915372043079414,-0.06904053834847201,-0.02277286187552026,0.02316931836140074,-0.057083908856453654,-0.022580434261863718,-0.0606885894667388,-0.04914097758130698,-0.0496472949373124,0.047589701903011074,-0.0505001710171558,0.0065716690964831,0.02861297487617572,-0.03782023798543143,-0.010384432147539643,0.07165764442189201,0.00300396825041456,-0.0014688738693106873,-0.011890939663954067,-2.29994554422832e-05,0.011278544051951658,0.020450140219541557,0.021377749146021363,-0.010026133628612505,-0.05479519083814882,0.015519068512032583,0.002189828702407238,0.03297959143580488,-0.024817005276359827,-0.03563717355039196,-0.041444961345452336,0.010728732084333573,0.012209195927410803,0.04137743969924323,-0.06659903713820156,0.012728256957038874,0.034327638197569496,-0.0171243669532098,0.01054129882762975,0.04225036342784083,-0.04185729777955658,0.011161353989863926,-0.01657990621805684,-0.003144010470568526,-0.010101908657656963,0.003130286340591847,0.0010635963877406584,0.016990629864255404,0.024554801645536924,-0.029287230482250813
0.2678031983065316,0.2744489193368337,0.13540079761607715,-0.23304888208296717,0.17666930350527554,-0.0891394050478546,0.1610871564625154,-0.17000014653546652,-0.264919861409783,-0.1064012033548668,0.2667776982993576,0.048408462654130936,-0.27331668273970017,0.13181117116044289,-0.001534015398798175,-0.19428471268021164,0.2279721594665467,0.002283556455302743,-0.07161791325642938,0.11931047284629422,-0.19150900993359102,-0.10381458540716997,-0.1631929774461984,-0.08445066974897711,-0.06018963554161622,-0.055855361185025966,0.07834487767493666,-0.10875133657916845,0.13511511700932013,0.12821810721466578,-0.001730018312593651,-0.07978865463272197,-0.15454120409604716,-0.003432405008611409,0.00889777289109015,-0.07687432828281573,0.02004767822134753,-0.04398748688956387,-0.034841838778074286,0.006287975327949723,-0.07372677936077864,-0.08084695868380988,0.016017727051106753,0.07512061972990831,0.00731350430748313,0.04522460591631262,0.08617807114861,-0.05824578940076206,-0.012134042148910524,0.11076364342488239,0.0386333125518237,0.011476419109907003,0.025562683361948738,-0.007441428130851088,0.04019510292235035,0.04015002260423586,0.014104049312552986,-0.043708557818275984,-0.021085233331237546,0.03517883219329498,0.02695120637108822,0.031106219507190568,0.008433272865542137,-0.06714914122927952,-0.07561227861262301,0.08572620854808222,-0.027573116719069205,-0.017116662917173738,0.01288437297266534,-0.028400070164615755,0.028300893019604204,0.020259874303226438,-0.08434701222702971,-0.03383861174693427,0.03553367366643913,0.023954013717082348,0.012228582413748716,0.019458094373026712,-0.03485678432275776,0.0363332142921156,-0.0776121580188728,-0.026203508371656456,0.01985182161673389,0.060346775909229225,0.012440465500811874,0.010362332456192828,0.02152152049259072,-0.017198092490181324,-0.011574634012733648,0.04242237243062202,-0.010735508107140137,-0.06990754538317967,-0.01690526799181516,-0.015820655921690123,0.06972626814334641,0.09704311629938217,-0.012245577878464732,0.029464301064029603,0.003939799578596467,0.019625953637374353,-0.028336298935130195,-0.0037202063132938702,-0.019015671640233926,-0.02953479198037345,0.028404325014037918,-0.02409554761488176,0.01856204841818836,0.020695110292647933,-0.034302087662393996,-0.08118269593939799,-0.01373551779965355,0.01228514405430068,0.0455576298281927,-0.0064065771709572545,0.03970791960873313,-0.026457966431684708,-0.042092069018127974,-0.04114358395430247,-0.019854216607633358,-0.020960853493137786,0.054274148288505915,-0.014122409932109184,-0.03720032795973336,-0.021201960712306765,-6.022721829339713e-05,-0.007026366200847628,-0.014725741498504752,0.01323177964785796
-0.5862090202017206,0.22437881517665287,-0.1510492455684736,-0.04517800612746443,0.061122830111679745,0.1202754764246508,-0.2861943896201893,-0.045108883782055326,0.03658134363640759,0.3288545446140111,-0.1742227135176023,-0.14314525988985874,-0.17907746669432617,0.0502919826047228,0.006529027608119312,0.09858060891008522,-0.06661220695621749,-0.1931778006987383,0.016537221949373817,-0.07174360777127985,-0.05571205160623825,0.10280977025344568,-0.1440188883379393,-0.06721138318705693,0.0924956435473284,0.10389956792279029,0.0013411017304562644,-0.09974364616088856,0.0464537050187604,0.10601784815845472,-0.04680471996698598,-0.0016259185388039484,-0.018812089810104047,-0.03419793439924405,0.04424024448628362,0.03955625836729895,-0.06954282414207176,0.043317804726447334,0.03813145757352013,0.02734812608460494,-0.09117469988241286,-0.015377903989044896,-0.024188985118647376,0.06413714506549988,-0.0066894957482098024,-0.07352357021896437,-0.005038466613706419,-0.024346625891736737,0.0045050925573006835,-0.016276110114058977,-0.04694687657409385,0.0034006681990230046,-0.060615381120369266,0.032678903317078,0.01423388992044692,0.06398256855679128,-0.041499119170732165,-0.036180682035372724,-0.02954222652754481,0.04907988743691646,0.0686535620285322,0.007588449182752614,0.0648227173729488,0.04437683618805185,0.028151369141681357,0.048826295810393563,-0.02299502271770032,-0.020383383584884833,0.0002652020963278804,0.026899134591370052,-0.07443465878721031,-0.06206431213299005,-0.04868552837654246,-0.015849360091491353,0.012411171164482517,-0.020730988743335736,-0.009297693692383617,-0.004809168219399553,-0.06649266958829765,0.012516751021415678,0.05810471447641364,-0.024944071146154677,0.050726104846508024,-0.011154146924338191,-0.03003690074981043,0.042775199284658005,-0.02780512625467725,-0.0008606323075573848,0.011849997101852226,-0.05803761031013434,-0.007463157646785939,-0.02810125266569816,-0.06289622214887652,0.002565190890877019,-0.010880323333367912,0.041195242184465984,-0.06631267510607743,-0.00949784657095575,0.03833035222135901,-0.062421613225495776,0.02043965472361771,0.012534043852128826,0.050760739623432326,0.0044012528594324024,0.053411313793378865,-0.04739844625468242,0.011231165173142519,0.061000884891469355,0.016458965416227597,-0.015955514921879306,-0.03553209716751303,0.0304964009949147,-0.03794543955901226,0.0010213984178352204,-0.015382160647071909,0.01775934137842173,0.006778340547327921,0.014135555786709244,0.020220797893359916,0.0284907095686011,-0.0036805731129718544,-0.04397595911989618,-0.030357251707836784,-0.019283870292530703,0.01696712480059914,0.05669144130947463,-0.061160036401938477,-0.012642233515448655
-0.7586827377305587,-0.17812546334202428,-0.15379780771289944,-0.13287696089634154,0.20375528260952327,-0.13819894579840583,-0.16898785052655244,0.026176319791910495,0.12801058991531072,-0.031245270712399804,0.1267415382745805,-0.03188276743727838,-0.12207611636336332,-0.04896033558438777,-0.015274464304181988,-0.07022234498774181,0.05597276205103115,-0.14266178299746757,0.003552586667769614,-0.04456995192665304,-0.11463904157926273,0.17446060442163852,-0.10271830885581903,0.0818640617778985,-0.030982292316548712,0.08083622281830269,0.08429891417385575,-0.06784041288131583,0.013722943112711657,-0.0012375875927254966,-0.07110709566966701,0.009605176199901314,-0.020477597197841497,0.014530047972057402,-0.005085578605409142,0.03980988778461491,-0.0003332146661665775,-0.058862646145243155,-0.023517949759575586,0.0577853368651418,-0.0025243580530594834,-0.026706248203459234,0.05784354243118029,0.07903878042920803,-0.049684791808814265,-0.0002572883095970127,0.007192592828587354,0.03217836226840114,-0.041403976182107005,0.07887496860435796,-0.04051693699340481,0.0010472469125961353,-0.04855092815687032,-0.01288274948080999,-0.0290691548614082,0.05200051867507753,0.008074014589128854,0.015953713545945884,-0.0027534071197962496,0.044266757501934824,0.011367700791593936,0.05666733103611373,0.012733033837737174,-0.02456964114921121,-0.0293253933291164,0.00801801448901239,-0.034995361549587586,0.0448778017216182,-0.02900655989328799,-9.998232833277562e-05,-0.04334547388919623,0.010219910690551367,0.02751612481383565,0.024747595526012647,-0.04085951463317734,0.03873439807300361,-0.031685120676615657,-0.016073874228311164,-0.01717846415408923,-0.02042147565748259,0.002603571446477867,-0.027079709704393273,0.06818039385816303,-0.025423322266442446,0.05250255149158382,-0.03351072507771134,-0.02625825797842426,0.041719368130183544,0.03479541337864698,0.0011879981438454347,-0.009228866408639213,0.01090775344043367,-0.0369342734512668,-0.04900189806434193,0.0074702447110018225,-0.029426554114576023,-0.003121186297964619,0.02590130059138387,-0.014964244434632156,0.022049068008130814,-0.002447405580937464,0.01595910672475607,0.03100653902442998,0.04497797515029027,-0.007335075391086711,-0.001002224816999324,0.024793500396168427,-0.024605167317195743,0.0439243489508142,0.024384537097952422,0.02449669336152313,0.013164420890326389,0.008564682634968889,0.02175883543833769,-0.025500664815923394,0.012422166190968172,0.007681663438478217,0.0002377711113911158,-0.03917559316979544,0.03545451677504008,0.020128624041913505,-0.01800304436655607,0.008025246040039596,0.013736676377529658,0.02418013925002985,0.02960075200093206,-0.020036274310228138,-0.005061482184521744
0.46029918451205754,0.2990404227144537,0.15589059675245553,-0.16790101785058764,-0.1763344739463963,-0.3856784251860537,0.095431344264172,-0.13167645368001496,-0.12501356374068776,0.11750715645184967,0.01710022554747085,0.20444112707814888,-0.12449917392363376,0.07569350515131874,-0.0929713339349417,0.12104306266061883,-0.1461238603979267,-0.14146167042620578,-0.04185697492623449,0.0954118366065018,-0.013719159779037024,-0.007103797851399701,-0.0025414529536262895,-0.13944714969829558,0.00693936756169267,0.06673552747392136,-0.027049141978319865,0.11491569500538035,0.2079317853914634,-0.039555670375929455,0.007286034273652003,0.0296820560691923,-0.06341210110867937,0.004583395555545954,0.07345593027040383,-0.01559102501475736,-0.07375722909329716,-0.045637297013861426,0.05320329092325513,0.08242969053232503,-0.06566066460746507,-0.05397536561412558,0.028440010250153337,0.03152192766724316,0.015526126084683005,0.028912841453972042,-0.05944162867318805,-0.025961977226948867,-0.0004633655920079574,0.006521175288241983,0.008284909137453132,-0.05127161235766963,0.02526062822417218,0.08981508340971132,0.04390308466925003,0.06663420015813838,0.08816167677812219,-0.06251807387674295,0.08538365949984063,0.04219374158189941,0.01302055357855644,0.01747122620194982,0.04532167161177523,0.15238793411649718,-0.021304204337948666,0.04041005689915555,-0.08575408320131589,0.0049617790276434304,-0.03943380451459283,0.020114314464012066,0.049094151157903554,0.07707763935444414,0.00878426792663878,-0.014944266236933516,-0.0340239260449248,-0.029169506729748943,0.07279928737313199,0.03890246437300009,-0.03121394393362519,-0.054299621834594886,-0.014672956536997416,0.01875859787958,0.11924657045200235,-0.018347628867591014,-0.023342522700477382,-0.011953569714346789,0.009444342900348164,-0.0020118767123448802,0.01857282506277707,0.040029412596579994,-0.0008869289392988086,-0.014480949594982726,0.0195738938925692,0.0009272894945588455,0.021348112636737103,0.04131274142458415,-0.00644484159834731,0.02480820134870536,-0.003971454073712005,-0.019495846181426555,-0.04506070856718681,-0.07047803059764568,0.005216216598687075,4.5924149958361615e-05,-0.0186569997252085,-0.027436179684013108,-0.028556400230542296,0.029596896648162986,-0.01792427539335144,0.01471761880758065,0.007996036648366886,-0.07694658700402297,-0.05349896453618886,-0.0013250009287636127,0.01557026157380783,-0.013355695007650594,0.013387585135621957,0.037891450095170025,0.015342249826634983,0.0004407071414755062,0.03314298402746838,0.014373502041503255,-0.03196510651410989,-0.021607774710957213,-0.005409532860499246,0.03525375378215437,-0.0036081402035388734,0.04790113277575753
-0.3429859370729666,0.13514424989107926,-0.38025632658252684,0.020599975624785948,0.41459792681028335,0.13242673713736547,-0.005066269201563436,-0.04261534306432613,0.25446617296484225,0.2834791319625681,-0.2206465582015593,-0.1112724954555225,-0.1755181202807315,-0.06087459388710338,-0.06053961549006232,0.06429414995811972,0.12102778619703604,0.04963780376471689,0.02336468039069477,-0.06784117129814174,-0.1636671501532056,-0.04138049447746771,0.07086884367128424,-0.008077649473083133,0.03698449700215913,0.04639883464376835,-0.05076854816666365,-0.1866891068653111,-0.10022049566919455,-0.02636740241348958,0.12077719760430158,0.10066584341631196,0.06572615004902567,-0.06993271682659097,0.012633223809079375,-0.08406772516550748,0.029434036124972553,0.004880086071948744,-0.06287064018570741,-0.01742460802963199,-0.042103009047731725,0.015584599921163596,-0.020110670763990885,-0.030201156350130983,0.03479025488442726,0.010680941943842986,-0.03808812132226501,-0.06670949355065307,0.080448250144593,-0.11906452264145773,-0.010632609791225984,-0.00663229835046379,-0.10218613991229275,0.06274730388507037,0.0009426205206812423,0.005699452291872345,-0.04270916028159997,0.014259550073108612,-0.005909185485811283,0.07578039577034859,0.06782447830848526,-0.014480571327626297,0.05874883160397112,0.02058024123581921,-0.0029504317434714796,-0.02506267984242934,-0.032181889333439045,0.027062657990468624,0.03995756481883512,0.0924276498858661,-0.043130071925329555,0.004849286920949517,-0.03861619730469209,0.031638001426550974,-0.000662110374136894,0.01220728021366352,0.021396322912199946,0.0023246250083437626,-0.01574287310625534,-0.024504902436411326,-0.015824764792947286,-0.007040629405966806,-0.002532301027404988,-0.005711585542765761,0.00010799113814272884,-0.09258374269117012,-0.005682663029849901,0.027648148942385493,0.020492391071119477,-0.03351651933926255,-0.01741943605401228,-0.007850967855382173,-0.05212365921057249,0.04096613542381495,0.017257984999381363,0.009793069065218162,0.04334799552884078,0.021269080442920866,0.05329290004748734,-0.03404456780560872,-0.02677801987349792,-0.035200823191637094,0.019741338669644632,-0.05331777027257278,0.062202702161397595,-0.009813217788438066,-0.03257826136326228,-0.0007989347958687121,0.0031503526459063513,-0.02762433821306338,0.01038911315822082,-0.03459095168267426,-0.03383264787364379,0.043463847733251515,-0.005156049805780593,0.031069867387975365,-0.04198230607512616,0.014501882232814881,0.0048944678775047715,-0.03205283961220608,-0.040401966857413193,0.009068973841510774,0.0002745564141141447,0.022597964407670274,0.006084502787192681,0.01711613885976872,0.0022032565419313854,-0.013751126613012584
0.08461236662695117,-0.11650680773250026,0.4012669283106781,-0.10888473056305671,0.22299785462750793,-0.17035289837273104,-0.12028828170506055,-0.32561980272878255,-0.00014413799911002523,0.2656353685412366,0.08573618580613777,0.0033062803950211933,-0.2968818665427236,0.14298281610714422,-0.05445737384806409,-0.16472541843940955,-0.11232381562016361,-0.06987038244251462,0.031469151840229755,-0.07213768243658882,-0.2662045098603294,0.023577278024173445,0.12463300924435998,-0.0176913844127734,0.18694937708186352,-0.018531697438468834,0.005169025298141132,-0.04715413528242376,0.016273999545084128,-0.06898434678092269,0.023343217328103037,-0.055144149801875326,-0.009280931266036555,0.020338623157091975,0.1077878432435185,-0.03792691939094869,-0.06837098325019862,-0.18839285971289924,0.01634674259181497,0.07472141859902444,-0.019762810555021906,0.07376762570606663,0.029305613451584996,0.1392955813200737,0.03526179752650379,0.016834176718817657,0.05805022050533933,0.08507845798812429,0.023714471483745957,-0.08015412091890876,-0.05351117450724291,-0.06141832422212109,0.05993632296548514,0.024064694998008975,0.045964727808981753,0.05790737980846645,0.007155987351486181,-0.010645236844823634,0.07150433400935746,0.03127811509216484,-0.046374332085173116,0.014087592017639084,0.07703889488568212,0.013211010464468292,0.0013145383783244187,0.04596802664674245,-0.09915627647816741,0.03482145367127656,0.04382466772773794,-0.004946692733708346,0.041297594048783824,0.01719670064786535,-0.03612149210716333,0.01689729251633867,-0.026728890138781554,0.06738548075702143,0.02969732071726614,0.06389624210435695,0.05850126497480821,-0.027774782262375803,-0.009870607220441523,0.027371483213278987,0.010462138812221352,0.03174895403480236,0.012547400389051415,0.08588062246265003,-0.029072084116114984,0.0892596654491868,0.01639820838389171,0.05818253799101688,0.005664864367219651,0.008472478674799824,0.012200916397325645,-0.014605884319537969,-0.08054113560605722,0.04587862129488396,-0.012493993203219464,0.040138881337133794,0.004876634250384201,-0.037132520861976576,-0.014556407465998117,0.02141799566551999,0.0519319978895222,-0.0104085384646702,0.06723916491202059,-0.007597568423517209,-0.022726493275416395,-0.0002466629713112617,-0.005437084230196445,-0.04997859457337792,0.02905610473155715,-0.04274985811017193,-0.03288179164164262,-0.03182747401542967,-0.0009207365512971073,-0.03137585895239333,-0.012934522200948947,0.06686731215991719,-0.05622372681223675,0.05032166924435829,-0.004377650101994102,0.007664364813757951,0.03466882521187534,-0.01850966827654277,0.024492712449885164,0.03024109312187819,0.004870429259725253,-0.003158407363931853
0.3016372004552809,-0.15193291689392577,0.3539731177369322,0.034438459609628304,0.1741401146898018,-0.29295675250094033,-0.08387435775297936,-0.2147631408212375,-0.10673684613695493,0.12592831632813423,0.0673357054877064,-0.07740364238854786,-0.17146318691383652,0.01527773465738069,-0.1814388739241201,-0.10349812695047242,-0.31942041591879383,-0.07755459167068529,-0.05078138914180903,0.003441869056576533,-0.17192878052512392,0.047537136493811784,-0.07950298892045192,-0.05074021787214085,0.14102930338578504,0.11769389853431757,-0.0865492368320507,0.07388799959459649,0.057050195631733164,0.08478294377413943,0.0660930622143541,-0.15270411469024026,-0.01150837169880818,-0.06651247502151414,0.1225415927439007,0.005349743705079847,0.001541467562261772,-0.15657535006694545,0.11452100893797437,0.004588014321880329,0.07764898686383569,0.021392806344306327,0.029027867287582616,0.10057977666217603,0.07050362968592128,-0.0617598078076164,-0.018006377841067768,-0.0019949047661693853,-0.01925625416237232,-0.15232417076517088,-0.14516129129768332,-0.04413736674666582,0.00119128210109661,0.013593370365713713,0.05806374802638408,0.03748108274259692,-0.013756002816033541,-0.057734957092692905,0.04021554247634823,-0.011169517464294789,-0.022764486086744046,0.03744651602489419,0.025055822596168356,0.08842029288535519,0.06876565769330004,0.05830348213259386,-0.057392421544946365,0.04475512858172998,0.01955142853268927,-0.005550057289009657,0.0187801199737117,0.057277558433449116,-0.017763555235735154,0.06741479143703812,-0.05399578636782466,0.027858874295352273,0.016111051629326526,0.041405269040486505,0.07162540874871055,-0.05754730823698766,-0.07023153750406738,-0.04943593079866875,0.044944157937870086,0.032520730865115706,-0.009277615284360021,0.04246568192161094,-0.007903405596388966,0.053847417885165665,-0.05761248433075144,-0.009690693243076844,0.022700457829112997,-0.00036133752299229784,-0.045600150890708444,0.005748289181219821,0.004418186375787774,0.06718323733565047,-0.022605292057673185,0.0042507306609467785,-0.018609967755202843,-0.07229065506405438,-0.02085359687651526,-0.019459651597073104,0.013623439611174265,0.028089113303145473,0.05938608497087055,-0.04782941862727539,-0.028211734969644586,0.012356332242845602,-0.04227013432662154,-0.007270880542696973,0.00959208584658262,0.006710334298421066,-0.05372905652663545,-0.002820415513155991,-0.01182360583786861,-0.032891868782133814,-0.023191195739358975,0.052145954215318674,0.024130413435054128,0.0032245481477032783,0.029503987038207443,-0.02224364284563407,0.002965830665763986,0.008438774011264843,-0.05080240270709512,0.003777190543465237,0.02028141230811186,-0.02372942827699118
0.6363257434173151,-0.13524101751898043,0.21578622071533854,-0.18090923876426984,-0.03158648191003368,-0.19733332791727762,0.20539807766891932,0.11763761309415312,-0.024361097869941065,-0.31984879373345376,0.1178890508341499,0.11613846568844931,0.028744422587683373,-0.07471484052393677,-0.04646500984622744,0.09955952266945499,0.017856131606865114,-0.06589865961002914,-0.10481469973297053,-0.04482908557639927,-0.001898521777165196,-0.04379842102915262,0.14436557952302884,-0.09667010247986782,0.030776153752028898,0.07849565418931415,-0.00022363469973568132,-0.020105401416583818,-0.12830852315759653,0.14049061817026479,0.047174501635560986,0.01929079004285784,0.14102352821137049,-0.034442351678745,-0.005087698668732211,-0.050367860866416994,0.01766010004556785,-0.07539536359791499,0.07089453552237182,0.10300837381078157,0.02136784125386721,-0.025298757316666445,-0.0055778839787996885,0.002166907955430736,-0.026673000842090726,0.030530277325082462,-0.007556265477407539,0.07316705209638953,0.08220951193533114,-0.025118109454719657,-0.08427314433294049,0.08286360154866527,0.03279124630963463,0.08976259521852725,-0.06108700795576031,-0.041030751527499014,0.014821483821252495,-0.029110118236370965,-0.04372696592430599,-0.05131400215769675,0.06921510454401394,0.011520806799144263,0.00437972811087216,0.004036343812594557,0.014436320646725197,0.007328491975072847,-0.07669388182223091,0.011683218864192163,0.013918436954407835,0.00467277943864648,0.10926978570433911,0.027581173552507818,-0.05160844137076195,0.0017118965233288567,0.00887152953809261,0.0518142719112323,0.014874959981582982,0.019893456123680254,0.020858326207251237,0.00023630482411372413,-0.03553132363026662,-0.06088960864175435,-0.022991963858397007,-0.0689238408315343,-0.01691129297478268,0.01758293556489886,-0.016233117681121585,-0.014494853393713099,-0.051728540918194614,0.0067188054547576755,-0.03199927516346206,0.0024446432063095903,-0.0020019482037567193,-0.027087901200861825,0.010051701840490711,0.00460955296737666,-0.011198310330172937,-0.022872601454005402,-0.008022441450907322,0.029360941448375946,-0.0049433464718921195,-0.005892282475210401,0.004891944165808183,0.014338352718075594,0.018706906867348095,0.009154886490939646,-0.010197560358159857,-0.009126550018027138,-0.006075487311035563,0.0015631108425078909,0.008221806550906485,-0.030538762441365268,-0.014984873742961667,0.013197040854910413,0.036199136800950174,-0.01936153227871752,0.028171075399610574,0.0005474705721554404,0.01582722246838943,-0.04701627391684269,0.012776281977748329,0.046420643840114864,0.0028538905182406114,-0.01746758787368518,0.046204470378779366,-0.00586892324283164,-0.015506741785573017,-0.03547478883440973
0.2370632753915872,0.043794704306910966,-0.42874647593146203,-0.022392127504380036,0.13492712917975458,0.2191720512516239,-0.3224390637149963,-0.1281669578079949,0.13379045103892065,-0.24054860309698226,0.05791132810574455,-0.22122527420159296,0.02156484123877473,-0.012010077535803063,-0.05049796228233072,0.16461326753526337,0.17669055945222148,0.126113067788281,-0.1997765180351514,-0.05205027457844115,0.012277868275469806,0.12848497086993452,-0.12196496744969063,0.03985313601301495,0.08011876927120379,0.07784919866726256,0.03346210945145986,0.1373622539246013,0.008581769434947087,0.027488988483074323,0.05810278438413867,-0.14520230654779753,-0.09926872361446316,0.11475614056728808,0.019826705882492385,-0.023926542495881956,0.048187761910691455,-0.11106366246792752,0.06346752414443221,-0.1755892097223315,0.0162245089180084,-0.011451872693175923,0.16198182264735314,0.04027517104072257,0.03204069765327023,-0.0418733372307809,0.03830364917805637,0.00519975595194741,0.07324709475594446,0.09276488342094806,-0.038592246063086914,-0.037174413602799515,0.0524231778809822,0.11491483560114205,0.058670584777922384,-0.01795821732494067,-0.011556156056448979,-0.031793014499584646,0.022331405726924092,0.029052230549929003,0.009216722664883143,0.003593695362469051,-0.020706149901768313,0.07911773016888615,-0.011593880522486773,0.055880059284179606,-0.03232778271719232,0.00963622156294485,0.05788790134680122,0.019396545403462324,-0.040065314547226345,-0.025355182372041245,-0.006261100353572848,0.0004775910628103561,-0.01713014743377878,0.0134213392870498,0.014468140831302729,-0.015004103202467993,-0.01931971322751254,-0.019575733557968593,0.04683053223637041,-0.02512282293246056,-0.07000497325958745,-0.011861876309065714,-0.04912302098942541,-0.048824679645527766,0.01719610471181556,-0.07004817472479823,0.023553261303379338,-0.02088342843080338,0.013360433465200775,-0.02005561186439625,-0.0322578391753998,-0.041303313052088474,0.0009746258026505104,0.017977745778801225,0.04499309662451734,0.013067249018967662,0.014793410059531649,0.016640652061851367,0.015545889602583641,-0.033476961087165046,-0.07969243400058963,-0.07620923165903308,0.024498413750329857,0.04036839615456662,-0.012454476640789308,0.0012076769566571545,0.08519482642149354,0.020708998297176144,0.011573048203947988,-0.02997868691036599,0.02416882848891901,0.01500671803960117,-0.06691334451309566,0.0026101552437177325,0.03970182902024314,0.01561673199414635,0.028306838396456282,0.003931544464426352,-0.0197243301969178,0.01887995961159129,0.028820863689992787,-0.02067922809321301,0.00822692146289755,0.04055710076342533,-0.03412796286175205,-0.07352338485351202
0.1275029444777011,-0.007495855293752951,0.12640859399006887,-0.3917644627594561,0.31158116728257407,0.32098611833047225,-0.14901133608260714,-0.37059917636786516,0.24552673262608302,-0.14520680692150956,0.1385198828887431,-0.018621668781632635,0.01885757742943788,0.05320953399071934,0.10611359901535955,0.10406332576082426,0.23098731633853087,-0.1584067691526335,0.05536351331567485,-0.1481104205369009,0.09301477347533169,0.02595307450795872,0.07879542329933882,-0.02432403121038397,-0.07907657969071935,-0.04810111637447854,0.013299324926406871,-0.05386484581703036,0.01866415557017084,0.08770135101061999,0.02336609563183426,-0.09532354924361555,-0.05911053884789264,0.14283089574366917,-0.03176469121164422,-0.007687760674775416,0.04472215871764529,-0.08159185432418659,0.038982612652935525,-0.053832539093303364,-0.03731908649993663,-0.05490682263910204,-0.010347056247303685,-0.11537702199690275,0.04177390160434338,0.01310182759995054,0.10466644796814466,0.002396551325612913,-0.02051265222138536,-0.010586029966148287,-0.07848350106406352,-0.02651785054282543,0.013324407093784357,0.11106865833791121,0.000171935114052053,-0.024784603729804622,0.024434044357467283,0.04162984443618763,0.017724040955359215,-0.015145206745176902,0.022393244119898285,0.03403477279952125,-0.014585949282196276,0.04848175455703651,-0.021456562813274897,-0.07390793894851444,0.003453132621955809,-0.05107994562186874,0.01607521045080276,-0.08162438916282527,0.026350861128106196,0.02403137535105183,-0.0488699363155447,0.015254757519941906,-0.045193917879528804,0.044078672026547805,-0.01639735358625561,-0.03838629379071035,0.005372617596768439,0.08611727698091155,0.017557475610707456,-0.0021162127052207725,-0.0013458077380728468,0.005056657626455526,0.00904370791147462,0.0209593425275803,0.040986019369534894,-0.07682717600530159,0.02412090740812911,-0.0031220866253949104,0.0020237862756693047,0.027809259204424293,-0.10723861992494463,0.012083428496015083,0.046241747390877705,0.0017801861945455244,-1.5161741770695044e-05,0.032887201068602906,0.011487340837839912,-0.01309455102233522,-0.03822866572290133,-0.05467190284380318,0.04114428198083167,0.03512515980742216,0.015052238225451849,-0.05251344147324686,0.0024467168369942827,0.010664109369434177,0.02198874930050138,0.04896137417907379,0.0027640533209213084,-0.022659732213045798,-0.018008665560825383,-0.03221506918999193,-0.024887249646867855,0.013176470989937687,0.05112354284886853,-0.018288405478353323,0.010093063707037695,0.023270493435674,-0.014116518069802398,-0.012739851851133126,-0.008500495616883777,-0.06988568585389203,-0.004134718456651041,-0.01189845661863757,-0.004762370529732129,-0.02206880823042756
0.680071490973149,-0.29663930786490966,-0.037960525745611706,-0.21835237974419572,0.0012535059244729546,0.08067830766422951,-0.042321651371534416,0.22407574758854185,-0.06476003350795752,-0.04852914310533712,-0.21155548536639213,0.13096086147229805,-0.019677155671757703,-0.10027938555351125,-0.06543304945875658,-0.06297051054797548,-0.08822936800115858,0.013583020688419824,-0.1902000552411118,-0.12243368227599254,-0.012676848612050779,-0.018130048382994927,-0.087507626774769,0.0026843133051167724,0.05099179016994822,-0.003813943268830346,-0.0016734947775092295,-0.09708696481936993,-0.12956217633066866,0.10600744861708297,0.09248978710485323,0.020454260806188063,0.09350565067195105,-0.009859440875171913,-0.03046847857548161,-0.10502423787870312,0.10601595878970764,-0.12483299149889371,-0.044694494893631635,0.07092382913427615,-0.05264998466424578,-0.03429045571018246,-0.00933686565683843,-0.07897146036258172,0.10268398539750848,-0.013030151892906853,0.0577048887470873,-0.04741059616370231,0.04655192100330869,-0.029998360778618113,-0.04757631192384148,0.06283630443732593,-0.0075325638093354345,0.040712320604033084,0.01630069871036089,-0.02958640781047153,-0.03661138206465016,-0.0023284959405843455,-0.00220640302420593,-0.01820593950207468,0.00045756835730503966,0.0005478495333111047,0.003924208960792666,-0.03626446769309824,0.05623674147264851,0.0209917208041718,-0.02970273249062325,-0.01436832870797485,-0.018111045669955687,0.011145602736612201,0.0488515857939485,-0.028988277988232197,0.03566282534280081,-0.022168490833862083,0.038777837003474994,-0.00047330639190382016,-0.04078415602176278,0.020215934530943388,0.006626345287889103,0.008092825103158759,-0.05746303901825966,0.020106268580267324,0.02075868747259906,-0.003772616339028098,0.03154529374334597,0.00803707197188546,0.020810995685539697,0.01395926658295997,-0.0052722716746170005,-0.02330783788550015,-0.025937813097712165,-0.03869039045672029,0.03669222309499647,-0.017015976849047633,0.007887983388553873,-0.028989980414579387,0.020499479312009433,-0.007836108833872238,-0.013408159668754778,0.044398709658177285,0.019928156099296955,-0.03630821527777047,-0.015947162791158494,0.02349462598934666,-0.051572045385159596,0.0013286749050547384,0.026663621156016473,-0.003635206003040282,-0.02376680310321264,0.022502250457738904,0.03851701213654313,-0.008241787784229036,0.008433656133764861,-0.027190722235882012,-0.019215696932944608,0.0035196166149067012,0.01640996049242384,-0.023142716284494623,0.020409813049560806,0.013396773047249906,-0.0015208520911446568,0.021260554108331425,-0.013672077917777649,-0.006726454376156926,-0.04227771057748027,-0.003960973048450312,0.027778018207373013,-0.009403043525105317
-0.4353845915014884,0.10976879599541345,0.033267446561987504,-0.21534950338144174,0.29745405964506794,0.3165560890914388,0.02441557818423344,0.12013812462502789,-0.027697191767323222,-0.10155419703953043,-0.2507487771809225,0.015159055969343903,0.1260967934780764,-0.003022248004168825,-0.2952397634317136,0.3594968442338662,0.029446781371162058,0.02562901421044149,-0.017983143300463862,0.010703986806442998,5.5996647759149085e-05,-0.022047830538959413,0.13279184040751774,0.0960208868685389,0.06877715052982843,-0.11547982759776418,0.10261551541753944,-0.1488084305694771,0.046795723436345825,0.01383171681713829,0.09588529402278324,-0.12955931972367493,-0.05562220392243846,0.04358146880323402,0.04390184167261112,-0.022349345842783978,0.11026924945889033,0.030540808558236203,-0.02358993903244775,0.042202811972088215,-0.10893308189417751,-0.017496802012100725,0.04696382576462315,0.016266883635088842,-0.04756698118309407,0.09445790758064543,-0.039621813658540055,-0.08630579807345116,0.024778403592259052,-0.08596466482790359,-0.0446161815658623,-0.07055100289267871,-0.04953186892811637,0.08436081622637981,0.012260239325768864,0.01239288990851425,0.01895740160493215,-0.006455299447050844,0.015554792025140393,-0.05067105109833414,0.013730709857940499,-0.0007249422071035632,-0.013169077563597538,-0.010616121522282215,0.05315723586201357,0.0021371165328324697,-0.008061213686845538,-0.0037536971494985675,0.02631247897303442,0.0018543576206512481,0.04533616819369953,-0.0012538701528991664,0.028760277856870773,0.07293306803913391,-0.019991501279395956,-0.0005353949574179463,-0.05501103347208311,0.017420846188804934,0.004529409701661333,0.029123706383934942,0.05354267071524749,0.0007969809595944143,-0.0005444367185054712,-0.010986493278986095,-0.02222924853262963,-0.01370955896771774,0.02602867452315821,-0.017092270339444715,-0.00265689357277951,0.00646689243967384,0.018799459404589058,-0.0006489603275650499,0.0004005513490444205,0.000690709142526349,-0.01711051887248324,-0.012433237794864828,0.027417838435498745,-0.02750831269214991,-0.011227580131932447,-0.03860113598227359,0.026391043200952747,0.006716468257675565,0.03430684035212612,-0.03407535999082419,0.0020482345918629214,-0.046877354562093305,0.01921214479247496,-0.0160286179953677,-0.0011352857857634276,0.02403937019335806,-0.04952579692753025,0.0033157400667478305,-0.012899933901529001,0.00670965990515902,-0.013485708717772674,0.03092465853604651,0.055721756051168116,0.02843995312414535,-0.016968916649842524,0.013032543537966183,-0.061730537018855884,-0.031014134796596555,-0.012144780090264252,0.003053560094063516,0.007506177064742043,-0.0012304325411227402,0.014306532434101243,0.03432529984233348
0.7191748347860991,-0.09358881579026361,0.17555744528057796,-0.16073877046764834,-0.14233833301990678,-0.0331575853324843,0.13230300447483545,0.31239458502598116,-0.113252739098214,-0.03940910095779828,-0.014438361414809047,0.10831450813878345,-0.14193107469589902,-0.06644645508984351,0.028020374568767686,0.012494259155598325,-0.0779261916387751,-0.03532343014843837,-0.1192907965490885,-0.07594448495157036,0.00199965630138669,-0.009909269354992988,-0.08195594589034226,0.03564189192899797,0.12436390016450491,0.09385018198572416,0.0273345647069885,0.03976596520754245,-0.006434499524456534,0.10922390369070953,0.10223877744751518,-0.008105261025545304,0.022992363127387755,-0.09412790725718506,-0.04347459343460182,-0.08129657295371086,0.026968376224256824,-0.13250469489033617,-0.0921060090719741,-0.007288179722689816,-0.07482171207697597,0.03196084456917907,-0.08539240516182024,-0.09161847504931417,0.02261224968487663,0.03565407122456202,0.024818604950604797,-0.05382591372397552,0.09281277074409171,-0.0007408496947720829,-0.040784315644454235,0.045765229829227816,0.0010124850444490385,-0.02283567034856854,0.07634224112829094,-0.03887895472766493,0.011774199989046169,0.01822609326175631,-0.007908369715181345,0.027041279311245836,0.00561368933890366,-0.0023103085059186785,-0.0008382585858722108,0.030440027156256783,0.04264086407070681,0.023859609897700522,-0.018088353103307257,-0.019239626758654673,0.002729175174140124,-0.010997167143209613,-0.006720535320021756,0.04866962328655553,0.02103364771887854,-0.02473495821720799,0.006804988102159453,-0.021403803290802985,-0.01935015933761759,0.03874974899994688,-0.024256573077536103,0.004384620701678406,0.011127361010247827,-0.04538432007294305,0.0592356348664867,0.014553882751511125,0.01062547443010649,-0.024835920039228056,-0.018986836401653228,0.03575945697449131,-0.006385360579192733,-0.0541567963887121,0.020456045811012423,-0.030839680663589143,0.035371044732962154,-0.03760286347880552,0.003702732296060089,0.015403711279020313,0.027470317908432233,-0.019266308261258178,-0.02897455807180093,0.006263648814942567,0.0010968302171144718,-0.06878102575634434,0.0129251060703012,0.0019690578307536826,-0.0072864599108946925,0.03980877436297279,-0.0094724322710849,-0.030521944428932128,-0.060583535180331445,-0.005595778748243198,-0.0064545287245366565,0.016704850594829634,0.015667518065238997,-0.0026571120859091414,-0.04260755016470911,-0.0006540003777992007,0.036731070030617194,-0.017413752560513408,0.023325163402120923,0.02202333327179115,0.02876621282606813,0.017360620309971646,0.0021587860569500243,0.06756896701108546,0.009449560989849243,-0.02074892624348224,-0.005754987432659581,0.005452464595469003
-0.28473164056336164,0.0007573245662761539,-0.36007292527601836,-0.12623332447764282,0.2734979245330907,0.15327694020910215,-0.24405492657699088,0.2251647244146231,0.22690094442362482,-0.01662241172273251,-0.035099085548178734,0.21506194210138457,-0.18192403093288262,0.24434949443395754,-0.1875413937780653,-0.08491287995298383,0.041847697560778455,0.1666032475194036,0.016084403751999377,-0.03854399028658885,0.07660779008235964,-0.0228922481044972,0.09613471108637948,0.13120940381966123,-0.016794299458643837,0.07321538027587075,0.1493284700436685,0.04358180660403681,-0.12072698246260598,0.12236614698898987,0.05498546560627722,0.029811487354781764,-0.031418501377318546,0.03687676541189233,0.01833453319835989,0.14574190193691688,0.09602187934284658,-0.06245120892753381,-0.03415451454094911,-0.02435435907929007,0.06017382893899639,0.034366627667623106,0.09842781728702023,-0.05240062785752416,0.014171213979716482,0.06331108766401536,0.02617285698629399,-0.07968679470164282,0.059262299934328785,0.017277456648559907,-0.09032323956382708,-0.04972664003811981,-0.02366412332682263,-0.07954927008419918,0.024410836979497332,0.09538837386672797,-0.02875898934801039,0.030018605339008676,0.06239334646580004,-0.0359401486470419,-0.016212119005868976,0.017312871922249392,-0.04945621627416002,0.008964044590290102,-0.02195485539593786,-0.0027293299130021305,-0.01951526206460135,0.011750799592318211,0.04234823554911631,0.049051132475072944,-0.035747747764783754,0.06924595606409106,-0.054155063724746544,0.046147802033045804,0.00101495331537969,0.06861327857039187,-0.0027341057189981433,0.021414552443882406,0.07718686038303475,-0.06240356161864274,-0.014141099255519388,0.040443124123522085,0.0061805984300411345,-0.046565403345315504,0.09313895292876077,-0.005237071167831143,-0.025668738309880323,-0.02964778011210163,-0.035065946403970934,0.01757375870559381,0.02432181312487517,0.004228488788388593,0.008752426055626775,-0.013741500887154846,-0.06508790148884451,0.04989935961562282,-0.07286024703718356,0.025717709308520537,-0.0087765092930622,0.016907155535227335,-0.0037445346581554424,0.005825861340958176,-0.05399937300725045,-0.024115730821460835,0.02222395733910655,-0.008727504868944027,-0.012939477663059027,-0.0068961461769993125,-0.015529740138417451,-0.009528593174736165,-0.09074038975803549,-0.038206555628333305,-0.023324641695551172,-0.02877875149009543,0.0030126586029335565,-0.00690450718165567,0.008141147724091332,0.06122038618928849,-0.03205430959899752,-0.011984721032638286,-0.07526049324832182,0.05268390269136559,-0.001240993645822744,0.020201785761361984,-0.04561757605236721,0.0401493379705698,-0.010039282871273092,0.010073820556263319
0.19977057424869962,0.031163886948721412,-0.3478442375911542,-0.08866476021727855,0.2607289144136071,-0.059154793422363815,-0.27626480922223423,-0.1208145402905668,0.2634754492780195,-0.10182760641594797,0.1675839138261055,0.027868276132782335,0.08595485734233874,0.2561714646897889,0.09480679469117964,-0.05038195782063468,-0.07135993648567959,-0.022151847009358242,-0.1954921750013695,-0.052112487607643615,0.42558720112255927,0.05550472426641386,-0.10629184676081571,0.09242221564086973,0.10128448171050154,-0.0571176999296428,-0.10341806647417452,-0.0017299598951515214,-0.12520586578118462,0.08741843299849239,0.01623668178940877,0.03858436826980948,-0.10674413674546951,0.05018875329651204,-0.00765015246229415,0.02505877095894148,0.059440927861328714,-0.04425130153504887,0.050496214078767185,-0.08170276584598807,0.057691319937152395,0.014479574201874955,-0.03422679297806891,0.05046957240144963,0.07837409205718894,0.029480395935680803,0.0022032589816302355,0.04816461412650634,0.00297014890975283,0.017181764409466383,0.05991967470972338,-0.0564901035085344,0.011228214802308463,-0.061815404487885826,-0.014614525639239597,-0.015494847633144323,-0.04238452229019159,0.03074714724311971,-0.05290332402079779,0.029813625767453732,-0.0027680793846478163,0.037114499233336345,0.060835539988474456,-0.02924736292208888,-0.020441716787202604,-0.007887586719895028,0.03396030452219641,-0.03162876770718258,0.030239104282606538,0.014657369386090488,0.03678193950962277,0.10628286318153277,0.06680909813871579,0.04178162438280756,0.02256829086652572,0.00406479548006844,-0.03918796607359891,-0.018076017918187623,-0.013151696720419557,-0.04978982540135478,-0.005745717168540354,-0.010850230054055967,-0.09337072189392318,-0.048572874256721764,0.01083458621585916,0.019568988339606144,-0.027550901940604854,-0.05015471901303133,0.034654128772619634,-0.08362428792620903,-0.013872617490681945,-0.010033552900756249,0.04123197177265942,-0.021242935110582225,0.02520624991197916,-0.020144437744375073,0.03544250375446334,0.015290618405935276,-0.023068296024014195,-0.012608730788549998,-0.017724543615096885,-0.06311775777719301,0.006188484529956506,-0.043646999143302403,-0.01151338438980175,0.06484771040988384,0.0806870041871934,0.017360450881009612,-0.03196469897793409,-0.05358270726294901,0.016696365551848783,-0.013666127693528861,0.0005587692621977151,0.033397549055824774,-0.0382078901331642,-0.04722880084929134,0.003689466813168066,0.0659380341342881,0.023774824991350457,0.04101539858733055,-0.008817597525898101,0.020592934243318022,0.021988722837733954,0.032406624557674846,-0.0744917414390806,-0.0008474979975909004,-0.08410953628980769,0.026675508841075002
-0.6100833907692613,-0.19452540843127267,-0.06071675532190148,-0.08573876901453688,-0.06026906108718813,0.26700683798457403,-0.161138725073431,0.18125361117976918,-0.019188074178921006,-0.20695272166956855,0.08041428000270207,0.020026658513026086,-0.027659316717804725,-0.2010373477920991,-0.20492734366724735,0.07943785656881802,-0.2317413042415043,-0.03212633981282778,0.04944237659854098,-0.2230006444059001,-0.03622209796979167,0.011345966195714803,0.08230901193334211,-0.02888501890979844,-0.05359621409662261,-0.030863457192440814,-0.05448749979230823,-0.03510068403412635,0.02858533005991147,0.02806090531375329,-0.03242706218245041,-0.016891954417869202,-0.04003347811789772,0.022913492148574056,0.057987133189473614,0.05027897381315796,-0.08280130580163443,0.029485978554020752,0.07480844781541467,-0.02286285029846324,0.01795138830825055,0.034464051101388435,0.004069856243854214,0.030112153569830484,-0.1002460086062454,-0.0252598816625395,-0.01760401727649777,-0.0370284834510053,-0.011258181002436207,0.13246873044385596,0.0266835649593193,0.06358411312415942,-0.0044485210915084445,-0.047434708230889064,-0.002956518402981896,-0.02459346170400167,0.09875101207045359,-0.003816324962921591,0.012366535815279075,0.016600952994602416,-0.07570332040122363,0.0069440751254673,0.05269037202140906,-0.046187367183590775,-0.07154089118738485,0.03015034509261454,0.05976101622015716,0.01883260367139374,-0.01766673918029491,-0.0019051512264002192,-0.031575069190708335,0.0937244967156795,0.0012658496484103682,0.023979680660877252,0.03478764080836687,0.03896633175275725,-0.02226340746488181,0.017026362978075464,-0.05981850761733498,0.06894776562976682,-0.08331953421155806,0.012649675900601506,0.006692783040972822,0.01777950979442838,0.08592474017646236,0.005727972428800234,-0.014859605408632149,-0.02951225995376982,-0.0009190039846893585,0.020128888539065325,-0.035405037821287025,0.025444913139916432,-0.06943515083581832,-0.0007526614632752949,-0.004823396846032079,0.02249065886999591,0.048779560244397877,0.032838103689922314,-0.006480916064218903,-0.10678924245244424,0.0010585712946831463,0.03613919487576926,0.03643106493713187,0.01593795260361711,-0.05768781513052363,-0.04040460562452034,0.02726508041027796,0.004821258886441726,-0.03617360274311573,-0.023420471004459476,-0.027941491299565913,-0.024077797885008998,-0.034943256375231685,0.02386841958617326,0.0007799120629794422,0.028497651947952885,0.007577882345233655,-0.006405909500479738,-0.02101992167516204,-0.03973263369941235,-0.02291894883876874,0.005952501088165718,0.04028120838722588,-0.05841403463915378,-0.017265497808266455,-0.03157009441272471,0.0360300419139764,0.009361891113144796
-0.6785030502541705,-0.002648041509140561,-0.07084149157689627,-0.05783776827964603,-0.18943808432443598,0.346844542924307,-0.24807212527573602,0.02013356697455572,-0.16325107745396858,-0.07410796882372783,0.020975595751162857,0.037626177387241805,-0.0929832954272781,-0.006238377148856301,-0.17403049351493602,-0.04377053210151404,-0.09648458241774201,-0.010585076585855781,-0.11767162654212739,-0.06951012876473048,-0.029185010831559877,-0.07249594018282676,0.15211679723056284,-0.06964285228144301,-0.03611812301064493,0.02549214661917979,-0.1189030728254569,-0.14627695071174693,0.008768754383662493,-0.05727349421101007,-0.01515630082916687,-0.09897529794766556,-0.1122591782027032,-7.868863170119035e-06,0.01578131063775452,0.056977828836573735,-0.00855877267505567,-0.002092522045010872,0.0016399208117725552,0.057117651903825624,0.031177787557807483,0.04286074195138211,8.418799013762171e-05,0.06472084038145116,-0.0270004510473773,-0.07792125601177617,0.03166921355590645,-0.017562734853666943,-0.014467624883886775,0.012525306078311819,0.0018734070000433283,0.06913475146219479,-0.11563823091891481,0.039854857566394265,-0.017647179589203744,0.05218528568612363,0.0032707973249693372,-0.051443578425545006,-0.009898550002503826,0.013978783511487094,0.05723929045197402,-0.06319899585060441,0.010734236765138728,0.01776948452282565,-0.017228118907799236,0.005154971184759964,0.027578428731694925,-0.044506778944057385,-0.03246828434225571,0.004176492326496465,-0.0019503061978690698,0.0651630849206701,0.048588764831549704,-0.0019593290777188787,0.08143802662274117,0.029104646928001018,-0.0075562352150281425,0.04728416987658491,-0.06496085535105493,0.02872287802079952,0.05648365415596075,-0.010118598623142192,-0.017422302148615617,-0.04740199407461417,0.026139493530958634,-0.009847277197303187,-0.04471437559762339,0.00048212984247108777,0.04174169283899078,0.0009777482733077578,-0.03716381559718057,-0.023718903541531874,-0.01749759762998798,0.0421012411805389,-0.015717985302278133,-0.0056855952873168985,-0.005566599314618626,0.0069708637459815976,0.0005175300031080884,0.003522532243604035,0.0008782566326435388,-0.03552934134436006,-0.02813243293572541,-0.02354808847059525,0.025610880206992963,-0.015427227717027855,0.01242440828089772,0.02835784886330799,0.027767675002734273,-0.014531650835775206,-0.040341190088567895,0.009158680535305205,0.012395039814877044,-0.012990422891944407,0.007106529894257236,-0.0066628041139490295,0.04385798920407198,0.011870485998226047,0.03766288806090266,0.02809042680233868,-0.01460900905219276,-0.025734363806204075,0.008424585221382157,-0.024791697474643416,-0.047038230698707106,0.009979556094619677,-0.027260233693710806,-0.006197324497915
-0.6527463285366402,-0.044537333936321484,0.12368106704953503,-0.11521098021557817,-0.107029973913068,-0.044204567815068686,-0.13278584126421522,-0.05162102323268755,0.01337698894596203,-0.08919752425798573,0.007755555724975332,0.01747910845536648,0.15870898384139062,-0.1325501919277927,-0.21982238286911124,0.011095341619354368,-0.18530949189290286,0.1259973138120216,0.0455802809172516,-0.07164946686255183,0.03358613194577883,-0.1900849629482258,0.2139656731777429,-0.03162179203039013,-0.025219652246978846,0.10342805127677325,-0.18475188822334795,-0.09175225540533233,0.05040280743151939,0.12128900350286932,0.019246143593262422,-0.07267811995821001,0.009998059503430171,0.0759926028394564,0.13494931180725478,0.054099256640382204,-0.12885306505777097,-0.008315285302078125,0.05862927945721579,0.00788793567773964,0.010029580751544677,0.01105940404154908,0.0020742056473144186,-0.07286259237987913,-0.022013607303021578,-0.047976919043504464,-0.02694951182204786,-0.05652259884912424,-0.03335325794131754,0.0737044939760548,-0.00787751657012975,-0.04705839739538547,-0.040072120909632955,-0.016948515047576725,0.013255001833314564,-0.03586828984468668,0.005601514648965272,-0.03751099104776402,-0.015268086430257767,0.07456997498719174,-0.09087164528726756,0.03533537945991242,0.09924471128160932,-0.05033017108613918,-0.0034290102924750625,0.06089386435143531,0.03417786328478397,0.04542252585401217,0.007119135250948773,-0.013888854193242716,0.027005487970192473,0.11203430620805514,-0.0019054294819009013,-0.018171083493177115,-0.03540172848922392,-0.030373880937275548,-0.08016805854778371,-0.002858510574860853,-0.05177096799173251,-0.013731194081689203,0.06836912075089126,-0.052492693166256654,-0.0712905357134015,-0.05472138026958946,0.05271336580771572,-0.016273131763837632,0.0012935616343516994,-0.0011553120530966982,0.04156478061848806,0.023366075619182976,-0.022620080132744354,-0.01834386299366603,-0.04540355517392628,0.032751266054128814,-0.04389771140492232,0.0131012383251513,0.03921505082906907,0.05758985838553173,0.02340025304817298,-0.012860881130885135,-0.029516880054167843,-0.020937333454471498,0.07115928815598725,-0.01623890424882764,-0.0044536576026090735,-0.002605873442180347,0.013031281574491243,0.010688445558146515,0.030651128064425135,0.0239954727584576,0.004919512456316738,0.017558321519815824,0.023471206084488442,-0.047909051724190334,0.02028483935539868,0.016808921448497084,-0.016104151065966774,-0.0005491740499541167,-0.0010358470178354932,-0.027743560265430466,-0.06386566648768922,-0.07858215740725419,0.02119115834633055,0.035371575747437496,-0.02682244719351511,0.00742191914118444,0.009303972131795566,0.005419195129640832
-0.6990145061916085,-0.0486093764117377,0.0592170543556617,-0.20062893474898608,-0.07177208243468262,0.16145635976765665,-0.19368243915178313,0.07702766880572799,-0.10074447009010096,-0.06170696212340656,-0.10644088019036216,-0.007516153795395555,0.07705112880568453,-0.06424193326007484,-0.1980671890646108,-0.008247036897181972,-0.22199945998228973,-0.0361286781421371,0.05903601974966257,-0.04113941162608081,-0.0017468674706708368,-0.10669485354541645,0.1774541900743683,-0.05933214088305159,0.016459369918723852,0.07678398573697659,-0.07783010913525716,-0.15389805208955107,0.0794125256199595,0.021582507027663074,0.025238845877494902,-0.08555009161219135,-0.025857826343546907,0.09376184782547893,0.09899122073208204,-0.009768840262409867,-0.06335771654816376,-0.07036641725722816,0.04090721869978785,-0.03520869875449224,-0.004048199400048462,0.03234937368174495,-0.016991268549869123,0.0018219066689083702,-0.039704925163603896,-0.007241714093855675,0.0032263932678458754,-0.030456298381880575,-0.058591745173936116,0.09841461884856917,0.03934240978909881,0.013946998885115414,-0.05839159110638134,-0.05815887275376115,-0.01867783495211286,0.017010562447913442,0.0071793211734768395,-0.03991284023081988,-0.0374166715557125,0.033354047460353614,-0.11623961466563265,-0.009862023883888536,0.03261294061488254,-0.01708258712858897,-0.07366945527126394,0.003303031199691535,0.01766905933962531,0.08556386670553597,0.011859398862312458,-0.02864426589336214,0.03419930114101083,0.12307957552997291,-0.016713606154455513,0.07192509613535591,-0.008060809796230781,0.002200773214538273,-0.019373605433807405,0.019765414016564474,-0.0956349543710293,0.036722320747131505,0.002131948600598449,0.010703888497571945,-0.050128814353673966,-0.04625619200686087,0.005108334470934344,-0.06814725574842817,0.02588885065657765,-0.002196043034552805,0.02415285115516198,0.024386964756352377,0.007347402903839507,-0.006626667504809999,-0.059687225479434794,0.002544876935391502,-0.005346657425499066,-0.0013581130226821222,0.04422343454972382,0.018490785623808403,0.045351857501512,0.01759582291381938,-0.018134116949726557,0.0061523411838339806,0.01962528192484383,-0.009319944560588827,0.0010826698019981307,-0.009781187132977353,0.0031389030606830967,0.02685660477424446,0.00022072917731896387,0.0128231116297475,-0.04906052729693119,0.004669473620406783,0.03814786840233763,0.008180914210106261,0.023626791906921168,0.023784144734816912,-0.0014865602137963247,0.0387171562353318,0.03751150165882521,0.031888783327371155,-0.05599410271843166,-0.051297990883101975,-0.021450557464158852,0.003600244308644941,-0.0432820422566058,-0.027511182110638785,0.0028243221213411604,-0.004264841036120761
-0.40973017368718434,-0.1138003832218339,0.06720107916620721,0.3588475146723376,0.0695970727177569,-0.2248056578350132,0.19145794946696607,0.08755027161442684,0.016861823080706724,0.16748916890400656,-0.09524813285015979,0.07224059406048768,0.24003775562390978,0.06869356220045138,-0.1804864696708943,-0.45879515726323955,-0.10767320423647378,0.0025896965844382034,0.029041498658024523,-0.004681551914751235,0.21055635802580516,0.043321727139864305,0.040837650810908725,-0.006112382115761265,-0.07795884786564283,-0.0314380356414642,0.12393585647199158,-0.15405276496559928,0.056779404120919245,-0.02138134194827518,-0.00914751557626558,-0.017633042019897762,0.07498567918890758,0.009402987024873185,0.012322149935027596,-0.01636215874213245,0.04115900130128777,0.058676231597193214,-0.01839031808747208,0.06180034399787116,0.03871075744210786,-0.010165066878957834,0.021109766194812016,0.021257818005485953,0.04809707495148371,4.82123780173738e-05,-0.019757504431628544,-0.040710833406291974,-0.03269696758779142,0.001092261395862228,-0.045127763869737596,0.00438559530121199,0.012396842986104037,0.03025387093241833,0.02706546141918908,0.05285228703080198,0.016813783377048634,-0.011734929177562067,-0.018323829983378663,-0.028948679394863595,-0.001308362595214099,0.05341425346552519,0.01923613816206428,-0.07933369572934647,-0.020817301161683333,-0.02617955228885253,0.1431539089475691,0.0305299940254103,0.02756184946469654,-0.014430891505084854,0.038547636763324684,-0.0606205776408343,-0.04088868334663353,-0.007313450940219127,0.05488223932605993,-0.03200114700673246,-0.05849771001892726,0.014322034512294924,-0.013955116714417546,0.04157569474518496,-0.00830017360737393,-0.03477268279852439,0.02499442377115017,0.014869059529936198,0.04555198143395066,0.04860453858528626,-0.03139951665969372,0.029936915667720065,-0.03394776359879491,-0.029817114151064684,0.013420606510343618,-0.03585128504495081,-0.009368526175177095,0.020524741117131422,0.030569715071848386,-0.023659789181773503,0.001956603042112571,0.06145459329996625,-0.007519856743053138,0.06530878812328993,-0.011548888077840495,-0.012429940632242606,-0.006737850259178262,0.04530798324417799,0.00677969544776392,0.042167402982588656,0.06120106103850304,-0.03325770046386511,0.0179195293013774,-0.015731420480377806,0.04421003461278019,0.010946256533391378,0.03460354420210367,0.07022475415343568,-0.02182706121580092,0.014350353082171448,-0.05590834126647998,0.03164508527225002,-0.00710823560617362,0.01849263077255719,0.011382579957469368,0.0015110963658905676,-0.010666670719178492,0.009932670181144106,0.009973025012766245,-0.01911696787501642,0.019696546870947927,0.011810723968429058
-0.5543015447375708,0.030291847266248596,0.13156586778221332,0.4094362111165168,-0.00013865369477024443,-0.235555160308619,0.17463438442694235,0.016160121901603344,-0.06545860885186773,0.08010251452767295,-0.10118775600896658,0.012653811176898018,0.25258115081956983,-0.008345483205731636,-0.13119986464334343,-0.358873519932127,0.058785627069002803,-0.016551033273101996,-0.056950254906154345,0.05418581872742952,0.06530290556470711,-0.04183376085471633,0.056510876634918966,0.11695756423001022,0.05096981259318542,0.08114262422408854,0.12935718249120332,-0.1117023870693464,0.04072206873549781,0.004170687954346105,0.0023003185702280948,-0.0456314495733832,0.057491216386415134,0.017350935173307776,-0.04919362527422097,-0.04484184488698642,0.03357404986779008,0.0581919897557361,0.03324545509826829,0.062204290117114,0.02973626239350572,0.006596557313335154,-0.03269039935812183,-0.05504025193736663,0.0621455712202242,-0.033878891054580466,-0.028400042733776536,-0.013070664107632609,-0.024228866027734473,0.008134850438407025,-0.0021055499817664264,-0.0024245263519217805,0.01438922522297681,0.0816320994080111,0.043075839834210934,0.06434452317305885,-0.013588233992756446,-0.05466015099083352,0.06599552347640773,0.011066356443221629,0.07683115178476614,-0.029699675052855787,0.028160782310024488,-0.03598909461467571,0.019073002660590553,-0.009921831460076806,0.022245035430611713,-0.015377790712580462,-0.047480242337204895,-0.002645938344690879,0.05112897239508591,-0.051104546135556775,-0.033168566685809704,-0.04713144480491785,-0.01736929250633897,-0.05466374270301477,-0.00624947860784563,0.015290968637620087,0.03800145125563404,-0.004273262572726706,0.010714173438206277,0.05587146920002111,-0.019878316243704404,0.011754156447722717,0.008428579482257984,0.09565336140567507,-0.0016210354836002933,0.04507343554839001,-0.008927321210603897,-0.018341442755823,-0.018985496230257748,-0.022884789425318554,0.003545205740438727,-0.015217614236524816,-0.011146889884942354,-0.023337260783120185,-0.0006143257635690945,0.06681413844020513,-0.007971631292621444,0.011103216585746173,-0.009227804866694897,0.0345977680258647,0.005983440237360893,0.05960334182800658,0.04672986702439798,0.027571787190685492,0.01910369973573426,0.020260568765307897,0.012097179097510511,-0.001219731344949249,0.03292443112803322,-0.0008925590542632186,0.027400600678908312,-0.009288396659828578,-0.0027029429684645345,0.0013973224391741893,-0.02276253574684804,-0.013423211801967072,-0.026828459973200915,-0.01865676884838424,0.05371133507111831,-0.018444175114798487,-0.012959591916860086,-0.02744450262351747,-0.006120676120821977,-0.017384706629189544,0.0156569809586352,0.006511663767774893
-0.42560162768295184,-0.14531269065067173,-0.05784615153943978,0.3998164118207735,0.044297708509458356,-0.48787426262410183,-0.0676929895923009,0.046884976598250964,-0.024882577744326537,0.13023382361428937,0.035953032335013346,-0.057403454823459765,0.1371242724897298,-0.052296842466204536,0.028297352698204232,-0.17592055701691486,-0.07988448836058963,-0.08411727476268104,0.011640581820877977,0.3150425672797857,0.049007460296088906,0.05567643509868123,-0.12330119811443266,0.06425940131090185,-0.05202757738784082,-0.07716769748207289,0.003921235270725381,0.06491586917665594,-0.040433172288917484,0.10059802052794643,0.021624882797080885,-0.11317280062640443,0.02532364428818118,0.0024683665178205434,0.07974691803068186,0.07739307389404852,0.04834418172294332,0.03307480740201385,-0.015412326316247338,-0.019113717678932832,0.0727304424219557,0.0052538912422347515,0.0011468522582578865,-0.0751593858013916,0.0021668202614844863,0.0077713230386026325,0.035144333469825165,-0.06358012992306614,0.02244423598221227,0.025882563595201073,-0.026472764896184862,-0.07545309338638365,0.0245915699806478,0.048672075291769666,0.008308393935837509,0.08754612272956994,-0.00379771961618863,0.01795301025333738,-0.09019357433408001,-0.03305619981894131,-0.03257936949222374,-0.014427837281826143,-0.032044197205922186,-0.050417054321202054,-0.04747866598981494,-0.00651076870086439,0.09414326094875054,-0.009261338807649079,-0.047883198608412246,-0.02156021660892915,0.031433444270574686,0.014727750742150691,0.012491438155440258,-0.0047557309104414094,0.02728198008840347,-0.018601750731149325,-0.02970587566841343,0.05314844592813663,0.024425941890449353,-0.016151694760313196,-0.012481096028596936,-0.002999102304009144,-0.038492333561151,0.059111938996082664,-0.056565313683332015,0.05056335298362843,0.004881869658083471,0.030650600506826487,0.024336945139323805,0.018484346437782285,-0.012321353315884513,0.0021835482646738124,0.013065822991552279,-0.027300211367813635,-0.013313838337213656,0.019122195569276194,0.0073801370483544395,0.05713869856783121,-0.022541263281178836,-0.008213617599411544,0.016538348851301083,0.011564989547558403,0.06703595780666273,0.02045230815612279,0.014182276481777436,-0.0226067240770461,0.0029962811425368746,0.03802936255732187,0.014610244735875796,-0.02465748832827457,-0.07098229322414774,0.04331607992241662,0.031046186764813296,-0.015258864252703947,0.03826430241865382,-0.025454768150754987,0.05090038297016236,0.06129952466378937,0.060379553231295895,-0.0015399347043042236,-0.029004473105820168,-0.004786097390936693,0.0028285606296929956,-0.023428531082363372,0.016739363769497768,-0.02811446758698715,-0.004172339915271112,-0.018091680408541214
-0.6751394078017031,-0.3934805086263833,-0.15390543581559585,0.14325024325934527,-0.04789894637420846,-0.2759985268650354,-0.0016697308838172931,0.10724838579087768,-0.052181312651863536,0.054481133406756074,-0.03889438302165196,0.09111432417551889,-0.07131573535066157,-0.04655549598441377,-0.08481389694508043,-0.07576568145026885,-0.0972887382523472,-0.14815081328753368,-0.005773289542179851,0.22218930456040306,0.07653148909096433,0.012209952516695355,0.017458771551741938,-0.014332807398173832,-0.05675981951912468,-0.09395874136657427,-0.038538477915418666,-0.0008770166032875451,-0.000788488384588721,-0.027113281419362874,-0.012046834108321833,-0.07065349236082145,0.0169807046708513,-0.012071057606662666,-0.017539397452284135,0.035804107646312644,6.160985597865162e-05,-0.022555075433319072,0.013162867755128186,-0.0010032606608271866,0.0538756471346108,0.059925757283523375,0.015474721036799016,-0.032758666895413714,0.016637498255036295,0.006094990950205683,0.0361997461174268,-0.0657838400741459,0.04945802092254045,0.06162524400825067,-0.03466421032512086,-0.013839816379396732,-0.012339141175523038,0.09560817960157522,-0.007586063689048917,-0.007956751794874518,0.0684434656887951,0.06204794574675966,-0.059799903278621856,-0.01880242163079295,0.012498743411443365,-0.02349513731579836,0.013328751270902162,-0.07872841383549888,0.003389605112116295,-0.015818146202948333,-0.025886226135760082,-0.0005423583864731313,-0.008650783823270104,-0.06645771662579125,-0.03078815908474583,0.024353532119021557,-0.011665720000341826,-0.04481878136856789,0.05509855073852002,0.011214316895952916,-0.0033257515260249103,-0.05670016578149468,0.015354665418885825,0.018699994591662925,-0.021409703747628794,-0.014142555480588483,0.02400284113276247,0.010547375563853406,-0.00587614202649963,0.00474131860829994,0.021977839524959377,-0.007408498414175669,0.050716867303371056,-0.00046001223085818927,-0.08875997522553769,0.0009064573111431083,0.0551782139521251,-0.021828414427940077,0.010351255984369782,-0.010419148991532462,-0.0028620080213801265,0.03972949169494281,0.010031616024704797,-0.014928035114060902,-0.004644015529786449,-0.004574544887601414,0.03649064378752796,-0.03060176513034583,-0.03857049980249096,0.015491955207694712,-0.007148105026859061,-0.013819316202483159,0.04016602453534728,-0.020223269828600187,-0.005444921218081664,-0.007834511610222193,0.01718358851201868,-0.043861532205708556,0.018691352225923382,-0.0078854159204363,0.004075442225459055,0.025111418886687248,0.022106218542383742,0.08854749738658312,0.013779341171672945,0.07773311128905736,-0.003609790490436855,-0.018944610393096934,-0.0029058565678011183,0.030396171577636195,0.004672606372778506,-0.00028359861209305054
0.2554164250863872,0.3809810913749005,-0.12659966548311558,-0.09079087635602068,0.05475478032721131,0.3811454520589606,0.4290494502415667,0.22559477133926176,-0.17144634251384452,-0.08830873732716513,0.03546014943146125,-0.16929605815200627,0.0003967344811169925,-0.058837985979335046,-0.14488664219425273,0.14491644014982857,0.07025178832343355,-0.07559788726684029,0.0017190611713361022,0.12222506227412241,-0.12265880337630669,-0.02559022015158649,0.03947503638197956,0.014412879218789596,-0.12640291915225005,-0.04527425078113189,-0.1048970829858171,-0.058634936485244274,0.07695922056178646,0.02173073371716414,-0.11575417414217644,-0.06869692784585256,0.06945289688361679,0.1661013373740999,-0.030095416197923025,-0.009199693046288806,-0.09016848881302458,-0.012180587126188188,0.026523414572449496,-0.016465107890942323,0.007680057400179437,-0.06669637179958482,0.007107385788735369,-0.056753446527661434,-0.033735692923127926,0.07196690744646526,0.09996769256982074,0.03611267483208302,0.04798204369556211,0.041651395441121175,0.01243369842365701,-0.10398017651375255,0.011220054102886427,-0.024224767666852717,-0.048884165662944554,0.03184864455678235,0.007165128865264901,0.014474007280468118,-0.0399048463694978,0.010762081330939272,0.01485061495754988,-0.014186145375541196,0.018569370296194227,-0.0387366649264453,-0.03912756541131982,0.0016869979008909376,-0.04312667502429765,-0.03197992396804733,-0.05624616309867148,0.054530652120451176,0.032783392259101665,0.04479712695303293,0.010099338567424957,-0.03852393219828494,-0.0004081354128315354,-0.0007164131576632309,-0.024883898589979053,-0.0058335054259049885,0.008478753609449222,-0.01046859633094729,0.07118846055728029,0.008013645246246764,0.009491405139964947,-0.02403458980843467,-0.029942598928463057,0.012950061691325888,0.02968366054431178,0.09280443308986296,-0.03581020855324347,0.015130675967405097,0.026809641347356934,-0.0561556475034603,0.05746010311183521,0.05029114818909632,-0.011050097698467914,0.03313888750117692,0.016969852304236255,0.013052309501685998,-0.025411643090404147,0.0019876187561281653,0.02993134853814606,-0.03608906016066071,0.015539331474064822,0.001517018882532332,-0.005945509270911585,-0.06152477988019503,0.08610720335609247,-0.016304199121330878,-0.02876472534826249,0.011380355923487342,-0.040928394044351224,0.0008264183927888894,0.02832339434623391,-0.0004455558621678854,0.015909088365320324,-0.03705112868194619,0.07688352734640128,-0.023479001549292246,0.020497246674099967,-0.007138955193721263,-0.05462017257863365,-0.010851253304042763,0.012672558422040311,-0.03452302039777486,0.02223541232837261,-0.021820024990609182,0.025341157771187946,0.011151846666350678
0.6834169837869708,-0.12027539554238516,-0.12523910937470495,-0.373849696883436,0.037174009546361124,0.13906055225418346,-0.10613692193302311,0.1523255246877899,-0.09583126968734008,0.18873472774272895,-0.0028520281738000615,0.20177471514887346,0.04522900552506821,-0.16020717683567892,0.07131718150538352,-0.08449234718921131,-0.007082434323772425,-0.08435426206394347,-0.13578212330344205,0.004762540066144916,-0.057813721914868214,-0.010124672277558101,-0.0274355747510058,0.05258937023814472,0.04540165829508966,-0.06575781863081111,-0.009694761854532158,0.01388564843152193,-0.039871204476563164,-0.0534332285529148,0.10231218956043246,-0.040002803314356995,-0.00982952405498664,-0.025225886203464828,-0.030962775255811807,-0.009368928514363363,0.007077800830704269,-0.02893495389541086,-0.06864047407881109,0.09876844282575711,0.06514060751425003,-0.0243797675617183,-0.05935668221089239,-0.015322987689948888,0.034018930469513764,-0.01719101626841952,0.02367310619880338,0.021394865250329756,-0.04003730323724488,0.019892568498190853,0.03151668546880718,-0.03159136627713721,0.029468988713648902,0.09511577965468086,-0.01580906865012862,0.020690490200157594,-0.032019136516874984,-0.07176295121335713,0.013832500381240044,-0.03738567796711947,-0.08900927764432706,-0.027562221070080807,0.017410020118898282,-0.0006383438403009791,0.012631529306739907,0.008880869813270584,0.012902190730510832,-0.0526956884417193,-0.02458779887570237,0.00912875761734026,0.046492897586082854,0.0553853175158711,0.04097059048259454,0.007518385014565632,0.03478559132034698,-0.08301486363991294,-0.025858239722540043,0.018468384308441315,-0.034517851023435873,0.03576960135911368,-0.01779600055883054,-0.04020504101224623,0.017647284705018727,0.044226311443570226,-0.05777418920700858,0.016056941656139783,-0.0009413126664245937,0.03944037581170834,-0.0855847413285745,-0.003179812847795614,-0.012221423359476163,-0.04147259480619422,-0.0255393047694008,0.037713039952556156,0.006615024308059499,0.022841902166870782,-0.0023332771729457527,0.029817634840896202,0.030284462269158586,0.018091360888496267,0.01603605709466088,0.02702569248666549,0.05219727274715496,-0.02485147240486166,0.019782227495763346,0.00767804746227442,0.006322165149861703,-0.001341423802381141,-0.016047445503540137,0.040119267306616496,-0.0176135252000751,1.1416430531874912e-05,0.017428473132701974,-0.04032813670408111,-0.03057705485685831,0.012002090556224877,-0.05974754105353696,-0.031624147999320035,0.010937760725719814,0.014513765185853875,-0.04091549262586827,0.039084812283152706,0.013456933093062508,0.03451993440017385,0.03648268854507327,0.015219981481178564,-0.016368964994583995,-0.0019055146419273065
0.5613014400689718,0.02753170060131381,0.043739085457342224,-0.39602277759164245,0.20272915706176542,0.0925185797822093,-0.13645121669832258,0.2516093709006441,-0.1807008912214813,0.22440290770342577,0.04229356844299034,0.14594294323302337,0.06598976671817965,-0.2065333174850048,0.08922498325373246,-0.03179096742537423,-0.011697410676958743,0.06122900795023358,-0.04206119246501296,0.006702335066970365,0.057381809903299066,-0.0751553266553655,0.024021883508123985,0.161899897237261,0.014114544226594755,-0.05495162519388851,-0.0882466164040353,0.053517661137967264,-0.02286237544920524,-0.10060456586642617,-0.036369953315272326,-0.07019458613034242,-0.09329466331264975,0.0025037740912379784,0.001789461472667305,0.03264360910665131,-0.004478003869967323,-0.011445713548832902,-0.0050729293455237055,-0.01073533631471568,0.11872142023460035,0.0020933503218921842,-0.0879998161045803,0.08055472786967005,0.02988902528192255,0.010094813895091145,-0.03245370288966261,0.041029524566092074,-0.11678646970301497,0.012982985037557786,-0.010729312889716859,0.0921696995635472,0.019376886476291884,0.09714768936532539,0.0359880438150725,0.03679399149159653,-0.007025651074594113,-0.06690236995254815,0.056624254068531804,0.0051009163652112315,-0.007854283343940815,0.02465211383712811,-0.007757307495136539,-0.018101749899649147,-0.008389947263863154,-0.028179455750152013,0.08988535597406817,-0.04366250210272773,-0.05801739788810277,0.08463399054087913,-0.04046383180257362,-0.01447245894551272,0.08520331328000104,0.010270268556058493,0.00561453929099011,0.003084163413287856,-0.005948181346379817,0.029592787479297146,-0.019446725407325262,-0.03670762435464348,0.026788780439525126,-0.03693178285803156,0.016585421934953572,0.03252165096681902,0.04349627158744796,0.030668231030725787,0.01704090496291657,0.001798296634547839,-0.016715718569179715,-0.04394866463389477,0.0034287387932278772,-0.012698963913842967,-0.027518443685231316,0.020372607296419095,0.029449938785507883,0.059436256278817795,0.01495323431114332,0.022516246280492376,0.017021819131761668,-0.029896101427561727,-0.009607978323423486,-0.0018805239224845534,-0.014593560686622159,0.002070610107180452,0.021983652311083544,-0.022639692483818735,-0.005071998302379952,0.00534783481741666,0.016512671323330126,0.018536918201688072,-0.018661526799624427,-0.0027434473267053897,0.06496828457076938,-0.01698489803207955,-0.045864275238426205,0.03971146661312134,-0.0484316557770742,-0.021969979789850803,0.006675551361740304,0.04613521002810179,-0.020612868989339034,0.04459749422731264,0.013700067262388795,-0.03794121311224312,0.02594926191174243,0.06166398397132794,-0.004796196591272675,0.000680178929953366
-0.28852414216719685,0.19044314628401787,-0.4594933583105167,-0.30078796448757567,0.1940988381059422,0.0878368241050513,0.06320586482456383,0.06914918328118569,-0.2012071734774276,0.07164748549122595,0.09309505020800893,-0.23815839985938209,0.04731409904847151,0.17361063830842827,-0.05829145538601176,0.06697956796537619,0.04915366648329089,-0.05194458682802668,-0.029290460615131568,-0.0362193640756546,0.007391156691069562,-0.1334617426100596,0.13009444927264321,0.17220819373554158,0.033137897583849094,-0.09238448891039584,0.1154438437874667,0.03076178022268173,0.18218290247647503,0.08225908639132788,0.09134817410572044,-0.012017351615031376,0.08522782116788709,0.020925408752740425,0.09173563671144337,-0.022626113079834066,-0.05685554847469108,-0.11449056604681379,-0.09505612766527742,-0.014303294659472778,0.011804922910034016,0.026493341746649465,-0.0469503376505596,-0.01664122137758252,0.04696954330101083,0.1174597090157122,0.06621262616327972,0.11319058388110702,-0.06737250875563064,-0.010019818157252775,-0.05294628441477255,0.01428327970407561,-0.015411603772343442,0.0042214632555835005,-0.004450570895130251,0.05597033348547866,0.1287872734663755,0.06766766004061324,-0.026144363108722278,0.0951636973827478,0.051782126518561324,-0.04677102295114963,0.041576361249353676,0.02014180268637841,0.021289361221752144,-0.0400301315462498,-0.002341380743345413,-0.012760520798116912,-0.04650036543221731,0.043611186030305706,-0.05394804114790338,-0.07913559798613132,0.06313795650850648,0.014768822263881617,-0.04495228183794856,-0.04951049061072847,0.07100581812082767,-0.05901824440334924,-0.010306057733881761,0.006748272864913202,-0.09105893695912214,-0.032872248766973776,-0.038670758078008294,-0.06027666150909471,0.02759013759696561,-0.026381364647412118,0.06272079310053404,0.018005035936077628,-0.04699100727498509,0.05646028859856989,-0.011937265374217687,-0.04113281538185608,0.02608678648509093,-0.003797149649006371,-0.001511484650919887,-0.002841539823496461,-0.059786901489940175,0.06532326383362147,-0.02452942907382992,0.041681505910134135,0.04414319584153624,0.028562501323539435,0.03490153491056595,0.05338645797470647,0.04352964056842592,0.010596697755931082,-0.03467713513417425,0.02625013036108486,0.01453501944390038,-0.009225912992781185,0.023217385191066687,-0.017264981161680713,0.03666656345806924,-0.00787900006255955,0.01896853052291356,0.06521746015707171,-0.0012767360354650132,-0.016889838402173694,0.05219415328915,-0.05865175657585074,-0.04275554647493652,-0.04758284074095728,0.013803535945081873,-0.01971376668112716,0.027942084572389322,-0.01384857613348759,0.005596562740220845,0.022555544448188403
0.5049693051483476,0.4264789909953371,0.1120210799448685,-0.26844379030091947,0.06288008441108502,-0.027642824136394822,0.3197011602309065,0.050116693798712586,-0.11742312376174359,0.30542794031822423,0.05536183526740659,-0.024157834436915406,-0.08468984782919853,-0.03005907979525679,-0.06438586207425159,0.026547166408962188,0.10507186157320793,0.08922712062725675,-0.10123433372894244,0.059125519329233364,0.021253221674943115,-0.08368461113441986,0.027980494600725866,0.10120197445552422,0.054690201329733235,-0.09135431653419869,-0.007157186330107219,-0.012362012727166676,0.15032078989149883,-0.025529710763780803,-0.06237217455869974,-0.07311423030123963,-0.025034901854844305,0.08359018901857843,0.06174064957771088,0.11265050011326806,0.04874272204907987,-0.03603811756157183,0.02028223937689738,-0.03185460732651684,0.0029471458957219102,-0.07350885586755398,0.02453414950963077,0.01540580369659026,-0.056263029861111716,0.015105293988535448,0.02555083343054013,-0.03723601864526677,-0.04341089996043438,0.05264741352437072,-0.01876982328416925,-0.014071338914320112,0.0025189084831336705,0.021286976609244154,0.03199647477576865,0.06141329364387246,-0.013643534841393088,0.11145008739208181,-0.001159974252631128,0.0762434917373883,0.010033176728334826,0.0016346929367851409,0.0580511175922125,-0.009111107933860505,-0.009624069748599353,-0.016253059523698356,-0.027407987702387546,0.02663431641401905,0.055546631800437424,0.07899286538162842,-0.025044393507088744,0.04802850418356711,0.05456499569747312,0.03519013156556436,-0.020142685934386638,0.02467591332772868,0.02895430082164725,0.03434529482529977,-0.009820374815487682,-0.005019683654825717,0.005364596940119904,-0.023187964456329355,0.06034403961123625,-0.03592925421535263,-0.015150441506986466,-0.059704351355751084,0.027272932366052178,0.031894410088004865,0.017356356496641863,-0.0010664030498105032,0.059961237959588395,0.025646408618355546,0.037469369627063306,0.06919700837494311,0.03453452328550513,-0.004157252406801702,0.01292460590091248,-0.04926477069719888,-0.04329387637833542,-0.018074995113825147,0.054421778542897675,0.009092043716706744,0.02658997952337023,-0.01301956816621694,0.013171390056860457,-0.03508734421012922,0.04189776863851654,-0.0009670506166726332,0.013192373227702168,-0.06283720078001657,0.01512681199450077,-0.052360395013254055,0.05804194483473854,0.009128085933439837,-0.0014361864604198605,-0.01551674902314226,0.05283286878470734,0.0226418102879469,0.03293105227305961,0.01858276127067105,-0.012358249543075817,0.042182701112103815,-0.00912226983348452,0.02745264490078719,0.03302433794423937,-0.013011214419406922,0.025714304416080268,-0.016893296097201794
0.00804541093735341,0.28794076864956675,-0.604165511555575,-0.14434496573831126,-0.10556982853894385,0.11089476630783698,0.1367962682818016,0.09372937003776291,-0.29355277354978443,0.027562107813846007,-0.02315323748369071,-0.1944047370353202,0.11506806922823622,0.003673493010464965,-0.14322231761019938,-0.06497835892976894,0.2581863481259556,0.0596599651015814,0.010030563637356677,-0.05639587302564771,0.05219739760152088,-0.07840478116501512,0.04417876725474056,0.15996711084362428,0.008919543193368889,-0.00830565913046822,0.0348628302874673,0.0072855522869646715,0.11246269096521976,0.0810591785466301,0.037737376474594304,0.03625481915357378,-0.09415229930759662,0.010875114538319667,-0.01065453931308277,0.11214952301175858,0.0020059085132222037,-0.041528243680733164,-0.041242220800828164,-0.03968320232180481,-0.08292537072949006,0.040558244025311975,-0.004643858471517227,-0.04787555346016324,0.039954634455257244,0.090142561614203,-0.007118147920700836,0.05776919847886707,-0.006134861436210714,-0.03410303114696276,0.004713818875185352,0.03942249134044985,-0.018348578883302193,-0.017565512813645916,0.006897968542809907,0.023460326845246116,0.08069264035568377,0.09292046041043382,0.05240415016468777,0.06138729273114126,-0.054410422271978544,-0.04253778366414854,-0.0322935273657508,0.040576362175177155,-0.059828020239622116,0.048613360541567154,0.030250785306633984,0.04607515165568201,0.030110364010910447,0.0023709655084817338,-0.0033922152734499893,0.03828845035380309,-0.002426268129756522,-0.0834813673422261,-0.012071566777004149,-0.030726712262103564,0.01926195898102731,-0.046204886011078194,0.01267599367425301,-0.0128433265276648,-0.058187745487200106,-0.01955793628816206,-0.010468539325771945,-0.03479194493712912,0.07833550225683945,0.027182746407868066,0.04358093261766274,0.02672043116048903,-0.023949039242358774,0.03857180403230059,-0.014343542160525366,0.0008855576307232517,0.01762970855248971,0.03075257672472429,0.035698079464969334,-0.06246275306509143,-0.09829089018877797,0.005993397603003631,-0.07286590203963816,0.013824834972471122,0.04719556469483771,0.0184621588448224,0.016175007862746886,0.042361274835674256,0.0722583807282596,-0.04883931059445759,0.02717374821722944,0.043734365227292675,-0.019503379409424364,-0.08045978430038422,0.030603832269704458,-0.04001276532584063,-0.0035474524022193294,0.008319593000520008,0.02528234896672676,0.01380755505263379,0.012736623455684846,0.013884508671228509,0.05999038940592006,-0.011720736103078316,-0.022517618150073773,0.011080400678710045,-0.0034428243225315797,-0.05139187387368367,0.0218549296070806,-0.04294929949683992,0.05152209752129751,-0.04065528323781568
-0.3898992774944085,-0.017042461896126133,-0.24720334777504044,0.2116404360912765,-0.25524799539385684,0.16265728143043634,0.2805313842489221,-0.0020012721890932186,-0.31896946813284854,-0.08012276925892502,0.026346606862160192,0.10663341203009463,0.023939702368072302,0.25582801749954726,-0.10618264598910983,0.1989160750819714,0.08845982177125862,-0.012841982807804016,-0.18318020935131207,-0.08817094201339457,-0.076329469855599,0.1562356585970742,0.16816839952967574,0.011914595693686263,-0.046627887090527426,-0.11066826211827074,-0.07245721806988481,0.019600276048132557,0.1369165371361953,0.05187688660375141,-0.03489216260642075,0.056582520093725046,0.18149746422436064,-0.05581384786665937,-0.04587135025639572,0.01990730094838994,-0.023226064390877703,-0.012870964420524522,-0.040099661324942325,0.02522082983880156,0.028582001291745814,-0.00848820234708754,-0.01176008543893958,-0.08514203185119762,-0.00463087221999599,-0.03451403496753933,-0.05904827174171131,0.06466726180532467,-0.1192003245300062,0.11748781333745609,0.03716010175884108,0.03128315509285365,0.06063131222560145,-0.04239480290268511,0.036784064672342714,-0.05544879131693922,-0.020662130063741513,0.04233343154833458,0.026122783221015074,0.020887938725924548,-0.030000266346984,0.057668383532623796,-0.03234323577017008,0.03359388402001181,0.016931642187855946,-0.03433217556982979,-0.05572817057543689,-0.05191554195799394,0.033113307758221536,0.04851725631276662,-0.017215727690960567,0.018166603877078136,0.06821850224849017,0.027208863011173864,-0.03047511163656274,0.055964423961475294,-0.0714607121984624,0.04712135265778859,-0.01457343887043958,0.05572455242053914,-0.08845758850092864,0.007810162615178909,0.022691993938323475,-0.02522984033189934,-0.029534343987127162,-0.011399520834737402,-0.018084792349795504,-0.013357802854805296,-0.006659875100434132,0.017019352877914996,-0.031849566392376724,0.07578505815783132,-0.02704350189472529,-0.011807049532264472,0.010271182909423325,0.004095122712303744,0.04023005828406402,-0.0029454387921847595,0.012473305790383825,-0.013149204661986755,0.0034550346499928396,-0.01674798756332196,-0.018018959196492632,-0.00032754155976090423,0.0125152088608482,-0.01204738005967969,0.024706708628871383,-0.013897013854192114,-0.04909410312401531,-0.0016284596388837288,0.004443407631611186,0.0410055882001371,-0.01281928006414133,-0.055989122359511895,-0.01827870239098431,-0.05182115978622359,-0.017621353453993197,0.03222040079524827,-0.010705599854581882,0.020842474486690424,0.029093991532372958,0.014231861357521327,0.026753521783674416,-0.028765332467710066,-0.02311045344158994,-0.04039757862889852,-0.0006511062580349347,0.03134940648374663
-0.7101827654328222,-0.15060895720046694,-0.03726727234560668,-0.1784320125678446,0.23819702069329102,-0.022331627799230327,0.19163289296298353,-0.06295409836646568,-0.2670287090829516,0.11359758059218816,-0.05677707430144909,0.03697460382671501,-0.15362854600118936,0.02228211033793798,0.08748755128067542,-0.001419419283828316,0.006277033111468754,0.07831130753175235,-0.07276963566810679,-0.023984457795675776,0.014390005858567945,0.05381756315136887,0.14627904387350385,0.014462286739861161,0.01973782359258615,-0.01411903027137981,-0.04793448523210862,0.061576008293204636,0.03263800103200135,0.042327078991360595,-0.10398689652671429,0.042484908305298365,0.017488583723934192,-0.015116327830412491,0.015478821267484823,-0.00911731475678536,0.0008633929859953873,0.025366980496842415,-0.07851361427309365,-0.03675378179972461,-0.09540171994953989,0.05453757680809093,-0.08007913125872089,-0.04157996470123519,0.0018660677962761513,-0.0946706999237163,-0.056957313344245454,-0.04405137828755174,0.021855791473226038,0.09404663618611792,0.054794246873984355,0.022366895159290013,-0.0011991399894615206,-0.015505308829823048,0.03733942234304416,0.03212695808059033,0.027686422006420387,-0.038951982166940985,-0.048514873970326555,0.053234888638137835,0.021228710733227157,0.09882339633559463,0.021417147230418137,-0.02412723293491279,0.02081967855563887,-0.03305898504616944,0.03564833051560921,0.019746850217358097,-0.005854737573306698,-0.014680108134552007,0.0023867196626137554,-0.013217650445255151,0.00561772182731079,0.059592569694608584,-0.08112560267036968,-0.020941088003492748,-0.06349108452804769,0.017238295866848656,-0.019673029812019394,-0.0008712239463578052,0.026253700727229275,0.0635401422336935,-0.06901071826289507,0.009436847780709913,-0.015939202706514485,-0.060721184578205405,0.03900108995965448,0.029946501681311515,-0.060390182372668515,-0.031515442559296586,-0.012099992628713483,0.05521612879997304,-0.07538832215377862,-0.08336043505300288,0.036922186048870174,0.015632686112012174,0.05653016262494128,-0.024657392053324758,0.004779458708650534,0.04758915966699037,-0.02551241276268342,-0.028321199585388354,0.016733000834372007,0.009623825736744175,-0.021494179522020512,0.01042598463346185,-0.007429239588436192,0.025033104280757727,0.0054103562130830085,-0.03917370882451741,0.017603251938084572,-0.009000874233074713,0.017020983848507483,0.02183708056685983,0.020637468895241724,-0.06112852120453077,-0.040822616923227105,0.009117696056643051,-0.024063504763669443,0.007083808703767785,0.048265368792941465,0.005141416968289104,-0.06233117123861033,-0.025011347960245928,0.007554517927179567,-0.009461914960602108,0.04546429907945769,0.01672264357067396
0.29039452196076926,-0.3248061633944481,-0.5073119875852341,-0.05768983477616542,-0.4259634600992995,0.17503578405365858,0.0908685771942673,-0.16139583833271912,0.12833195350850332,-0.1124333134905915,0.033455410085506725,0.12240115371966305,0.06393320337462916,-0.2629614710369876,0.0437554058243684,0.008569022620937549,0.040138492674835435,0.17864283909869197,0.0075639120419264145,-0.04932279382328867,-0.026315972113942723,0.03323651711260718,-0.04871777870492801,-0.031064387087323123,0.0779797183793199,0.008288103914014936,0.04277614001044883,-0.07183615895549612,0.07618747763897256,0.06045381786203356,-0.09830993948930862,-0.005070895399457467,-0.01275243293042007,-0.012560777254219403,-0.0001303291973160101,0.0001952949649580401,0.00523926827410381,-0.08507557424159914,-0.016967255315791515,-0.034736319787482726,0.0027473799429059116,-0.0752293102520322,0.018459866576701598,0.10133795198990549,0.013796301084430019,-0.07328355215046331,-0.012181428741259735,0.031419045647486495,-0.04139269632088696,-0.03967928936262185,0.028895824348408324,-0.024016686244909845,-0.043493861212703246,0.05217913588906058,0.07311929334843693,0.033512799853064205,-0.024859666553922303,-0.0067779615894024686,-0.017457060868483226,0.007320579247569025,-0.02070325862704227,0.02050051427727548,-0.020260996517416634,-0.012404751848040732,-0.006905948017345248,-0.04074994218564054,-0.03741740861652501,-0.003185259847187535,0.015183933909321542,-0.043806289895103726,0.04767392767412235,-0.007523399563119249,-0.06251382154286345,0.04139926582212408,-0.043918979692897625,-0.06853534253880683,-0.009149317924664363,0.027419582440908436,-0.029029179286892044,0.017229483640420037,0.010350910033797189,0.015898889211025686,0.004893044674116645,-0.014948748897828622,0.02908115111814515,0.04573428537533361,-0.0054155683841423385,-0.002401453795733958,0.026723014492668465,-0.05055411604030925,-0.017098810853739106,0.014650771219782786,-0.014194922396345774,0.01036237931531069,-0.03631269715873931,0.007160486086718443,-0.041029034438686746,-0.06077351224134389,0.02504693198357102,0.035750498050999946,-0.002068907119293142,0.0033823616151304895,0.0037602273047447716,-0.012310256787810666,0.004667334128518547,0.02651743901007914,-0.012898614327377676,0.008493589578806863,0.005437084942986131,0.009983726886003816,0.027729559441994275,0.06588889597644482,0.0023129383245793994,0.0594257641934018,0.008053871592785079,-0.02418626795372633,-0.01849236545369514,0.03293648815437913,-0.0310451526674672,-0.0003554135104015329,0.019912002039396415,0.005925652782000292,0.038287084537948574,-0.05097973407266443,-0.027069785963974757,0.010802217353890442,-0.04388619758538597,-0.02388882919073497
0.6001134873084601,0.014585172791503186,0.3441061012143488,-0.0927157362030184,0.17433593178810142,0.03525503041953409,0.29104284519343343,0.06939135645099455,-0.17908840648001048,-0.02401351615739154,-0.06117617729430977,0.07149473279452245,-0.19430323690618329,0.02968164958297209,-0.09991808864039076,-0.03854663825224542,-0.0027346337233281038,-0.17447607459513,-0.0017199625567908851,0.02866642129146312,-0.07996342810120897,0.023433716241482914,0.059049100234185935,0.02183297394455022,0.042550549355529786,0.10134436580719741,-0.13899955998811592,0.07514084146477093,0.11673522951169199,-0.030648728137640628,0.1791472135034196,-0.032184198814801585,0.04242840379810683,0.04188744220970528,0.00787071000741713,-0.04140763503500437,0.0587890973979706,-0.0726128235526713,0.06268594423510586,-0.026758919841743497,-0.022247372499771295,0.023265585373479895,0.09290104319723218,0.0393675740773037,-0.05966176892553579,0.06843834968372339,0.05224776498198,0.08270138808581051,0.03076896538203772,-0.04463092161886223,-0.0719547003732917,0.03186509134605057,0.02540367335307403,-0.03530533938367522,-0.028358161331897683,-0.06630839009191497,0.0163195865618448,-0.15475371157797913,-0.06684766016512002,-0.004394619062622181,-0.013263736850628203,0.05103503707808488,0.043632433607062406,-0.0577447564263533,-0.02286217721627367,0.028242407348907362,-0.020959197423364724,-0.02701139715706756,0.055118130630039036,-0.03608012803095366,-0.02728096622084437,-0.0027062760709897988,0.009600321549764727,0.023799292637477914,0.03271069863750441,-0.035338818000253805,0.0024468403034459893,-0.03652400236286064,-0.022269205048426836,0.028949723350402995,-0.06931430285875412,0.04959185774204945,-0.013472536379279736,-0.0005357196107923157,0.02940944915100517,0.028806023079439986,0.011833437785665141,-0.054980808625014845,0.0024928946684036135,-0.051614838465460756,-0.004411272971384863,-0.028529667051594862,0.045748520263681335,0.017426568083625537,-0.013072084886032554,-0.04015124398916098,-0.021447827938017045,-0.024572142659702735,0.001374057265093503,0.013411000869986553,0.017874822970248696,-0.0017103767170793837,-0.005429619120940467,0.09782607049949373,0.012369265605485829,0.014888830010564787,-0.07005985220338688,-0.022883675701448097,-0.003833580499965426,-0.05115903744068726,-0.03455127013182838,0.023995448716900153,-0.03371742460792223,0.048954047927752736,-0.010228627736785631,0.003659478258519644,-0.025912626950585136,-0.06537712597558104,0.01408640687360494,0.02516412088873864,-0.049943685497534175,0.01369915077305412,0.03373154591944441,0.01960620390456595,-0.005024083892851381,-0.012769558676762636,-0.04350062168618961,-0.044356433589541756
0.43527229267352024,0.4293478993055598,0.22426463044821898,0.02532228079586774,0.29899891609353235,0.1526039820358228,0.2786613986108324,-0.19086989202418841,-0.16736260011600534,0.14856834181889442,0.14549914705643563,0.038312166671834826,-0.054178995837465695,-0.10975151339086388,-0.0890520988422642,0.0030623269878686738,0.15389129731744114,-0.06382872016207505,0.12016852173660608,0.09345218800505384,0.012445943681048413,-0.041416670587213156,0.0038770074019063754,0.05056695339706728,0.02647420813186231,0.08659761173572962,0.039167161097251976,0.002739846885605085,0.12654427071089577,-0.021660046487444344,-0.014190990627706344,-0.10056173017978748,-0.024239157598241315,0.03870392177725727,-0.08273643754773044,0.02787663925872834,-0.13661818796700217,-0.009234968281335099,0.0990288752517007,0.06783440954238334,-0.008999968754256477,-0.012230184329137646,0.009253238131537299,0.04680658595701533,-0.02670266773497551,0.0017540756164143567,0.009864001307891907,-0.022311550789971657,0.017711338691901286,0.02439836014987621,0.009935844211529318,-0.019597194048023167,-0.06777581177552441,-0.0069680684138330815,-0.052587922580935996,-0.0027982778821464827,-0.032413633901315415,-0.09077005691653929,-0.02449440478043375,-0.005862024681162683,0.021704209592498726,-0.012373526597907192,0.05040624213015044,-0.06338796719599299,0.0006702221268184015,0.08194976725905155,-0.004451151884913034,-0.04387278697104774,0.06144700822472266,-0.0062149565682105565,-0.07573475160912527,-0.009013544577169227,-0.018106505983965102,0.026392161180994193,0.04624859695825329,-0.03411244720127792,-0.01367358971881312,-0.00845537496077784,-0.05195991507818212,0.01657948937001514,-0.03308223301069113,0.06309027130118419,0.030943275171579243,0.08072081123314974,0.0453707653129992,0.002795037203479566,0.014195056842325332,0.00852500817226703,0.0023022314706300194,0.07319374939132353,0.009103757427335064,0.03284681268350358,0.051073065764901227,-0.008952295935949244,-0.012670748364462534,0.027313339434796913,0.02259705555465321,-0.03873461891375977,-0.052803706279216746,0.01655761307223825,0.024439363692679905,-0.014381104028821265,6.505853463197677e-06,0.020545071775484678,-0.03859553424732114,0.02810374461792788,-0.05196648409479375,-0.03456063852493368,-0.04014335468389014,-0.0539216525876293,-0.027297713493512055,-0.007443355000871868,0.00042160248158146495,0.016907983590525352,-0.04144893915296596,0.04047098818076835,-0.002859434867407845,-0.054509689239296034,-0.008556192695569339,-0.020681285040899753,-0.005264334883231937,0.03607364592832793,0.06825086787700627,0.05650243684737932,-0.012823939872036899,0.023084452279211784,0.04490893098038786,-0.025878477891714765
-0.6570306386715828,-0.1408158036418003,-0.25764337926000846,0.22025828440854572,0.14434086944545532,-0.061499612678301195,0.046195159116225924,0.0031757304680438726,0.0793469882180135,0.06834354102932295,-0.02358559047640104,0.150176711789004,-0.10647106708622843,0.2311479252494383,0.11284009960171822,0.04538213301726806,0.07433794881504388,-0.0933956416722167,-0.19786133067760514,-0.0007818939545255191,-0.17300030227602736,0.10133574569155247,-0.03887661111443576,0.07756515118392893,-0.045146807744520547,-0.10935159158008473,-0.014845750547292336,0.06813176708609207,-0.01868535670539716,-0.04814045142514981,-0.027883497210088183,0.09373813462355242,-0.005658881934782075,-0.07665066325481917,-0.134465676820915,-0.03138643485897057,-0.01017044776039711,0.10880133467854168,0.02244189634255031,0.012557658390755577,-0.010879183953409142,0.02469037742528542,-0.06245787139773565,-0.08946096531431905,0.026593338313375747,-0.09128456929852212,0.02856460110396673,-0.09928774012796732,-0.004889158322745942,0.07440489609912669,-0.029328900793126843,-0.01816136225288202,-0.0032323004026783056,0.02848629821856311,-0.009031402946837104,0.007193425442720869,0.0023037834451900474,0.02581559284234301,-0.08529227941953643,-0.04875218827959511,-0.05168745754002113,-0.02323940193377237,0.05581042007457828,0.022366051804518786,-0.03818934920054189,0.04360352894171933,-0.02054272380379767,0.029700825365099052,-0.03937242964274094,-0.014765712808395448,-0.0077707790476164215,0.008123026910240848,0.0404547957201812,0.045412252558224606,-0.0415259981526951,-0.031876408750786726,0.0283922304618032,-0.0028175694778597446,-0.0046778428880302585,0.011256076821332991,0.036908574439297605,0.016594885481064168,0.08438968053795592,-0.007614476418484107,0.053255754430318075,0.01301845848703116,-0.007353793296100147,-0.043348412218526096,-0.03203979660268442,-0.056927061246426214,-0.03291505381356385,-0.02492664172642042,-0.05612487476962845,-0.002666207078563952,-0.024355084193281223,-0.015774453509054525,0.04093273873884436,0.03610698296515893,0.018061063638848577,-0.013772704871403838,0.010910243945721002,-0.005920239075339664,0.03521050374055096,0.02133812139367687,-0.00655467908409428,-0.03367819211184126,-0.03494626351350047,-0.03356995440413852,0.03358089858233736,-0.0560714946257864,-0.004827892263334324,0.06395628080814549,0.028585315079894126,0.011732832360583246,0.001888438299969709,-0.01999844175382503,-0.06154319548700064,-0.006668817203711621,0.01571686802443421,0.05075286844547473,0.023633233892480936,0.0021247905883762463,-0.0004104322295694278,-0.02988501579778842,-0.010166307725965535,0.00784717716982586,0.03549645924371813,-0.019104960817992497
-0.45727547984430655,0.0693645265682669,0.19700608979056203,-0.32184214480730367,-0.017202765558361345,0.06780249050124773,0.10314953059758039,-0.34592679140560756,-0.23585252625393271,0.13127721103647433,0.00492448552046189,-0.07145112685062385,-0.26358249935505235,0.23778145141521315,0.18907804835236575,0.0890535076106577,-0.057411101955190516,-0.0679871182203728,-0.04268305459203708,-0.05553777070384699,-0.02875474375662878,0.09728121083751652,-0.1411924440350802,-0.12271792888317376,-0.05977261972170735,-0.11012782122860727,0.03223576361358145,-0.06488517343027977,0.015549681471003655,0.002767998127635763,-0.11042556929697205,-0.005273563840384231,0.04466002552954531,-0.048711825471735214,0.0007673231991568918,-0.07485271061237814,0.05835658578706047,-0.030758084963054357,-0.07509937704289005,-0.04017777088265458,-0.05235561743382148,-0.05406090072226817,0.05288257600209485,-0.002859251388003385,0.10843073564728757,0.01825730746168878,-0.05444940726345937,0.10649150070360316,-0.022383388967679094,-0.03583760515927337,0.004717262034019481,-0.02321275976301835,0.03265123948938996,-0.022253568174607986,0.0042835818504218135,-0.030507982129597235,-0.04492396685007538,-0.08129570263698417,-0.0210230697812188,0.06457693040423884,-0.01726380355836411,0.05791982340300289,0.015284484779613828,-0.025399230596914884,0.013337717355051305,0.03977713886311735,-0.057035663679389184,-0.0529130841011281,-0.017215655608867918,-0.04546795679322166,-0.06228146502003007,0.004076184329687684,-0.0191927676061512,0.029321374375586646,-0.036000620539272644,-0.011335263234612054,-0.059390715343070284,0.03443142888998676,0.014192659641204208,0.03178957779734821,0.012589971165556808,0.05029375953552815,0.021753410155385157,0.038318278888504906,-0.02012862991266107,0.032620235684399,-0.0590212960717257,0.05751927511559196,0.015132342100421012,0.0014903316723866489,-0.005346860035415178,-0.020466487634845626,-0.025613706347062535,-0.07677093140706642,-0.01777952178532471,0.05433385719386754,0.09875466772695235,0.06831904709117079,-0.01853355456287051,0.04085208677694342,-0.06851149418448088,0.04989679337519996,0.059553918639481944,-0.02558110713643054,0.01255000732436833,-0.012701785416883772,-0.007239927574293353,0.03472334234502079,0.0098999872662684,0.03963544274958572,-0.029662644300239228,-0.007501163860521409,0.030472970485763654,-0.009115280087727697,-0.0015081935775935803,-0.03482131438789166,0.007876865361976185,0.027644803513976152,-0.032569307855955305,0.04459763569199152,0.023882787322501545,-0.03339446442369121,0.010861062031792573,-0.0461733763917324,-0.02113963063051397,-0.013683662249233978,0.012609821385972142,-0.03663656773739032
-0.8715532385896387,-0.13625710797610555,0.010226200975848787,0.08922721500677831,-0.15984719123796162,-0.1242068271500609,-0.08795271735964078,0.024236678038739762,-0.01305973649307612,-0.050537041481702176,0.04390406932872073,0.051495033648125736,-0.048964664199739216,-0.07064846796189259,-0.0828245915151996,-0.07774694302744325,0.01881302065562641,-0.05601744689351304,0.014869087662617955,0.026896992759317673,0.06564334945376836,0.04686030478365108,0.0328187524133362,-0.014350918068963209,-0.08298741317927527,0.020210905393827867,-0.014037504154175118,0.03240673446125428,0.0354365426421121,0.1270455161169248,0.06699064699368946,0.06792549955045686,0.06122834767814356,0.02175832089074414,-0.05911987994718889,0.07682325025527643,-0.07494026888119959,-0.03298780371119075,-0.057122078942876665,0.058553720581172086,0.055729930393073,0.03261406511556771,0.024639553552393754,0.0048476850536278955,-0.06461569241110685,0.06181993138722507,-0.024715564383415392,0.06183580204328906,0.0238309478960202,0.025189151253572392,-0.01094384921920119,-0.009427748681787185,-0.012391948215120688,0.022022809092717522,-0.009058656204920917,-0.02156024795678733,-0.023420267276014605,0.04275455710145171,0.061679362985762605,-0.007855606107169151,-0.010967345306264193,0.0012417529362543822,-0.018934278371971893,-0.0020669008488230674,0.00126885552401174,-9.540320238707172e-05,0.04751431239476615,-0.024680001751153768,-0.013532329944003064,0.0049805175342993195,-0.0062342050233141445,-0.017615587267949488,0.0045892026148064875,0.007093572188655079,-0.026913626490628863,-0.031158196414018985,-0.00812948941325622,0.016077592696849313,0.037892971417905236,-0.00010401475210833404,-0.00010145935958469895,0.0039691472685863954,0.012298374596003029,-0.045584203093955264,0.03842369035323437,0.000679165537313509,0.020514296877554208,-0.019555724127180887,-0.01783145502010618,0.01447230937361186,-0.014015438618370155,0.05010423320469366,-0.0055068342391666174,-0.00603965696703282,0.026512168840948567,-0.007899477674116818,0.02667874628981927,-0.02638919099910964,0.01843098668411273,0.018866735404313117,-0.026916471881910233,-5.0464383810054915e-05,0.00194326994763974,0.007249398206817015,0.03153726514853756,-0.018417812967351368,0.026982051996928536,-0.013125366798651193,-0.03136638005784376,0.023608317586556384,-0.021235617967852196,0.021059330192965065,0.005714676909593477,0.0750227074430165,-0.017829273806371525,0.027138496683725186,-0.01385635002591009,0.05126301334202655,0.03561049636700887,0.007220292068127775,-0.020188621424151454,0.015931828437646355,0.004648280520027547,-0.002683236938234304,-0.009834688758905388,-0.006924348693407418,0.007893666031819423,0.03432272014046109
-0.7082931724923602,0.1493221722343424,-0.09673299912558117,0.13989307157067238,-0.026163019340127616,0.1411442944307213,0.18387175583539567,0.09068318865734112,-0.019326441487213776,0.007502598941824007,0.1574572877860442,0.1341729915276868,0.013510353820803768,-0.02605050750703629,-0.09985959250196637,-0.1795551803639801,-0.20461684735548244,0.09609664806832968,0.0004998262323884898,0.0291104693020537,0.035858694278882865,0.14761018160944692,-0.02790274233543362,-0.002615498586471569,-0.030201778234543262,-0.10264234354253131,0.0296542106606732,0.07125825958457407,0.013640042911760094,0.05057376069707663,-0.012997168951712091,0.1544698700896154,0.05524859985159536,0.05662169363499433,0.12400715988511854,0.05228047157195704,0.030949615058381844,-0.015284892369266155,0.006359098316595731,0.0663272533223405,-0.012668290326202012,-0.010442585047987353,0.018717979730140045,-0.05350545728780322,-0.004342497897657537,-0.053677258374011626,-0.0036144315600314097,-0.041639413487714105,0.050031997274176496,0.054368521760797844,0.1374428403953739,-0.01563095569816235,0.061853537239038005,0.042612829667500754,-0.012562110164345152,-0.07764749332500814,0.012888717601469693,0.04050217015375994,0.1129920494623746,0.023482877352509764,0.016119116183990933,0.0048328926053188516,-0.04564763838384565,0.008059195644751008,0.022378821790929117,0.034085099288857716,0.08245576808594093,0.04920150283833164,0.024710152174821573,0.04976241860539242,0.04375174536511772,0.0025664097938943673,-0.04645216982314817,0.02154944021665879,-0.07947281955516734,0.05160656665290871,-0.0019668773134718432,-0.0061035829255972115,0.03461187415525549,0.019351015831899607,0.036075822469079956,-0.032337925123167285,0.007770518432324861,-0.08036116998221551,-0.02617574941323798,-0.019037020987050974,-0.01760243995749013,0.01026912704250546,0.0844006958151023,0.07359851592744544,-0.012956563186813952,-0.013331237332155252,-0.0037078062288318785,-0.023175664746536397,0.03195362712087232,-0.06829210403943321,-0.014660186759532708,-0.006661859883008782,-0.011176631926439114,-0.013048533081160179,-0.07224138104697468,-0.018628458964620745,-0.03007130306067595,0.06435350827292012,0.02164181946598741,-0.006539648783227848,-0.0019905664076262926,0.007504997814147555,-0.019042307537960705,-0.04297093396468592,0.020621733267316873,0.007589901395397127,-0.04495051166993958,0.010084277696899313,0.008171617177630845,0.022878268827667282,0.00826822130895549,-0.03913964350506924,0.05857896551954707,0.040435156213012406,-0.022614087414627074,0.02607015385016009,0.0036841459373443287,-0.020597358731928413,-0.0229894603790665,0.0035644995639152956,0.030040934741579376,-0.024999062307970537
-0.5051497759590661,0.09026450414788129,-0.26829790133026865,0.5095286338550723,-0.21559869504271925,0.2683189784715347,0.1006879763568592,0.12004666470113017,0.01955780972368084,-0.03485576931006968,0.11564116078844681,0.07396818452950678,-0.025405286521537635,0.006241516159999796,-0.10845899673490297,-0.09185752921501154,-0.14982561033874253,0.04787943866801013,-0.07542194604361369,-0.12897285361546604,0.006207282051662036,0.04123204127148764,-0.02227781790239885,0.03939691978092112,-0.07940519756004275,-0.03403426211436277,0.02844001338414666,-0.01170913296476195,0.0804904279857259,0.027674975772475317,-0.00727797090447244,0.14919446000393388,0.043387741082835066,0.05179012966869412,0.05991480667528708,0.006579845356136269,-0.05737285005883938,0.0553732283681967,-0.009194033066979787,0.14367137588260348,0.0943821471771435,-0.04332935805220828,0.032385527647086784,-0.03650633466609551,0.020681361551249163,0.028266459535134174,-0.021280155869600942,-0.0015842176108343748,0.07222423152671793,-0.03325891288718287,0.04460872905700063,0.028878522325916794,-0.010448808753603496,0.04603555376317519,0.009739783599529024,-0.1270523797794982,0.043148304898971236,0.07143346606010792,0.020973191437123957,0.01098667831333212,0.0027344812714042988,-0.029786159308972843,-0.007132971810174374,-0.011067019382686233,0.01224724380600744,0.02776994329868209,-0.04730586588689529,0.00711471802219341,0.06347133435717973,0.04348814632475801,0.02122060484970611,0.015045789016648659,-0.05155134529601819,-0.028932804849908483,-0.0058631808401583335,0.0027229311809929364,-0.01804109699751798,-0.04596027245834473,-0.046613952874597575,-0.012480527939070176,-0.036855402236501945,0.0055554233110991155,-0.021922165417587295,-0.014464937642784727,-0.012046583599522749,0.025283633019874994,0.019079182866403577,-0.0020819821237254127,0.026678620610830865,0.011220409543909756,0.016925354240912606,0.02343191175783128,0.007136429415795178,0.00730652203737859,0.01759912559637587,-0.06381354374463098,-0.0021295468604920495,-0.0329934622813557,0.0317317735402181,-0.006160113243932347,-0.03672057123264769,0.024502587920452044,-0.029529268015294582,-0.0036789137445859417,0.012167381975598189,-0.01187337043152924,0.027160089352806612,-0.027633028731735686,-0.02638302061864384,-0.003553659549799564,-0.024239263449677664,0.006466603725052383,-0.0568338884835642,-0.0017957327023301922,-0.023366697410432933,0.005323965754238616,0.025480118120564374,-0.03710543671567405,0.035449372734820586,-0.0021234195111159487,-0.022021053704425666,0.0024824369901742444,0.014032495732216887,-0.029892002739769972,0.03428430693570006,0.006200776319040862,0.008719127009725524,0.00015249272204489748
-0.6260008208964287,0.13305803424467444,-0.03729649541129967,-0.0018853833912295893,-0.39650047070855304,-0.12696208170035397,-0.04643935636876239,-0.11119498767780671,0.001086731779644068,0.1902950304013524,0.006851075908292901,0.016753643042962466,-0.14868442573088733,0.2722647813956805,0.1507254522924545,0.002559725225964982,-0.20537089894877641,-0.008584776652006645,0.024484364794077687,0.06952380828061121,-0.12246419951910222,-0.039807169805788384,0.036688535691853166,-0.06433955009539487,0.03918049001329432,-0.036310276256431795,-0.11484987699172068,0.09477934220229672,0.015091289056445682,-0.027656029107909517,0.0976908669663647,0.05165001297433104,0.016667226131967635,0.03770063430027569,0.0258018793656907,0.03813119821545975,0.02002329642409952,-0.09058925735424334,-0.03313735603069662,0.015884527300348842,-0.055642700700735556,0.03079959984673398,-0.041911185225221505,0.04359009214116709,-0.02204105027949611,-0.013959348484031851,0.029975102744782166,-0.03216822039774628,0.055108684435853844,0.006274849683876212,0.042161415187945646,-0.015369015342897717,0.017064955417287603,-0.006397724346197694,-0.10128110796477495,-0.004612481620991961,0.03353526929834138,0.11252021565438393,0.019319215885552604,0.010179542257309356,-0.053790576276886874,0.023420981084467038,-0.004144254465283523,-0.03969678560509294,0.05477754439037788,-0.019853135237689893,0.015973935165397895,-0.021517332999467835,-0.018095368214447745,0.025525765749921894,0.0008262138224888949,0.010503603313905485,-0.005389062437751137,0.03795294397772337,-0.025935922845664244,-0.0015491804959747418,0.07218988591256904,-0.01936410222471209,-0.005460088660348184,-0.029389698943549723,-0.031879050796413726,-0.10308274539494441,0.03274101985025329,-0.032957886689300955,-0.001281376335884681,0.08149174600527485,-0.04048493148983523,0.01255753318179227,-0.06981884846102222,-0.03377605239077087,-0.06161524645711725,0.0409072110135903,0.020398564646696298,-0.01863155167205077,-0.011964297397504046,0.01726625567666653,-0.002352277830805886,-0.025386293285805914,0.05134285819580227,-0.012550554515488779,-0.011196696248324162,-0.035212959568393605,-0.04095343149094433,0.007078971180894132,0.04182878280146832,0.05383935842811204,-0.020250290999333512,0.012474231528700258,0.009141812286383345,-0.030736685626475184,0.04768691486884949,0.02609494661242018,0.007036492993584411,-0.004541582635715998,0.024183272830270768,-0.02684829962477733,-0.0274286385474615,-0.009709189302008068,-0.028365630050135295,-0.010985027773389151,0.010707710469861971,0.009121285087032586,-0.057026137816098,-0.0031760879901173585,0.08233472941909198,0.007162659385572375,-0.01701797359011298,-0.019463412107956827
-0.490701865931319,0.2872915576327276,-0.13214588551143655,-0.02059736598311873,0.30132067276982494,-0.11826494162039282,0.17946229386054677,-0.11470907431225366,0.19838085626475452,0.05945894832245022,0.09638982711240901,0.2704079422583459,0.06492392738303482,0.008575533981876209,0.1509975050155159,-0.06075756100787736,0.048472571262496524,0.04120489460723113,0.0219809344299747,-0.09109406469165654,-0.07467931357913238,-0.10978730721710166,0.09264923269218023,-0.1438349803764473,-0.0011806532155714065,-0.039201194330562864,-0.04837835587375588,0.09538071189782667,-0.032525594829990706,-0.03683144848136667,0.023405145694047422,0.05970709783763007,0.005781169584506694,0.1151648774675624,0.2592102168782313,-0.025060673308858864,-0.0029289083343032904,-0.013384484447436755,0.08444424713505477,0.026233130972794335,-0.06768047278519035,-0.01622962115539052,0.044183288985688206,-0.006798022411978879,0.11251623629396341,0.020722285913659638,0.06678690587960194,-0.053317468173859524,0.08518120795555514,-0.014215787045601872,0.07908376395894456,-0.009613931160024626,-0.03392286008508316,0.10539134253009667,0.012792991578929415,-0.07631348225877384,0.0016703335483900259,0.04654337265580602,0.03017488010338246,0.04796562160319053,-0.08959573037310191,0.024692210011734536,-0.027454518192377972,0.07168355182161089,0.0627422168593405,0.0108418869396534,0.0577177717495677,0.09260311332324549,0.018748468341508444,0.04791508415006182,0.06320554775207708,-0.021918332420664724,0.0895717599294707,0.0817107452233671,-0.018605973807289757,0.0020586177925499397,0.044970168464534936,0.0011524839031726312,-0.04174597078216972,-0.05934209149811831,-0.01973319558058483,-0.035321494672786696,-0.044828186086394106,0.018192306101169408,-0.035977852523638144,-0.0727394801592052,-0.03381672529084597,0.009988776163896028,-0.08358827585201614,0.02979475465438599,0.023693209281095664,0.0370783790264378,0.012018791535658348,0.00022319416598450944,0.006517873441867654,0.013602181567405908,-0.04355535942087505,0.02490774890632959,0.01706569054098382,0.07054912221741962,-0.030611189408211132,-0.018561910524493505,-0.019351678125145065,0.012403923715284574,-0.049191861721274335,-0.021374956038637462,0.007647555332413817,0.012086685936381401,0.005603673381049519,-0.03127695124821621,0.005807559159538267,0.02542378076328479,0.013305259679369082,0.028777934937258314,0.085366949511466,0.027376372717680765,-0.0071092484434554385,0.04059872936590667,0.06696750802191316,-0.034322447793567364,0.0009768616612411463,0.03089762861106159,0.008378152496141105,0.06221376811069336,0.02552281865248992,-0.022399818399767464,-0.013300728347031538,-0.024544787683449566
-0.15855217949808353,0.20451609363866405,-0.21200488526058356,0.03243029934472846,0.07224343660621739,-0.21730175882362682,0.12658823280449835,-0.366577102836296,0.2670694565739979,0.057663412160965107,0.21802304200791292,0.17850511796302226,0.044526213871728115,-0.10446107580977389,-0.013015103339097172,0.03671461811682764,-0.24755479575643424,-0.15534038061943448,0.048893879067889966,-0.16166862056428172,-0.043903712892466994,-0.06535444545285296,0.06937174321752054,0.07283065620815816,-0.07945854491285234,-0.06268649788954332,-0.17597205532346435,0.01763668979348389,-0.11709191905653976,-0.1907380467902857,0.07866424726754279,-0.00937605398954167,0.07314617898700158,0.11768983263554958,-0.11396694033363236,0.12860197462762724,-0.021793814072739146,0.0019748624238331283,-0.1730220765479094,0.15305365701103393,-0.034664792484428254,-0.022062560762863115,-0.04165653203131572,-0.03346513181061954,0.11616440886868867,-0.029590925091479387,0.01859371189327746,0.013481899465981878,0.06655780209463265,-0.10800354291884477,0.024522236451299122,-0.04342597718029114,-0.01984626803411958,-0.012614968302419562,-0.020328162312100734,-0.1337599057242026,0.019320798089092057,-0.008165305247244166,0.07830259113886742,-0.006425887660367037,-0.0054716619918513815,0.10347852358154241,0.013816054706934337,-0.015130596542619678,0.08922947414932104,0.021900801505171614,0.026458275335512378,0.04809937970773657,0.04230460157818659,-0.12389928038553306,0.040861418564219855,0.03120949152972756,-0.05864704315059569,-0.02561088367644835,-0.020699195284665104,0.03570400501802767,-0.07727059247692186,0.013719100152193017,-0.04881859881066514,-0.014168003558926459,-0.06564745617946341,0.014938845901470684,0.051626240135520376,0.0553988272664104,-0.014669502075907732,0.01113707443159655,-0.052525539289409326,0.01856399438197344,0.055679406907881694,0.026896124361636672,-0.046990602552085536,-0.009834160017806685,0.02622623674882537,-0.008089054359497895,-0.03397203826094695,-0.07256062587610611,0.017112586150690647,-0.08590620147386488,0.0458075368628714,0.021608900536137305,0.02682571983749339,9.937291267648755e-05,-0.017266719662690496,0.00856681026939915,-0.026170391396720418,0.04417918002392784,0.04100172613467732,-0.02000839891616139,0.007099950764574319,0.06763663335751532,0.06691268691812653,0.03842489233466796,-0.00249491067060029,0.057483382411183934,-0.012843864316464868,0.012683280035002832,-0.029082106578824516,-0.005881817931845954,-0.02430775639229301,-0.016233896598194252,0.006451268619947643,0.005930416859235511,-0.02669610358623254,0.0005117347747433398,-0.019098542495964797,0.05201997273697443,-0.019425873819962653,-0.036618220319876035
-0.5816713139805649,0.23164571696429528,-0.027320696494837253,-0.09646637964830787,-0.009747883976008563,0.030747279347737393,0.08008978957478059,-0.1890761146783811,0.2933218336780125,0.02264579964111974,0.05130436454547958,0.2729422907214731,-0.16437134783517995,0.11346687796182692,0.18522248434280167,0.001391083046324529,-0.029473346353226213,0.0132550979243794,0.05924959481001882,-0.22030683626782643,0.033778116905415295,-0.100210224036722,0.015456496451897384,-0.12085541073620791,0.0011904432811372522,-0.07422134590681838,-0.014682333897350854,-0.03511245840089063,-0.14215932320507862,-0.044452613729566486,0.038396789806291826,0.13265048978361668,-0.0229370566236481,0.09611432806085547,0.09514142567612822,0.030112388558070823,0.03577572516887914,0.0025494027812347727,0.07707407179650451,0.03145889593438609,-0.11886382573816344,-0.005550039777541777,0.06660356856604409,0.02861686874343178,0.07587107062511007,0.004860306328464314,-0.010211721772725682,-0.025252707348659708,-0.06468729385221583,-0.00843492911559146,0.05303540320990832,-0.017611810970349702,-0.04770221731379429,0.011714554910732845,0.01408911308792192,-0.03658041295735866,0.08464731365446303,0.013085567915057286,0.03676904204445881,0.06463989343237038,-0.07583435955054332,-0.0014499058593243934,-0.013090343312106668,0.05346017958733537,0.006984804983686766,-0.013021442166699242,0.02148570301936005,0.042927474539544964,0.04586996384985767,-0.0079894902223936,0.04344630974906086,-0.06904949754014562,-0.0055125706725545265,0.08050453252275022,-0.05883633027094596,0.009472917774454309,0.039647435235759344,-0.02812154807917832,0.01069156796880302,-0.035230493145453755,0.037157196603653596,-0.04457165596968752,-0.06229425097925691,0.02301688285370497,-0.01050526238627188,-0.021439815596799146,0.001636428344394664,-0.019573374678387767,-0.0580105567877658,0.005599623962932359,0.0010331140687152903,-0.030620874194241823,0.0481730783959426,-0.07293564420418847,-0.05701124395805696,0.013057724476694836,-0.06357728238245233,0.00764190988755251,0.003202376900971383,0.12056541763867969,-0.053461164567416876,-0.008562263786179337,0.02160024079834107,0.05215801174415756,-0.034143912443881985,-0.008925864348492397,-0.0036941376899777686,0.027075011359770293,-0.00682499919284784,0.008639652941005405,0.011859443451340906,-0.018178090037117855,0.0696554479171832,0.05719714443885559,0.04474371206260175,0.006465913979952331,0.03829008668650213,-0.03259197568512787,0.03144018459618781,-0.021224690498940983,0.008192613994411548,-0.026282965173420474,0.0044679052886041765,0.09079051375769039,0.03496181823973577,0.027226779866317375,-0.018696188654742235,-0.024492707660815564
-0.6633284972440079,-0.10472371842604164,0.015366103857935595,-0.2516114597992837,0.0948055448333612,0.01621096255495617,0.15838563013338394,0.08456079297137208,-0.14225025238892244,0.21486429992850756,0.03154912128456595,0.1543660266098857,-0.07041760214120296,0.01511128504187783,0.2521589261527674,0.03471822680475229,-0.10422006594427972,0.16358476251385856,-0.03554028520679076,0.06000913817729936,-0.03404151503753633,-0.037528467977936734,0.043897102926003476,0.020384932696996785,0.004702046086126604,-0.11870541397320765,0.040527705208154415,0.0066091364077587,0.052918868289954055,-0.10204529343620643,-0.04481632120458883,0.003175845396250279,0.11926150922678783,0.03530003729469785,0.1672811380806429,-0.07965904510985321,-0.01625287744350538,-0.09530742897337448,0.021128926091704064,-0.13142477733551955,-0.10273664645312622,0.008617523438259543,0.04722438753382375,-0.0518479162774334,0.013869544553679114,-0.12658559528426486,0.022669737151047076,-0.023352855960432368,0.0783728249073244,-0.03286403625343863,0.0854235299089589,0.056551097542382155,-0.011770284236580504,-0.07104822410089816,-0.05963602256758189,-0.008809505716059486,0.06251822272363315,-0.011287639191904463,0.04548139341129875,-0.013626059862536092,-0.040330351356200896,-0.02275975288573702,-0.018480268353120374,0.0491100036894128,0.030310927050657556,0.02183775333460605,-0.008061242978679986,0.045145441620434525,0.042931676349410246,0.050113389922114844,0.03234135520503195,-0.05523465102416875,0.020865487220297643,0.032096816439694545,-0.04699026477296591,0.05797500561597283,0.015052397745679694,0.040146456795793733,-0.0420677885831133,0.02936658787469182,0.02793042985526081,-0.010652219259058527,-0.031505747137934755,0.008758253300604474,-0.033437686110156066,-0.03501421161828042,0.0007822135400561338,-0.020521338552499605,0.040809880407281236,0.03891849824109802,-0.04142000640468572,0.015356998565563813,-0.018709580167590754,-0.02070666018330418,0.008958086435549037,-0.006884213727171407,-0.006246305232423308,0.028946682731632613,0.031144226402250456,0.010558658285986483,-0.05506308802629655,-0.037845697405725985,-0.020300936107611925,0.004680288501984682,0.0018480610003101363,0.02481101841895839,0.004505685271234375,0.010405233536032543,0.015778612084394766,-0.008969984784303197,-0.01458756377662972,-0.02062085136387333,0.05170558065269877,0.00029116696916842947,-0.006403991317358304,-0.01828905119600739,-0.05605534352370372,-0.05756726304170688,0.01059463788067434,-0.04462787192098507,-0.007146346771653767,0.017394372477672067,-0.014510755620790565,-0.003898288288389987,0.027710595464402247,-0.0009556289524693768,-0.0316569106121295,0.014145580953521357
-0.7141086651577275,0.032104435795516396,0.15103493329476653,-0.10831124486776103,0.060740562279876724,-0.0332070723862216,0.06932495824124627,0.019062980036497628,0.11476012880370401,0.1073237195546077,0.1692084296452555,0.1160182068524757,-0.08822516517130709,0.018264617334659342,0.19061406806716433,0.1507413340116244,-0.15094123771043813,0.13878036778046443,0.026253119912376242,0.035053988590229165,0.0004570836957197657,0.08508369604727498,0.018509125630263776,0.07142265197476175,-0.07332480544427535,-0.16189142745326432,0.05807841912109633,0.013566517376820424,0.03455443400507181,0.14058941187428126,-0.019652674030142744,0.02010930137477531,0.08258238163498999,0.08399591573060233,0.05240084239799688,-0.041403214611142054,-0.0018455699244715675,-0.07710973495002196,0.013024480240438107,-0.014469922404431835,-0.08233863498585275,-0.09880714922493036,-0.011855965841960027,-0.07945782871770193,-0.06920132688638678,-0.1139731587563659,0.028403733669393767,0.005395203034557068,0.056750754032863455,0.03350507350048013,0.09031993278699313,0.07466691710652323,0.06745872589440055,-0.020920099959182797,-0.09887030887700153,-0.0014163003591773817,0.021381867211072096,0.06034064326691928,0.09074990559014748,0.017789251345066082,-0.03995963309409726,-0.011725234611563459,-0.021222571796304095,0.041557508959946476,-0.005851704690153835,0.11079884204432466,0.020804609289033778,0.01614312738969402,-0.03429648327348546,0.04087262707503805,0.0076733226969018945,-0.00496533879234568,-0.047129579678512244,0.07010827917121254,0.004456745460482129,0.06334803666090971,0.05952691023163355,-0.0038991329257414492,-0.03260418595888859,0.011871937052378486,-0.01871100569724498,0.02084904700005807,-0.01375344128196372,-0.041935264171796154,0.045422424144052606,-0.016546345874906027,0.005228542168704041,-0.0705000673257283,0.034230517296473376,0.050449203540342206,0.014671244698837063,-0.025649791773457952,-0.00010430811202948326,-0.021195822477483164,0.025838493268123156,-0.023884908415473513,0.0071051462949700646,0.04644276773073308,-0.04338324360303775,-0.013629037368832702,-0.05450250959427894,-0.06665571842475028,-0.020620091280445955,0.07168018896709841,0.008436939191823258,0.0023709802376637823,0.027482969010285685,0.037790279682009244,-0.0014990223071343416,-0.021622738730342813,-0.002392535737256111,0.05178029045258415,0.0473695761941248,0.03942899624879369,-0.013562480646332448,0.06284546368454311,0.023650614721044017,-0.01662574216820284,-0.008918548002301093,0.026569841728307102,0.0004571272465402101,0.009138380678191794,-0.013361263364770854,-0.020162354963995828,0.006532962035208188,0.00867755791884182,-0.007656985080616261,-0.008131596124841479
-0.5785373643032206,0.13662942059667277,-0.03517569113172499,0.30359154892428913,-0.08343180190643841,-0.062213480237029606,0.19877394100287,-0.00630199825582221,0.22595988707753367,0.008231094585767689,0.10211800150693678,0.14460568566737367,0.14272008639107725,-0.04480684903775782,0.09998339918432951,0.04699030593410663,-0.2404579366480791,-0.04240050660243924,0.02386247405298841,-0.1576888197318091,0.06903647461894423,-0.0932394968626717,0.06671182947338386,0.10996863236378668,-0.07550995305364165,-0.1551763146771611,-0.023963603465373073,0.020827824534697312,-0.08163992787429063,0.0465767922006275,0.0511593541279429,0.02166747190241157,-0.058243634833651664,0.08721328958767036,0.09037213538243166,0.04395788097199497,-0.03418974396143668,-0.05161027973462501,0.011503927373069144,0.18949128130667311,-0.0019117732773176388,0.032619416679918065,-0.05655213050752894,0.015013552151044267,0.09074642236483184,0.022993158240036567,-0.019243078423528404,-0.07459259246081255,0.035249377476904535,-0.04019803357956777,0.0545672017168546,0.010939475822780249,-0.036549055629957625,0.05866454259718967,0.010439503752868132,-0.10150563359333592,-0.0005888625652102902,0.14347965945782792,0.01345917122089446,0.06255766108480887,-0.05742324231604587,0.07361993187992731,-0.032508559278694726,0.0025047902783106057,0.09517695618710588,0.019240806017754408,0.07472893034007867,0.01756831899888464,0.013035352301125513,-0.03899875801726851,0.07883083834081092,-0.009766493520878093,-0.01109430714867015,-0.0036279136979233844,-0.05560796524275032,0.0785968684392749,-0.08092610945626687,-0.03991072658816405,-0.007463834910992218,-0.07163451474872626,0.02804231989319786,-0.018350936794010023,0.013814119018516782,0.05322652297446595,-0.004671843049874764,-0.03408950499067371,-0.009216513970976746,0.008276787279361139,-0.004235161544185055,0.010515971680075058,-0.009006539055819305,0.03486298047946716,0.034451679258273395,-0.04866886074688024,-0.0025516249372255465,0.011507045666719874,-0.013036099031181324,-0.01028553353865909,0.057592175016216954,0.009489206626397515,-0.07722836481537035,0.004074370848503597,-0.017696390073118975,0.018168374940303274,0.010444202166765918,0.015086942945389113,-0.01325993822508403,0.020171045681001486,0.018641291193812234,0.031122948015135248,-0.010504630287346531,-0.011862618322155197,0.053844783541165786,0.029057863818047203,-0.02664287877491557,0.03110583778151666,0.029277783334586725,0.017036154789850936,0.05625007034319138,0.010505170883680495,0.001957467806499295,-0.009452901423708209,0.004959274895382882,0.06525435741840574,0.034238919632783214,0.05955850952903086,0.009572511842422499,-0.06144819357772439
-0.5368378265495322,0.3432553600953659,-0.09249805075065914,0.1293391112607261,0.10730068112501184,0.3987859339019138,0.033283480139557516,0.12005674125209385,-0.0494260569940783,0.03049171829741327,-0.10856470051918098,0.026313604214491273,0.025057922629047286,0.0419822632859054,-0.07308541544268853,-0.21079248193321762,-0.17553806348569193,-0.16472285126749828,0.13383787327630586,-0.06277877634067881,0.05761977288044178,0.03409574616722414,-0.012930900893772098,-0.027202294126358405,0.07322494839224823,0.1109747688571325,0.05474040189102297,-0.0416869575362239,0.04758833119334057,0.055558948770510846,0.06871520733876174,0.08425657970433269,0.05251518027224259,0.10998736040727687,0.14462264645166514,0.02635128321887437,0.04450245533143301,0.038345725966584907,-0.048426759419085204,0.04314417538929012,0.0003317421314495141,0.019905682052339772,-0.0011200425399708858,0.07442867809552557,0.004080401921130719,0.07940989224342665,0.00881379309590423,-0.09307816945252757,-0.0281158652373196,0.061472586276109395,-0.07946066058159637,-0.059360579178136676,0.0592907800945408,-0.006444422545783621,-0.004498103247302803,-0.04082771982645635,-0.007568442032485275,0.033265958461340776,-0.03178436092824229,-0.09234522058604185,-0.003340101001556094,-0.008835615414729693,-0.0042383444086058495,0.009847394854675746,0.09963856071046939,-0.05251692482513994,0.09213766552820424,0.050726665610157526,0.07193589600902361,-0.019628079493848014,0.047644160632425256,0.06938052620942488,0.05912020726486659,0.04584614347659931,0.000520017183547676,0.014905947675375763,0.04703035319315623,0.06670024665621536,-0.05237679966299515,0.0027025231900187283,-0.03229905202035536,-0.04847741378596428,0.003420950213458074,-0.015084076676899824,-0.043315443238144825,0.07179663670750573,-0.026803557855310817,0.009002996172532987,-0.026426891375775544,-0.029456501005542358,0.01800602767595128,-0.03562193349150691,0.008845897004283055,-3.779167321052485e-05,-0.0035859061458270486,-0.010321618829757143,-0.03255051966552265,-0.040924803406733226,0.018305043752833924,-0.029370969784171277,-0.012790470368471682,-0.029455641224605242,-0.022873158549118946,-0.01909083868924355,-0.005398386893736849,-0.0469741212934516,0.01305118744049241,0.03266620283158411,0.007750553184025869,0.019875815150985,-0.02760920836590912,0.10037496353330656,0.015049986049308472,-0.018074308105963385,0.0020272789244209443,0.05567382206147768,-0.002960776220796881,-0.010068871350893622,-0.017409516726762587,0.028858966573586987,0.0017838472621645844,-0.039087495731662675,0.015051007974870977,0.0007758055400642272,0.002520903121013055,0.009218583928131874,0.009502475838242536,0.016030705896117253
-0.8198255875122705,0.0322744245165834,-0.019156206068724452,-0.03428817555392196,0.049941267308465334,-0.015671275395449352,0.02229168641514125,0.003926760792715538,0.06693925446894375,-0.003939029520758959,0.012962165247705623,0.0017128803327193262,-0.0278412111673423,-0.04107344877427006,-0.16337288162343197,-0.1915045911137909,-0.002856048003881559,-0.08755707086570895,0.0378614882428141,-0.01819765077242297,-0.04306645344084909,-0.009912161032195591,0.04620054409371286,-0.0010301177853616428,0.07220541749910518,0.025771721601656094,-0.01873386961376971,-0.10093886494025947,-0.11625459719074657,0.1342059977377996,0.013227523236802359,0.013711394362219392,0.041613450034542594,0.12142806330946414,0.0122558588559271,-0.015443295237992599,0.09003018915090877,-0.007308648947371746,-0.02370200448764182,0.09148478521048843,-0.014753232602792635,0.07011641910019731,0.0387737721390375,0.12414561476011016,-0.009789858527367024,0.02817276144654453,-0.011532907869521467,-0.17072029568324734,-0.021728430716032632,0.15959663265532728,0.04247355044128578,-0.04966625536510008,-0.019123765775212482,-0.04066629938017506,0.005278120492654901,-0.03443763796902688,-0.029441809110397683,0.024452385931589198,0.04180105678482801,0.017079678821262996,-0.033103092864667207,0.04946285601176262,-0.004360178954269159,-0.013182003834801293,0.012998498784569986,-0.0670375905867763,0.046659554822942095,0.03627413949534933,0.073955792802457,-0.04027226108667325,0.06433784111501484,0.05306326956998008,-0.003526856834799488,0.03606735596329467,-0.017197162257859177,-0.018521981848660173,-0.02846787814640455,0.008918207241371871,-0.019323938288659904,-0.025361694305584957,0.025035790896939615,-0.05701368452118519,-0.053852736978478255,-0.032104724643059794,0.02469882132269719,-0.04338169351886806,-0.01873196322493407,-0.005228512061406664,-0.004977956467159617,0.015643180735416644,0.030501760211678657,-0.0036079086965331193,-0.01706315661434293,-0.021372277331920375,-0.01114836586175498,-0.006847765870811314,0.00707284330800647,-0.029838998355478936,0.031109393453418746,-0.02724297065544187,-0.06496326876907217,-0.02839271999396598,0.06057866533840833,0.04539669350892905,0.03908421909212071,-0.027611693634524738,0.008734747193479647,-0.03970621772146078,0.008235149660914173,-0.007079318891467037,0.007597091027583305,0.021363886608708343,-0.02049588134376372,-0.02385346998041063,0.006555987111064441,0.018593699164266262,-0.01085613338000555,-0.025395692540096795,0.020103668689054346,-0.006038193728266421,0.013460230208433191,0.008801814037864862,0.028376403239137944,-0.034251380253841286,-0.025995149500730064,0.013056698194839865,0.005242421355088505,0.017794136592641126
-0.8590191730884917,-0.10945232852326342,0.048250937113802475,-0.0026230971189188895,-0.06764322082400635,-0.05586386187639532,-0.04794663881776458,0.05464485772873279,-0.09304502807816567,-0.08330730633120384,-0.04376756714553119,0.06269704997149649,0.042347921923868145,-0.1336472979847877,-0.0355754840706279,-0.10497620143011871,-0.06334888658925682,-0.03317795552352008,0.01273142133849426,0.1269031960089096,-0.048993142509886206,0.00614409462797369,0.07114519703703805,-0.08837690546223234,0.03883079360601904,0.12425997767258079,-0.053972336331943774,0.031091551781743512,-0.0038802525206477574,-0.05294652256655722,-0.009408108740309777,-0.0550541408810157,-0.07818707251709853,-0.02928067988261726,0.010572604741101211,0.0146130748233701,-0.0011822736877160765,0.001758169049931293,0.005398448267303793,0.010127629840283198,0.06456677245970553,0.04399671405829436,-0.0037987880578475314,0.031642570399403144,0.05087065868384865,0.030893219362582425,0.05347501851969876,-0.009480871326899258,-0.02323950980048459,0.17568082983560218,0.020553397873858983,0.02616946945033905,-0.049942438190024856,0.0016337817428365223,-0.046011958011530296,-0.06734095869658728,0.02644994079252974,-0.008162092159407549,0.05868198971320833,-0.029765727813199954,0.010006899497792326,0.0478700941510579,0.004227418187142335,-0.008377696238470561,0.0005856781818535564,-0.0501708468971509,0.04524607611899684,0.041637961305395904,-0.0013531314820026661,-0.01429344381102276,0.0152888499739796,0.055762191668687254,0.01651441200513597,-0.026501945509275864,0.00807415397194437,-0.024207690602032286,-0.022666482905615834,0.025008964475392945,0.01984611547083235,0.0003075987298736332,0.02347971355509759,-0.005632675430652816,-0.06621844399728989,-0.023543011159355066,0.027158581274041225,-0.04232451971867992,0.004937026771002734,-0.021189744484581413,0.022215538287477243,0.002170288648788299,-0.05067140453881408,0.004064773307351841,0.013821971899568459,-0.028116812754832823,-0.00013048873163019195,-0.025943493345704696,-0.0004314834020423473,-0.029848368455080272,-0.021339555429521928,0.01740381743937187,-0.026564029646612062,-0.0476892913735002,0.03943863078293699,0.010617468565061003,0.014812555605972328,-0.02080101506912845,-0.006013909517735092,0.000981723521207612,-0.050978609473180725,0.03623034092918907,-0.01872505134411513,-0.03048204280483584,-0.016505590089157,0.01402929009900559,0.02782936905086314,-0.007117249820168144,-0.034789700127423266,0.012299451503105909,0.02272305134320396,0.03336321079171156,0.05012785147076567,-0.028683716954863325,0.015022323233569036,-0.004908470109580526,-0.013463868447668226,-0.02320074246915176,-0.012478081103529468,-0.021834073326549203
-0.76610886553338,-0.14549800347898895,0.0009217717015789683,-0.19548657030216704,0.13452034294494547,-0.06474650508236965,-0.006229952191671296,-0.012139873214324432,-0.036520182939554544,-0.1394135087636255,-0.01452766601676474,0.015469545542251963,-0.1660137285918395,-0.20283333740545145,-0.10119816200518482,-0.18860098198946434,0.07658184673980145,-0.08441868785972177,-0.003792096777867232,-0.044392209464330215,0.011310789337966295,0.062382120533696635,0.06232221608208958,-0.05827925971323089,0.04021123718819091,0.10416302023874052,0.056413272712391264,-0.06940848035974036,-0.10578574889445695,0.08714349360029519,-0.04933069429530321,0.06743531460092454,-0.005204710581392192,0.13210097499791584,0.024187525566625654,-0.01321240912307738,0.06781444005130242,-0.026219537569538633,-0.0347884148104709,0.060187755091245486,0.0006808448201593457,0.031587440698870616,0.020231937089706362,0.08813509790210589,-0.015030838661213934,0.06582212836739182,0.000765423960745773,-0.023807181937087793,0.020564479599196505,0.07286014907226852,0.01404955526639363,0.03818340823341873,-0.03854398385510115,-0.03256297617367931,-0.0014301502907017915,0.03396842922202002,-0.044875536931950094,0.04849209218384723,-0.020835604242394782,0.018025716090175843,-0.03756646873084694,-0.015946379180623315,-0.008239054213768469,-0.03250424319835245,0.014470203561904123,-0.07378199669646127,-0.0028899720082879335,-0.0028314877375856767,0.06480627049148668,0.020067618560480456,0.007063950722331789,0.06351415969304153,0.0027754313143468355,-0.03914682204490789,-0.0020769582426481297,0.026376885277457095,-0.0270474099817576,0.002254804842845425,0.003943790958323493,-0.05326861425004689,-0.04326501284505511,-0.011246533555196642,-0.035425313121162295,-0.03042533525579763,0.06116275842723153,-0.06644606487149468,-0.018475743954863802,0.00890943969189535,-0.04527688925872823,0.011784217448246025,0.004084233850437539,-0.005085613094538163,-0.04401901497647983,-0.006881097875325635,-0.0027052139600125314,-0.010946214096784212,-0.0043698014074588214,-0.05733284980752998,-0.021698705298398846,-0.003999161305083754,-0.005188906586944223,0.005924661199652339,0.039826438606857015,0.05373976868859965,0.043291617970679916,-0.08987556926319382,-0.0009787569295177027,0.0036790357401892213,-0.02740017921368733,-0.0063059533999645844,-0.0012128316795228756,0.006154764106790677,0.0034473477938025974,-0.01727737554999411,0.007208018386336928,-0.009171429356904409,-0.004456709552534055,-0.0036288859014340018,-0.024796277903846826,-0.010653936704161444,0.009563439643850286,0.020405814082052567,-0.0055927636833965,-0.016392069969751726,-0.02969472235530196,0.02914760280983282,-0.013395616816529555,0.03126607285549399
-0.8300141688008709,-0.26463637975603127,0.06626571549956528,0.019993681611982384,0.09712100429465784,-0.1434802857707417,-0.07415939040400713,0.0014340397428685915,-0.037924942710671684,-0.03620123834300376,-0.02051811868929313,0.06059696208029897,-0.06262060546361613,-0.20558624966117803,-0.05674910496142684,-0.12062252882637253,0.0893832998339226,-0.026167096640623277,0.0010816186896598409,0.00032067573531649164,-0.03285198643776239,0.04802927515753581,0.04188992052375287,-0.05218470411567594,0.09170505860142687,0.05238097284245063,-0.020296734098599934,0.0068974704742162714,-0.11991146150487912,0.05305935512575704,0.06555300730126187,-0.027124250129835662,0.10123013943697068,0.11037267741436521,-0.03222801709212932,-0.02434906676945233,-0.040841644132326355,-0.060408155069011545,-0.017863395789559422,-0.009272529562969051,-0.060929398792620514,-0.024195480537981515,-0.01352749066791485,0.0017146193177970598,0.005476892248447106,0.05960403922844603,0.031091917259159,-0.038298592768607545,-0.006728944702551623,0.02842615903474279,-0.008300899956827723,0.04523600273466883,-0.022302174098257438,0.004573750259700468,-0.04529167705573749,-0.0030303670662676393,-0.00449309622480638,0.007849537014031857,0.03746243579134738,0.05342392487447653,0.0108531090292952,0.026679132855971493,-0.023205547457553693,-0.019885661530468425,0.029909225105675164,-0.04086233218399277,0.012448132618039483,-0.006303804715992348,0.0165208664487706,0.01847791187078915,-0.04166835744140343,0.003821938054286394,0.0024609810116792206,-0.042826098606385615,-0.010160536332363405,0.007845789984345883,0.033499615476028186,0.014000175287715797,0.04159023798198917,-0.033168151874120165,-0.01755407352571538,0.002954142032127199,-0.03853278575864051,-0.018758359245812067,-0.0014010996765457906,-0.04513215402356196,0.017376081073095937,-0.01801407404641565,0.034464747597653014,0.008689787254097794,-0.0017954679650817173,0.017253306283121245,-0.024724245341298655,-0.016642361985788275,0.0014873881859342264,0.021432542257410203,0.00767596347556069,-0.016309573609157604,-0.018082254912029614,-0.019688356782927758,-0.02667515467691643,0.006602927348544989,0.007772036426241775,-0.021395978331364134,0.013189284906118925,-0.011811104996844799,0.042832571821185814,0.0008196211388047904,-0.012385818175275684,8.8456705003685e-05,0.014354628132043057,-0.0142735754709234,0.00423794719163783,-0.01743051997453586,-0.010450947366105235,-0.027107016503172817,-0.02086050714828628,0.0027453166597327956,-0.007278610230353401,0.0003165921586980429,0.0046937316546610845,0.007222069034239596,0.01504152311464258,-0.009332940354328956,-0.011137486545433029,-0.023811550996730133,0.017290906532656,0.023369594361904725
-0.7234744686702962,0.08569914636906349,-0.12204605126627867,-0.3836576121431373,0.07684600719067881,-0.1592820770353518,0.014040065027876011,-0.024153755809074078,-0.13257284398630062,-0.11705094838697368,0.05836583505387367,-0.04798061946956537,-0.05354833773531437,0.0030184580549905125,-0.11624382786794617,-0.16638659387349916,-0.12166785139471532,0.023437770247856683,0.08394135223675075,0.12147492889287713,-0.03526238469166843,-0.028628386716098443,0.02642077848226623,-0.06130752482470554,0.007091683726097368,0.013538405641648115,0.03846308418930091,0.019168793955662494,-0.008053956220651118,0.008954121454403089,-0.018931403292596998,0.06537991146379071,-0.04628065304606357,0.06376699286359538,0.10844418727222632,0.010326755508583361,0.04223027365122193,-0.011684382552017064,-0.0078051236521808585,0.10339066410569661,0.005136718458158472,0.06334794082890247,0.04786022319725603,0.11123662853113858,0.060268381177790244,0.006401608518823928,-0.03401965693825991,-0.09528300366490651,0.05067224890304613,-0.013060426565037973,-0.035415004823357604,0.007082363602503619,0.028420858832362332,-0.032681212065786176,-0.03312172156637541,0.016223077564125287,-0.07909902218769085,-0.04173589673090506,0.009286077135600156,-0.03446185230372938,-0.014217685600724657,0.07890596418499972,-0.0310020896246192,0.009885701253310073,0.03699532070882588,-0.05364047733418951,-0.04549222600367724,0.01180940133411595,0.00890444469585407,0.043008813873600976,0.027735399471350508,-0.05267138798042697,0.003150428477422676,0.0019331972185366625,-0.025785385259314165,0.008960178606840079,0.023022400729246717,0.03116524714178261,0.024865325957177595,0.00307940687962863,0.01010458678446991,0.02231152212722113,-0.01118497057513741,-0.006686906858854781,-0.011739587530198835,-0.0037632099837590018,0.015195743522205365,0.0705990611830407,0.006469115222210646,-0.022266497869178187,-0.033803191638491686,-0.04639233464564685,0.043259197338585624,0.006502259021674307,0.0031949023336542534,-0.010027647278657539,-0.027893263433257817,-0.010423349434384223,0.014884865341482938,0.06013463828600358,-0.005741331200828742,-0.03820754086064934,-0.050747920303222505,-0.00949323386692259,0.015801858019823263,-0.03364922657053108,0.0026299700117254615,0.03515341639775211,-0.00764656706266423,0.04909165174857717,0.02237270020818105,0.04395236124563714,0.015274103901336142,-0.03610511672393428,-0.04120941180998755,-0.019304638241641494,-0.0084801171176271,0.013801686253450131,0.045805431604852564,-0.01369965950196425,-0.025571983410009606,0.020045707107047946,-0.03695045739911468,-0.01925777149426183,0.038810747548304346,-0.034978570799818746,0.003057764207878243,-0.03467968974664683
-0.7534662409534052,-0.13116104565274436,-0.02949944775038458,-0.3273060154810794,0.0028757741442792836,-0.23669223985320206,-0.06565078825763523,-0.09202897161922569,-0.12823830886812698,-0.21826628043557975,-0.015769235479502795,0.05524039899454315,-0.09636061066173682,-0.10432701095410983,-0.06197473633493823,-0.028555338185746765,0.03151881545178232,-0.006578892636081102,0.0827862441565731,0.0616501433208276,0.06576222468877248,0.0037674145757234344,0.07418117340139549,-0.07904158896427106,0.006170857140279046,0.08889235694117048,0.008296440274161838,-0.01316735338440189,-0.08388618881276932,0.0016765684613951704,-0.075083589978701,0.027476666094743803,-0.02191746551311915,0.09810449849395043,0.04939017230619246,-0.004264080134471204,0.07698909846735459,-0.047976985932639805,-0.03950195813348978,0.030644630612693707,-0.016262472297066913,0.09146220721173925,0.019512262379021927,0.013651226244055167,-0.05132103151196454,0.043816585530366256,0.04105336858753152,-0.01858024582654906,0.025876870179554628,0.004890826879302222,-0.007025147918459504,0.04755794793796241,-0.0017694620397724734,-0.06304247705411707,-0.030126402890452403,0.0523417557263977,-0.002192040846616734,0.019833559489742483,-0.03490363385032497,-0.036736229870219926,-0.046236696696775624,0.06168440839688959,0.0175285972387493,-0.0527930097521317,0.021064580188961044,-0.02510742535568242,-0.02219271429346183,-0.008961011473730211,-0.00555794101874607,0.03414086225957194,0.03696043354911204,-0.003137058004327617,0.03336626860376879,-0.015542558398238794,0.003686694927516387,-0.023716137259086254,0.017044936119051612,-0.023323976748663537,-0.003520481711761057,-0.04857356465515655,0.023768804834047457,0.022427096821959838,-0.021841627725160292,0.008180618191821058,0.00966076098545962,-0.022614134154809284,0.007596919831920727,0.03494016920268912,-0.032858863069648234,-0.0012426970869241047,-0.034494011655766064,-0.03503531817358915,-0.025248070744053743,-0.0013437193044308167,-0.022217176262606147,0.004041158704992744,0.04043112008681051,-0.03687827341598741,-0.01412824614398599,-0.00831950549260883,0.01337606312678349,-0.014750873471282696,-0.04226960282563084,-0.001393836427570463,-0.01591260085067269,-0.05278339196435246,0.03627563232285438,0.01269502770722322,-0.01731249851385954,0.04342713368008895,0.006451305634121902,0.0392825408013587,0.031133873907202327,-0.027923720905309285,-0.02268008085672222,-0.006376719859440825,-0.0021356392370903716,0.01287675542092671,0.0034348715178741662,-0.010023084104214678,0.01725166259124728,-0.0016025159799629507,-0.020348386447499735,-0.018526255140619098,0.004691919842373656,-0.0077280204750178345,-0.0011721253352985725,-0.001492542009166275
-0.6612694095108415,-0.29151659223072907,-0.08292369224382959,-0.20768179279050486,0.18888172369756884,-0.36297085683082136,-0.19424698420793357,-0.016223510961023896,-0.1158836972751284,-0.04351797617059507,-0.06744534126412637,0.02391442821783688,-0.11836697239438128,-0.14734796389882476,-0.006831045844651605,0.027702922439558957,-0.01763502573200432,-0.0126776970821448,0.042782857284204966,0.1243171441857194,0.042210459302790874,0.006811507629262864,0.025521042271005014,-0.026550618188196977,-0.028543278291269947,0.08307739258165397,-0.047308726192747896,0.019149207143305095,-0.09177369010292714,0.007985584274757825,0.008135912752151357,0.010543548241687059,0.11472296117772005,0.12453148010212575,0.035312321349385466,0.04965775549425615,-0.008219874712271648,-0.10177889223403819,0.025193269812986245,-0.022828106729610716,0.007368631387005035,0.08063317298390525,-0.0168137899888168,-0.014477998297810858,-0.030486823202851784,0.05380325148020445,0.007164036460763855,-0.01600670196981182,-0.005411880085722577,-0.002684393008769474,-0.055648194281815326,0.09083047522502422,0.0021130775333095043,0.019532231258649675,-0.0361332968675054,0.04051547337636731,0.006547561688226799,-0.0021431897707658216,-0.0416558882010222,0.0002961868856306352,-0.015614646194469154,0.0015566528646574476,0.016980793713843124,-0.0225612908715065,0.04814121328218587,-0.003116068981460811,-0.012677316828605237,-0.02766588932742871,-0.0003003223147440796,0.010600169815887515,-0.00419994738728524,-0.036449278357997515,0.012413974075151324,-0.02756965577436008,0.02473055866686229,-0.0011709338114858766,0.02680449151180882,-0.033307350611055886,0.027304111782528877,-0.021825787653509263,-0.039297591856504506,0.04311343605455476,0.017797160709032336,0.037680859060601306,-0.014678831852003894,-0.03550573328590336,0.008170288143836071,0.021404152823251803,0.008261676070315135,-0.008237875003898307,-0.05170157065338081,-0.03618968185814766,0.004636140483789284,0.019915860255228346,-0.0310205811353391,-0.00866335980940333,0.015584988426361893,0.007338404145114221,0.0027452685581953237,0.013404290007000014,0.008412343907017743,0.012421536656239846,-0.034602005069236906,-0.05724688257541746,0.007969974054054276,-0.01329119002303244,0.07490172418154557,0.04162142710850889,0.0012618398525435436,0.07757591622461185,0.006570281408229059,0.03447883192561681,0.044528347067125884,0.03866562656480251,-0.020963515873234202,0.00463645191844187,-0.0011828310795250483,0.009855465366859922,0.018516996038737157,-0.0036440499605912874,-0.04529953240601349,-0.01405903239490068,-0.022017791557867594,-0.024337786360168544,-0.00012613463952284185,-0.051144285273529634,-0.016767377474409564,0.008995517480323982
-0.33811415487316226,0.25608325930089376,0.4244991163736236,0.43047118815422497,-0.22769586395428626,-0.07383808597754216,0.0736198564336731,-0.052801242375883024,0.14085239351055584,0.04521374594850728,-0.07797425585673352,0.0508202701399301,0.36093874209025534,-0.014844948321274297,0.038863820910999596,0.12174907008856786,0.156148787079548,0.0070545985297657005,-0.04587390675652984,-0.06008644941018665,0.055631843294910416,0.008877386721013578,-0.090166803785843,-0.14903253537203515,0.021171595583994614,0.00407708379977262,8.873085586028673e-06,0.015639457926031962,-0.024305056823441307,0.08416264496293606,0.024762650825727216,-0.018485086659512096,-0.07242041644189894,-0.03713389930353219,-0.05855011296869537,-0.010156077560389299,-0.08007383687819233,0.013542128123887658,-0.017136044309294666,0.031431761297354116,0.017325554402686936,-0.07071639381341664,0.01311537635618875,-0.05625066040553375,0.029844658109879036,-0.03470821921550789,-0.10970852773742558,-0.0650855353799636,0.05869759514785457,-0.03617939438172315,-0.0904860351642507,0.019414971511721703,0.01670600785937208,0.006617062271302762,0.055725957749195594,0.02066846624901544,-0.06626912672311622,0.011239160091707374,0.08642596923716098,-0.02808820936012233,-0.006880119695660646,-0.03991109836722982,-0.03537148219920114,-0.07186900314445055,-0.01613467329460247,0.03547825462493825,-0.03626180059771962,-0.041633052936329976,-0.009768326227213568,-0.004833056560081637,0.08733420708379859,-0.018583031210415244,0.003419096887030204,-0.01730936495799791,0.004715540458670849,-0.013126444085109025,-0.014207346471738375,-0.05654294730987695,0.025229062129846675,0.04948205968453313,-0.01869923070443331,0.05637836481950367,0.03180820296457387,0.00141924121072625,-0.0010727842153884007,0.05775334765098088,-0.022557574449380776,-0.022909944495336825,-0.057205116053434354,0.003667120238366938,0.0014220402993849858,-0.027452894482650588,0.0026363057771102176,-0.014322175233613356,0.0016172579747699319,-0.004572099116097238,-0.03785106179922776,0.02320838949063204,-0.028384337354493666,0.008989278526309877,0.0020553966397640917,0.02104104205326937,-0.008176991542315338,0.03815286250729295,0.044095973378363906,-0.0386900527837082,0.030079725356689745,0.010387695737693547,-0.002854878866447456,-0.018319013761736246,-0.010737036936036825,0.006195292451767982,-0.02447523738525973,-0.025867977395395605,-0.04703352970381542,0.050204944834683074,-0.028205791496747012,-0.009842316807520115,-0.01552584660941637,0.04130513198045226,0.012680440655632473,-0.0024878171550105025,0.03140523897507396,0.019214958966990256,0.016334886186659212,0.00856346695595996,0.008243316429569434,-0.04777057521076181
-0.4959549756130549,0.33694454665388057,0.2053454785254625,0.0992297853340759,-0.05701141714297308,0.13387418110290705,0.05785982012971581,0.038705209020678685,0.1882434165902927,-0.00694746814821007,-0.07991110128937208,0.17485454991055946,0.295830174553237,0.08584603188056793,-0.0631239569835322,0.17633957045465815,0.040246885582868305,-0.09708590720463191,-0.0145334639252622,0.061686121755560444,-0.09504573861342885,0.021537561874690546,0.012486573324097229,-0.17218181581458605,0.005289100632316297,-0.023784406353951938,0.0827119155129096,-0.022118096751396848,-0.059338344171357534,-0.031049910478780765,-0.11398675610591216,-0.1211749012935598,-0.09355252977373421,-0.153153574426052,-0.1726073541210542,-0.07362397126684399,0.05097129658368866,0.03206316356107594,-0.010655732903546988,-0.04977567762261145,0.07973979855611513,-0.01640026318892217,-0.046533417284386175,-0.10024507672849663,0.014085267126263021,0.005721718906508294,-0.0007226563597706248,-0.08810748622492134,-0.038803653038008326,-0.0025564038793849547,0.09442158875756086,0.023198544350860783,-0.009792478625192483,-0.0527240937612032,-0.060435832283109135,-0.021283716035384963,-0.003941739138654391,-0.03103171266717355,0.09514588489431296,-0.11032281497588886,0.05689161126719321,0.05722146799284057,-0.032834002771710474,-0.08950973352522358,-0.03547697748581706,0.08142577878459599,-0.02642415454325555,-0.06643867688309733,-0.016850732026933237,-0.020032098952603425,-0.046743339096500705,0.0005226869799355452,-0.06809809813899971,0.01791236536067675,-0.05670461678770201,-0.040622610777353116,0.08185218686799414,-0.045030868315051716,0.032568110054130774,0.09357461641834147,0.053394457379655126,0.03220967003602044,0.03356874582504598,-0.019944346166557037,0.0860524583187962,0.055411777905497984,-0.02908792158592261,0.00200009426518906,0.014197295372589637,-0.013855539805241682,-0.03562404207178683,-0.09597319781734015,-0.0027867722181410108,0.021379464113855648,-0.001522112651364899,0.005173986861803694,-0.06643506425774953,0.014596069430605636,-0.060820241216802226,0.048274718062356316,0.021140776046705525,0.0006724011748487652,0.003015436073284644,0.04516114249394598,0.040258278919050365,0.0002847315606860572,0.014966923919337924,-0.022295589300551335,-0.00021679308764118062,0.022689299242915434,-0.06160459776435727,-0.008804482197228512,-0.029792509065087246,0.035329707843252324,-0.007378433379382174,0.029617204243093637,0.02822281800426471,-0.04565386867690411,-0.06452579394362307,0.029620570180411275,0.06427051104967639,0.0027134906660570167,0.007031783383935171,0.022644615823785914,0.021002380883148018,-0.02740232577338545,0.00990728793825401,0.013247952620775508
0.6239587278620746,0.06325855915086927,-0.09421734714268211,-0.34533940973044824,-0.04384106965390393,0.05562578684882948,-0.029668920806279243,0.3793896305528635,0.2559888992504575,0.08890135202273718,0.05842032558229743,0.11103425951435954,0.06792837166928091,-0.06431042423911196,0.03842903010943364,-0.038878710613309254,-0.0002854607931959564,-0.09395672111110527,-0.06646013835628811,0.06132348983461752,-0.05344138028712508,-0.05555871629509514,-0.04551330748148832,0.16267478122427637,0.003951776591382384,-0.056167866879288895,-0.015130241159519916,-0.1148283665813083,0.15279923449602845,-0.0040437833580013105,0.07609699121084965,0.08873046851554725,-0.023253732038115083,-0.0418971833358453,0.07333539027037983,-0.006651274017186076,-0.05086975270602235,-0.04292137009626361,0.017679708451848224,-0.0380224150395488,0.03285894891059137,0.001304799724241828,-0.06037642855356263,0.001084033716966376,-0.039336594180383815,0.017738076175236827,-0.022349152652754393,-0.040828376596307045,0.08878045729422063,-0.0027937022576825098,-0.0014704551603530044,-0.06952368140625392,-0.05269146986471687,0.03047315138664102,0.03450632690002679,-0.03382568022282042,-0.06818367643302485,-0.06503328087597034,0.025373410380635456,0.06868009758799154,-0.08416664052841102,-0.03287990800339239,0.004949990106014051,-0.01428848065376663,-0.0022342055998351637,-0.02670816587965273,-0.024840230836253425,0.009371636287725048,-0.018756621982540203,-0.04650603012479672,-0.029750800022998822,-0.02992990299510939,0.02655696427894268,-0.05613968764321431,0.005911684138039424,-0.06122184569723498,-0.0303390718038099,0.03980756243336844,0.032525564869386694,-0.018469078685419606,0.022692394043662127,-0.02967414872387466,0.0017462515386323665,0.06840623393860673,0.0010610269350530776,0.021979558133812936,-0.03560238545904728,0.027289066026740784,0.019343425193603297,0.001938073777103956,0.02663215426992387,-0.01246610949654366,-0.009612007427331844,-0.055630697545210286,-0.04871647538809265,-0.008882681845555284,-0.021069676899807453,-0.06453212169819839,0.015593693124695643,-0.000500609061635377,0.029739488753802116,-0.05564442991419057,-0.016347426754499482,-0.04951086753583669,-0.0065000686938248625,-0.013742954005357069,0.021671354009151822,0.04584712273782482,0.003753676901446875,0.018191999159601624,-0.007213449650599078,0.02627870759827981,-0.017928664229841858,0.0164204940175917,-0.005643938621164773,-0.03615533613591828,-0.041585351120960276,0.028784633221468132,0.004673202853787163,-0.008674529212095888,0.015999839205429824,-0.008168319657471852,0.037278234953911776,-0.03135252710860974,-0.043587421715676714,0.021216656644325073,0.025976319016014736,0.012971576782418294
0.5131691286680697,0.11011419489756819,0.20867877621969216,-0.004737821405781542,-0.07412634752274869,0.07207254628011675,-0.07632669157526449,0.12753724484509404,0.20022075672437945,0.16507135590547228,0.0009908392617494221,0.11548355949032049,-0.005832598620684619,0.0006159717864007457,-0.09110171851238452,-0.048698368037304304,-0.0636310618342161,-0.39564258486935405,-0.08775603400115602,-0.08411406925227886,0.03196628592625018,0.02992968257876694,0.13710525067001195,0.09241948202148792,-0.23396767742334804,-0.19212198313452655,0.033455792378687,-0.06807042029486257,0.05315354167770215,0.15486773727952233,-8.466532849606554e-05,-0.11046273369529122,-0.11158058345409037,0.06950949736518877,0.0827361491527929,-0.058031285411569176,-0.040070022144952755,-0.09079959829300112,-0.060055713192708034,-0.11064037641154491,0.03702444302225938,0.04087229141345866,0.00390686764196144,0.04193785338689989,0.0005722456184179608,0.05616309912778585,-0.11753706138046678,-0.050133155219401634,-0.02245037520969238,-0.02180454900560767,-0.03173100090950209,0.020155932614739396,0.038512240924863154,0.007772880235912553,-0.028669189596864084,-0.04765760552224305,0.01959336668274967,0.0650236542055535,0.05437105980840778,0.02316679737104957,0.04868930096647011,0.006912198435117794,-0.04296743650930851,0.05085259970426408,-0.05983350177157809,-0.022630020447980573,-0.07370210268257331,-0.08928622225567981,0.012821813040057205,-0.04336915339790166,0.0432498395613918,0.0008575114122809577,-0.03505857408868558,-0.04527359311865618,0.031101111971097627,0.043757294623073886,0.0025126821108488913,-0.03642473720574098,0.05231371806266521,0.012396046810508708,0.014244801083094017,-0.08417434049817014,-0.024690043418181973,-0.027609075019122246,-0.007662907735596163,-0.03688839673745654,-0.06350954879512379,0.002786133505899587,0.07693820841368632,-0.02804808126905843,-0.044771489009410984,0.004311291744950507,0.013296454347761132,0.040724491970956886,0.00394214167551207,-0.02485602553378249,-0.04076429663716487,-0.02132280591416684,-0.0362441312640544,-0.01171735875332509,0.035455144940639595,-0.00976741978318008,-0.07664575873147327,-0.06841623728637891,0.004919574324218109,-0.06610485453273014,0.03814701737359426,0.09987054248963317,0.023751893768396367,-0.027603344504182805,-0.056363585558094516,-0.03777149743551644,0.0153470717861246,0.016649283949930233,0.0017521358449431442,0.028612750257452378,-0.10581052289638851,-0.021827093674869114,-0.02320641585600597,-0.0005224753555939038,-0.013642095312072333,0.004368905022476855,0.07665286075485804,0.005711848626464445,0.003982844110229523,-0.03498931679193703,0.02951856303061593,0.01345739397274681
0.47838180217880116,0.03275682602885781,-0.19588364417108742,-0.38093342532798197,0.08570909670372844,-0.07373163040715393,-0.10052872490375392,0.31838807407674874,0.352059545656902,0.08650229310848241,0.05848197552215149,0.18523388511588182,0.11376943376184934,-0.030910551054691718,0.1066383435313193,-0.03251884355864819,0.0594478854868243,-0.14669075331257272,-0.05543929184005866,-0.01548829682643681,-0.05213645015279447,-0.055908407186356146,-0.030490925889926305,0.15770084463621678,-0.04115493872121253,-0.03511039378337773,-0.06520227681383844,-0.11115520116989974,0.16883172438113359,0.0030465656824031997,0.05250518396483789,0.05616643221923115,0.013897313558787261,-0.05540696264192203,0.11410170991608744,-0.0036618914044054345,0.0025131959053513405,-0.039039151989924505,-0.025411879762640182,-0.06860088762414478,-0.008415620319654506,0.00026705464271933844,0.08569320209658078,-0.01566841593237474,-0.04344284881008197,-0.030388812588199757,0.006441887071753116,-0.025850311898578726,0.12115231585096865,-0.03198622805783951,-0.01705410037759856,-0.022740684372553232,-0.0018592381959069988,0.025758168656857913,0.033196871271385424,-0.04271640673797042,-0.03528617199326251,-0.11896157829200578,-0.021140409616589976,0.08163996888841599,-0.06850680085783599,-0.04174294777395117,0.024320742674439514,0.01829866436923433,0.010585003585460892,-0.050160356853807764,0.012274005401272532,-0.014252764375125931,-0.012785979261374395,-0.03823907222521034,-0.010730306006979613,0.02702758727640494,0.05112294360371812,0.0076512248128393886,0.030366547626206438,-0.053217113992408006,0.009704748258750766,0.025548080253285817,0.07400002265030982,-0.016460308922053683,0.021802386702762716,-0.023982746586325432,-0.030013642420306023,0.05190788785582872,0.0477413855084133,0.005931395193103518,-0.07603465194980583,0.01162496580628047,0.05787148950144084,0.006766923492773809,0.013346458167641932,0.04544991378015639,-0.005027630484966592,-0.05419839340016016,-0.04148723252922893,-0.060075676191882754,-0.018106184807839928,-0.042677627544608694,0.020992350633672663,0.019813523471990724,0.02937545973293592,0.006042667755512635,-0.040898392863255896,-0.012541910488132236,-0.00029550205516457197,0.009445349257787032,-0.001957513077524472,0.02184133521601732,0.024731916950490335,0.05720821205136852,-0.013374361829785108,0.018007917411559878,0.005806170199504561,0.032620721358570026,-0.005420402636632151,-0.04927843301643009,-0.03384900696660711,-0.019675197477400652,0.003941197242831975,-0.006019414959564811,0.026821374477291552,-0.038758424302958866,0.059545540113327765,-0.022390332802685903,-0.03389601509768018,0.0020397176707693705,0.011163446316398483,0.0035622449586501063
0.4709014595187877,0.20924604342921643,0.009961687266516549,-0.10569612406577072,0.02046424736936092,-0.36813349057412686,0.33950569759173954,0.027694362655069842,0.15856720122281898,0.039353834476735385,-0.07182942727556688,0.17401814598076332,-0.11256616967722266,-0.08148967282556226,0.13239890672754667,-0.06156500954678399,-0.009609672862724388,-0.1867932647997175,0.15396846290439456,0.2373690190018582,-0.020091022952572656,-0.030198774584767763,0.04462663509658265,0.03336634889095492,-0.06920642143648768,-0.020919037819654797,-0.08491879211532716,0.02193499348901253,0.030103008055139227,-0.07311388427469531,0.058993546811682326,0.09855827533013618,0.045483963591239976,0.06522931987881078,-0.010818496355621475,0.06235356572486287,-0.08536712060760297,-0.02297587487063714,0.14101346387806904,-0.023375391463454295,0.028524292861167255,0.038313482767116755,0.08461532738958244,-0.11323069653488262,0.01852630733505919,-0.07974315293429629,-0.0038190454831480048,-0.04351176770006336,-0.0033753788141608824,0.018433332730090183,-0.029671924422459153,0.05972345982321302,-0.03833398387453235,-0.07605519365696249,0.13849439798660151,-0.0003193928906879468,-0.008284989992568824,-0.08796678836667908,0.07908234397210875,-0.03808063640694973,0.008960145056246501,0.015217385913168822,-0.06490874183248375,0.06623415927958524,0.01797038248873138,0.003939703477327532,-0.006317936062223226,-0.04264567036188138,0.04613026962466217,0.008763053121648778,0.0182199232155872,0.04923166081589667,-0.025894540148192674,0.07941133624186529,0.038806871387011395,0.050523431057262584,0.0018612876618059292,-0.08664424062167381,0.023843223051528344,-0.009069991199526294,-0.03995178909624981,0.03706648843598509,-0.043587920571197925,-0.023715745828643463,-0.026023145385768175,-0.05476757548443766,-0.06943635246527523,0.08565787444231224,0.02834406743444364,0.049640164146653336,-0.0012454440622054505,0.03272709055641958,0.034779329448353276,-0.06386588289246761,0.05252104246085599,0.0027789751314144288,0.05301243119174328,-0.004865267355304548,0.025026261585875367,-0.06328997010213415,0.05029197372382736,0.01750944390304301,0.009895512838119739,-0.025514622977411198,-0.03192296165991227,0.0439840982036748,-0.007470775917642074,-0.007112368379158308,0.042324416246846845,-0.016142526537123753,-0.0046967269246838955,0.02498437433890004,-0.01585785965515557,0.05412792326684961,-0.038278514826097114,-0.025558719884359923,0.00423984531862433,-0.0037759379068113543,0.0053743968021752915,-0.014066006980831953,0.007730441573103358,0.033595823762673505,0.060591424805658295,-0.023791492936093502,-0.021001516758029474,0.002188077496393337,-0.024796911829399103,-0.05161512196662886
0.5501695454445432,0.10952147452698202,-0.06821765211751654,-0.23207139361184773,-0.0027020515474629413,-0.1964738837120279,0.24509451082362252,-0.08595665685727676,0.26512888897706394,-0.10681264425912877,-0.12571012209290303,0.1616252578847716,-0.16071947453910337,0.025161734536173704,0.15261938418959065,-0.05374213044376726,-0.014026108376211047,-0.302091234602946,0.2001396466800493,0.10333854790288924,-0.016260341994063537,0.03177870587504574,-0.025112994411887014,-0.007701562375770332,0.013470420739899885,-0.04043092096879872,-0.019577556147520634,-0.07401415800169284,0.007406084882877975,-0.05828352518143454,-0.025465271677480687,0.09445270101373604,-0.0026991958659735547,-0.029432456007982083,0.02809653228865226,0.09453110612400495,-0.11057393113059985,0.0098575435503397,0.15326040931873045,0.08284610476758048,0.1123784690945577,-0.02455607555260868,-0.018491887416488734,-0.08434564299890258,-0.05439940444564094,-0.07139676824768224,-0.012225553302289645,0.04088442112506197,0.025585542356962757,0.05625072411213767,0.005956841851924789,0.040191918425187496,0.043852691050681465,-0.022959526604840817,0.06723330685870157,0.0070006343521659565,-0.029203361830984112,-0.058505659774172256,0.06079840075983561,-0.030518940594615972,0.012943196664796566,-0.0036276375558187304,-0.0037424786279601674,0.00791949046596836,0.009773777979004467,-0.05049768319568319,0.07626165534730099,-0.054649307726892915,0.015216964895649013,0.047123720286667385,0.026834781845490995,0.049428903979348175,0.018995907131710708,0.01365157229985917,0.018120634804178765,0.020367841708702986,0.027277135628296763,-0.0423874289179732,0.04532856022822477,-0.02952507652652829,0.0004261324183653999,0.04522646734153416,-0.03312331564728679,-0.011364841849741333,-0.0762835092135268,-0.03318803594185564,-0.019169304272882978,0.04409663188403974,0.005105686908566532,0.005861930180189529,0.017078945613984306,0.003965942770209529,0.06779110355091449,-0.030281933018834202,0.0031966074318846844,-0.016746618961556315,0.03497989415318281,-0.07129290413743168,0.006884665460633877,-0.06745772462740939,0.012613277815065627,0.028976545449106137,0.02127428443789695,-0.01922061465492322,0.000985186686790166,0.01674622209508349,-0.018200604031316823,-0.011622163184388768,0.027865639762337382,-0.05652384825693938,-0.006668613323571477,0.045398778140699016,0.0009774228319707355,0.027974560982212668,-0.014990736293405667,-0.08156819146586503,0.01785702359572116,0.004081848188593931,0.009691953046882602,-0.028421955171828082,0.019286785843014128,0.043271219502979595,0.02017371742384343,-0.007898894960279393,0.0007760774655926536,-0.00021216836451699977,0.0044339231647791974,-0.021010000647072563
0.2988352236983948,-0.09628606146765845,-0.3049727241416858,-0.37968729634362836,-0.28320985280875743,-0.3155631298670885,-0.00831999763173674,0.26265531062107433,0.1931029417124599,-0.0686834175740945,0.216983265135534,0.04552917852070768,0.05574205939176671,0.0019889487325675053,0.004754847466196248,0.021989196836743843,-0.16340472754694507,-0.1378308541737015,-0.0006593860336983708,0.0725248013811648,-0.10043945301435032,0.02904920868073181,-0.034067221592949906,0.04158655118035741,0.047789398030877075,0.07789724210889504,-0.015013663845757643,0.026967807431215518,0.15068524472013411,-0.008060345981084814,-0.013770481209099928,-0.021213810977578833,-0.020624887229743094,-0.009476883965455872,-0.001127314315624877,-0.0587261637857125,-0.06577841694889212,-0.030858841451443724,-0.011470188316143772,-0.06405175767600538,-0.033531989636079666,-0.0916603460331607,0.09163932890197299,-0.030185283558810387,0.07635229254446607,-0.08463185856782265,-0.06738002600105349,-0.03399985664261362,0.07126958003485971,-0.06430706473733712,-0.12759622045313548,-0.0015297524564272002,-0.043924753004159475,0.04793986270227767,-0.02259122663412375,0.029052280548328546,0.04612465075728074,-0.12101143902846687,-0.02769963085014224,-0.009975100491530236,0.041662560973222525,-0.0846686656891741,-0.028807420124962402,0.01328203334722934,0.07437540584695737,0.026946409752343293,0.052279971981941536,-0.045165502032583286,0.0047158126205392465,-0.10523465383771335,0.050347699039193915,0.019400703369172028,0.010421445708065778,-0.01160129606295134,0.02470703633481511,-0.06745570886803624,0.0014497456048637451,0.0056820568152509245,0.09661179478112426,0.012122293521020648,-0.04702596622666914,-0.004179757736634045,-0.03223653699206794,0.05035280372000294,0.15920193750247588,-0.05822037990499989,-0.05902765363783649,0.05879072114098529,0.046071703767133064,0.012821128259683711,0.029473754937109003,0.0011815495445406637,0.011297132720865575,-0.008786600469820896,-0.003052705905629757,-0.0080919984889615,0.02446808946450545,-0.010831854194880988,0.032930932302519075,0.04347807465307623,0.007340692207173534,0.011419900466024665,-0.013433350158578675,-0.0071622394194850595,0.012259394853468894,-0.0015510226301530291,0.06619529670858759,-0.04216693037484663,0.0030488378818149904,-0.020523349961025946,-0.0028185002196950033,0.026086031691992546,0.005469940813352367,-0.08930595905837448,-0.01746226079778865,-0.048852045619742414,0.0075208839111935545,-0.0066744740042770125,-0.028886967085448346,-0.012928010525516644,0.013370549605722495,-0.025265574041976383,-0.027096744617171504,0.0021306831751719733,0.006316368014229142,-0.05871338379393467,-0.010615558753975175,-0.011794235610045545
-0.7839414915452105,-0.03552048439348597,0.19395750248452703,0.023467649437474928,-0.04603964529885735,-0.14724926541531194,-0.043331612022638084,-0.11672654328267566,0.06693183705221929,0.10625883945740179,0.0762298669932728,-0.031220342297858156,0.04447010221500487,-0.056533511071146285,0.22482248275897454,0.03269144931495378,0.06211012041411113,-0.12739496690259097,-0.016601351824215668,0.05402110141007551,0.012577949803487917,0.15790532939619195,-0.08203949545233502,-0.05337337549996176,-0.03583306274742348,0.05628383693433036,-0.03812174078788095,0.03780068041976726,-0.008791499886323283,0.059416763972270116,0.016765908217188888,0.023221404352107365,-9.777401685442838e-05,0.02308014694358729,-0.13177740785295858,-0.09839434969966557,-0.042219360479261996,0.00626901800773086,-0.004014892177765042,-0.021511294759992774,0.08245406435972742,-0.10283871169863672,0.10798119321720218,-0.008311416900012285,0.007070898686119206,-0.08629959534628544,0.03384946269106613,0.023243193690194487,0.07886476767627544,-0.01605536691828389,-0.03207900504778537,0.020594227515257416,-0.00875064349564624,-0.022496852102751923,-0.016329463666986642,0.014331708370229212,-0.06890936117916584,-0.03138306091055214,-0.01094382764371652,-0.011605452492807365,0.03260889320264641,-0.02653465183865608,-0.009469057500526743,0.017860962229852922,-0.038521239048704345,-0.0472742434093358,-0.03392028382907373,-0.013991640178633875,-0.012220069567604954,0.018580638331729425,0.04256922364598872,-0.10376907916105453,0.036597892344256464,-0.016333605423189086,-0.05032678662278656,0.012288180324832037,0.0173418638137716,-0.02830381260543342,0.01854710114738804,0.0034286139415006986,0.06808030974175701,0.0007679776111100296,-0.009000869626981064,0.014245708732340599,0.0122447695918806,0.08075373666157684,0.0057875116313608225,0.050290994164145876,-0.03919340252526969,0.043575178095444415,-0.058908059541351566,0.047155229637550235,-0.002887405646252553,0.009951970455019735,0.016604749284796445,0.03845974728277181,0.03552523773317938,-0.007524773396323558,0.004634682026355539,0.034247373528943116,0.0018064751903762123,0.017307290090717856,0.04914179971679754,0.0718913958576445,-0.028437792331460654,0.005797594953913255,0.04484461909066449,0.0025598772537526264,-0.02554611105700777,0.00013583414384818793,0.04468566711798882,0.01851300623745183,-0.009715889650985673,-0.035432409739012384,0.003339188397262985,0.009755965181339506,0.014782219305982513,0.03708071655909529,-0.03446341242763621,-0.01541392782519362,-0.009551021524231878,0.006739396957749137,-0.0033703592834018097,-0.004810734798803886,-0.009094562781463436,-0.012446265860973622,-0.03778310390130792,0.027016861924088472
-0.8163087745672302,-0.06214614606136668,0.22760312910032837,0.02165021078589951,-0.057839544226574134,0.10339699043456727,0.015184328716426146,0.013023811449603566,0.01226144498120601,0.14455692388146776,-0.11660066316356783,0.045711581961037605,0.07310449080842253,-0.19397799090362455,0.16863173324677558,0.05024517843310322,0.07824682555702231,-0.07429674234818529,-0.05338267837652057,-0.08546933230285893,0.06387262981057584,0.10775467066453685,0.024388243411023042,-0.011760349289731726,0.03410703327203416,0.028263018555869514,0.015742317041351706,0.03946210763998808,0.04735014602023294,0.001448837647735142,0.03443346741639343,0.016089283518186066,-0.07270471296731662,-0.04844510633793623,-0.08484098239632282,-0.0300770029318453,-0.085608906295809,0.04932698235088179,-0.022296324508337243,-0.009188984034555248,0.02952829499939706,-0.0591208440178875,0.09309572372009053,0.0069800143623668974,0.003913529442896995,-0.011509611561698782,-0.04858788799414947,0.048277404697669675,0.05795654254272683,-0.005982467458466234,-0.008665441083575197,0.01678702388786301,0.011722503761701735,-0.02592473598721352,0.02244105888869108,0.00029779836972531574,-0.019628704698632923,-0.010311061924068613,0.0473535010383225,-0.012920253914469004,0.06275902984682177,0.028870748348115448,0.0302519833431626,0.0455480871075291,0.01679751542255141,0.0014559781460135794,-0.03633205657840847,0.021134176061704067,-0.055038393058535966,0.020073244455951534,0.0048447669283522175,-0.0008495856306181751,0.08997480568614154,-0.030069329319477003,-0.028511019962081368,-0.0021349427843212077,-0.03662113722766561,-0.026059066374446653,0.03973693812343831,0.007597908454411682,0.027476921965028534,-0.03050169563959076,0.026435670515911086,-0.045010681057722955,0.030064894327422546,-0.03711485505141508,-0.020532530498334884,-0.014728899288740625,0.012849987355245548,0.025921225849536416,0.00812398217789734,0.0019179076837219852,-0.03947861453307011,-0.012013489319284391,0.038873011831314815,0.02295615188254137,-0.009236699390894852,-0.01280256919775492,-0.013956586445794774,0.02112085669706977,-0.015578517958481398,0.03006672562889554,0.052997207010587764,0.010487480299615791,-0.0045320992633397575,-0.03577247583977694,0.02152658661990975,-0.012310130314744469,-0.0035252875370516894,-0.0035426531099223184,-0.008755858879244936,-0.023406290533963266,-0.03482762311645895,0.03867879578547803,0.023884114434496236,-0.01855371308301325,-0.02074985632267218,0.029554086711326352,-0.030593063483915616,0.025934079216649964,0.012503075343832135,-0.01392344786864411,0.0032155590288320685,0.018401204708861012,-0.013001682715409735,-0.008788897302921598,0.03210370645293821,0.0025971465077180944
-0.7277265941310047,0.1349496007913319,0.0718589370402336,-0.03727303709103343,-0.37045474862608896,0.008012986474864413,0.07740037311392267,0.10189630444121232,0.12703887043150688,0.15214361767990464,-0.014373279515589124,0.0015016872715865905,0.022654806170711667,0.18144045655831595,0.008757839238288278,-0.20216447356898326,-0.08344565542424663,0.08535515469382836,0.07010451029317397,-0.06729025476117975,0.05392358431302593,0.04645874094960748,-0.011057744453053327,0.027585391237850934,-0.04869267046062703,0.04205039800623018,0.051475139980247206,-0.01655801644054869,-0.017519181390365457,0.0888257793116882,0.0781955511924842,-0.0012910472121037122,-0.0687993464405674,0.0015490834486956194,-0.0207471848086392,-0.017361117488188235,0.01379431381871439,-0.06080170957106575,0.012522686534713131,0.07333154813336824,-0.03754457647009158,0.06286390248663781,-0.03200358094804692,0.07252245474079211,-0.06852062793165255,0.08894717983684619,0.026590446286793832,-0.05896704277516591,0.04983601330577646,-0.020634457122189132,0.013094829522324582,-0.03412611869856156,0.027785372180436453,0.04500155808548884,-0.01881977052501206,-0.05032144440009695,-0.012357022494016004,0.014496994557902628,0.016555184356699143,0.0333443309172974,0.06844316663133512,0.012686267879872997,-0.0744009030351982,0.049903799768356634,0.001167689289335249,-0.06299637709496284,0.04909215925873111,0.025424278962349854,0.05053727302249135,0.018256778045058056,-0.01496244789866933,0.010190418601244231,0.029452751396190073,-0.0025751125638461677,-0.06267250287578173,0.0026506790145723437,0.07526871757801493,-0.0063362577185968084,7.015588564534112e-05,-0.014175226196894484,0.034001854589615715,-0.06918729060766432,0.004146170972273369,0.002429441502836739,-0.061100108941116144,0.03572210561512957,0.050114936450985734,-0.054355208535635566,-0.01739506471283869,-0.025358398671921738,0.011022052980670551,0.011472284812481526,0.023469274832866125,0.04226599343951975,0.0010207170049622556,-0.011702937075923734,0.02824877158446437,0.0007059628212037004,0.024954359259034428,-0.00586778987598813,-0.0700920179187782,0.0022857504612123283,-0.009790626224809324,0.049797867321951766,-0.0005603169199842026,0.01583180341680432,-0.038795626201927697,0.013603373070379959,0.022170590466275803,0.00585053727905272,-0.004706702468115249,-0.03923898067229287,-0.013629817148540892,-0.012947096295823699,0.0066332653803807045,-0.023938216234196234,0.016750882073768666,-0.015553130018462286,0.005621121709513463,-0.03431517537266145,-0.020698364117598105,0.02005133630272726,-0.010659735586596601,0.030857872936290703,0.016014498089666353,-1.9510049698315976e-05,0.01672330102547242,-0.004748715292000596
-0.7541085783530141,0.23139321635108,0.04564890043907336,0.05822027207819669,0.015650699860753882,-0.03094313054511903,-0.08933069015713484,0.037547141279886724,0.01503436489007454,0.11983100180525398,-0.06210361004669305,-0.020806716310633605,-0.01879632932360231,0.03404672173459003,0.21241819386621855,0.14148248183209203,-0.020837838127538238,-0.18357435317301873,-0.029972439360702135,0.01898452026674458,-0.11365250077519873,0.08767419492705476,-0.05200442299608155,-0.015539323463161225,-0.008409525063467918,0.19046287276761312,0.06945859520164088,0.05737716727241758,0.08403715119352731,-0.0020504271566014953,-0.006155919936203589,0.006223560046367312,-0.022202518728489166,-0.10385325768953164,-0.12856046827866444,-0.032458084421229424,-0.09731781569897355,0.0698262120154132,-0.08792364248555642,-0.059179382825546495,0.0573067111066676,0.015265546320094322,-0.012411426898969243,0.05620721116967636,0.008811645203289824,-0.025807627168286124,0.012192340784603777,-0.03208173143264439,0.060860146850485956,0.015079415153603325,-0.024721919428613372,0.028389113782044426,-0.04795325467752888,-0.09173121115869479,0.02788784978959431,-0.04242576528494647,-0.10385556385482368,-0.01329884350742668,0.02064216561606,-0.009528962761998912,0.04922307553405507,-0.027947246530012248,0.06644084896757438,-0.037776382374423,0.008275477340505925,-0.004477989548870474,-0.01928486417555496,-0.017824728316046607,-0.032046272215002586,-0.012265333337788556,0.0230270569907684,-0.023165218501210654,-0.0036015121417536555,-0.08592412782108201,0.009726266786036768,0.006746747116050196,-0.002292639970927622,-0.05951874642423229,0.015495530014105922,0.06105803955467315,0.0019164860726637555,0.03175983531815414,0.029355889587822672,-0.01126670317984644,-0.01068360566861857,0.09079178899585802,-0.03441261991138111,-0.023970130404257578,-0.015750032975715037,-0.047851808373514666,0.02641784674807465,0.005135208733120182,-0.031128582387505804,-0.03644543548725757,0.04772444408653039,0.04937449485897485,-0.014801154489725821,0.017241856938292287,-0.013840767861166782,0.051230644284482964,-0.011944882335066322,0.03252052387570243,0.04860287070314082,-0.01990696868504538,0.0168278990487714,-0.03037107108171251,0.04341744285234243,0.021086372762747194,-0.058594051302635085,0.010091092122415275,-0.019856181142310202,-0.027709563507467855,0.01589273981883269,0.035499934204037804,0.00525959793843153,0.0033853685454843995,-0.021886333247042016,0.040972216311659176,-0.02613771390395372,-0.017042904313609396,0.020317644590998725,-0.0037899733244761745,0.01639113521777434,0.020907319412465784,0.010786643579308195,0.02879917254350817,-0.02006764379859549,-0.011196645399295678
0.3256355649514419,0.2441369959208044,0.023630626566797673,-0.052856537013191957,0.36487226858811755,-0.32826469836675065,0.29141007458917445,-0.044226721768351386,0.04238491749480342,0.21594119952227933,0.02313681997940794,0.11177614647180631,-0.12585750840311677,-0.04008711776833322,-0.2326191093480644,0.08634082331729304,-0.007556133795694253,0.04186833178484693,-0.030311812317316868,-0.128939670865539,0.09377371670769705,0.21760987253861208,0.060518532999468064,0.14823016482792448,-0.0566047015012368,-0.0064635863583629655,-0.0638933008068141,-0.16365430311360193,-0.021697361330146613,0.07837243546080451,-0.1749384280881402,0.0018719534395508178,-0.04285463405177096,0.13334729621996316,-0.10486081228528232,0.06104000098675137,0.10004856943719928,0.009045021567549692,0.010021348145111035,-0.05702618144003289,-0.04724310912045218,0.021684646465634835,0.09588732927855997,-0.05541704586145082,0.062067515426563066,0.03628049179851859,-0.11778287077115139,0.03522061938416665,-0.012789978395230585,0.04485292390843507,-0.05515735576174853,-0.030456379963628998,0.07134821183663688,-0.008382291428062377,0.030992234102470574,-0.10142928950052707,0.0015848339361982445,0.06206461121120378,0.04750787754954872,-0.001413019504268244,-0.0013800351076623683,-0.031363760054481785,0.05464636876821772,-0.06350500301262194,0.011839441550730107,0.05935124216690475,0.06091579120952713,0.06478791297665112,0.05455871087458928,-0.00011146536369059511,0.03539501410142953,0.022605576141143918,-0.003813143941416894,-0.012440868706945269,-0.014138990258620338,0.002237701208848873,-0.003833227994839147,0.03506929548195394,0.013383932206972675,-0.010752512449531498,0.009358906144782183,0.009035950530013702,0.05477281744561861,0.01938598625662116,0.031511683779558,0.04708909787504288,0.033254026670269686,0.08497077142218318,-0.004966643271840846,0.05539293534164985,0.015576822386878016,-0.0030311125022883995,-0.03968135090600636,-0.0008545153004922056,-0.04331930651079314,0.002193921961363733,0.02292206188077574,-0.015345190779356428,0.054844457417935144,-0.02061349400557869,0.009810289931493507,0.011491075572663456,-0.007040439415430631,-0.036723452700108704,-0.049594500977520065,-0.0018176052382367007,0.05370907959191071,-0.02631317720835797,-0.03759219468633312,0.059023748817024234,0.009500884028384162,0.009534748509336792,0.04030355816629303,-0.010110720290649746,0.011719104334063831,0.04662185828230816,-0.021680142869181584,-0.01801227036749827,0.05740877049333524,0.01340408352587718,-0.0024608434433430653,-0.04351981888236796,-0.002622945990147006,0.0454709452468884,0.004927681489018382,0.02944119477617566,-0.019388570089035946,-0.00166008732725524
0.03986547034966178,0.4296571870002098,0.0036020140383468935,0.1423164029045399,0.0289689928849398,-0.2901649200305587,0.4303004065540352,0.005059417928678229,-0.023650604885405435,0.20607049618966533,0.267507247480741,0.09418559946457553,0.09045607567458515,0.03318386251788679,-0.23015973748236648,0.09285250268459301,0.04979756090192311,-0.061309840133696177,0.13638877954571696,0.005645577638672726,-0.025894258521358113,0.016038108077317023,0.11377975317973761,0.1154161371214542,0.01326109884339542,-0.17636434625322714,0.0882889908875974,-0.13991988281093679,-0.04772368013807221,0.04397180884352674,0.007527873665067814,0.04292848150261955,0.044741626300629604,0.15528108192779733,-0.184203449640963,0.06340784720712664,0.0892584552065675,-0.02215134089464619,0.05441349468731351,-0.04425065390922419,-0.0318356184978205,0.0019145546970628792,-0.024408516949625723,-0.04180347815526515,0.058452324639370515,0.08525223544697932,-0.020201239984030717,0.024226335727105443,0.002440060728458665,0.04563762934604537,0.06079687051377329,0.012545209399939842,-0.04999082622648576,-0.035993080901006926,-0.03337231821932001,0.007632716919822168,-0.04296272800486107,0.0653397212347048,0.007427696441048518,0.04401266845912418,0.06851479647995756,-0.07713937958573291,0.021365736129088802,-0.03146113659056894,0.03662005915858073,0.08333825922057682,0.003972891754464194,0.07681061269865243,0.016899261302394164,0.01574838610041967,0.041768438899423735,0.03108094489436977,-0.006199136313583046,0.021551725543798514,-0.034654598958137765,0.03203586640208957,0.030845290156563718,0.0144606328473372,0.045319249954654306,0.041454287016254636,-0.03174159619449288,0.0017365381999899282,0.08476387708990922,-0.011371612657044256,0.040303730624660215,0.04803639368683704,0.04461407742589534,0.12258050440160612,-0.019555051387691213,0.043585586327414265,-0.006273386121424552,-0.004331933963966904,-0.057941453696338276,0.05570251931879046,-0.002514358027397339,0.03901420547328471,0.016292383247053458,-0.043724153856091776,0.03245911569145195,-0.035250913675852355,-0.04578781138387448,0.011295463147778979,-0.00045128492189183553,-0.030471268260432453,0.03406391252759096,-0.01862062390513759,0.05299941674706441,-0.032757653590966544,-0.020486689260960426,0.01528083846181176,0.011232364336290575,-0.009190913916069274,0.025032601697713406,0.005994922679228593,-0.014349232320736791,0.04299112869025134,-0.010247954769904581,0.02289695197362601,-0.003928849537755166,-0.026797219229295715,0.024570395902775634,0.01551636125662209,-0.04522105062998305,0.016071856705199682,-0.010227612336365106,0.04304336829239699,0.02645749429110318,-0.009540851939638826
0.5705788225683005,0.27601805846788413,0.0869653075908151,0.11370750948161049,0.18019547506708597,-0.3121146846823186,0.36700082925909355,-0.035192782589267994,0.007743365401907558,0.15019701991126477,0.026060120332575293,0.18107118055116614,-0.10584593146990373,-0.11555585817640816,-0.11196034821037078,-0.001009793973360234,0.06572333958094254,-0.05151572069391887,0.10277021314558918,0.01324429915344006,0.023142054088801933,-0.052530189758133936,-0.017588961639449917,0.0860753097684094,0.014634395255077258,0.0015693653913630822,-0.02836357815885484,-0.13128406665942002,0.022867640111711742,-0.07348530585143673,-0.09491591325107324,0.002969258602487355,-0.02576716000581434,0.15166693627701383,-0.10962378926430841,0.041788164670847595,0.0013633718867368623,-0.03849820003506312,0.020776362499900523,-0.04974877185689985,0.03295748539019,-0.03161956603892819,0.06194448074798718,0.00643554821832749,0.049874539508188785,-0.006609177444975431,-0.09005649642963796,0.010026138223816523,0.02030882752277687,0.06337306036833162,-0.04135017311504787,0.027780504196650662,-0.024430776715336177,-0.05923765199262912,-0.016631748797497743,-0.010945576327273734,-0.040182033504051536,0.040411251881840936,-0.026602386305630686,-0.04569476673817445,0.009041579750025121,-0.00967739869657924,-0.10026068909745278,0.006526202309189207,0.07970660601321847,-0.05180392076024312,0.055569964888197564,-0.025996922110724522,0.04232632513567536,-0.009275702112250038,0.0020711589285681052,0.0023794378271238103,0.008383525558915778,0.07461052505138745,-0.00670164034843798,-0.023066594331604934,-0.0017059128800715599,-0.013092479025548767,0.06295269568030253,0.014811778761968254,0.0330729834713188,0.01688377703184384,0.07882406945441126,0.005766873903854611,-0.02007092595377426,0.022785375155040685,0.021274657588043748,0.05159676933096821,0.029278620695337633,-0.015472210885539078,-0.014404457469930089,-0.03811971703788835,0.048681445935056925,-0.04468063436697665,0.02382639908221204,0.03994465483968753,0.025101250268314702,-0.027261523243191556,0.06968140967179365,-0.0008064739867926606,-0.03412315576941449,0.0057310688227246685,-0.05949423392940596,0.007846874242913974,-0.052688207164016745,0.011510979231195163,0.022808853573257026,0.006155750859428068,-0.017212601968476206,0.03515899882011005,0.011376710814695566,0.008065585702901022,-0.015119055609367408,0.007142694701398494,-0.02593408338094909,0.01197075935892192,-0.03411370166571069,-0.027965051289186166,-0.01801917241021183,-0.026758717930982955,-0.01771596326853784,-0.014492347310263737,0.04927775089207864,0.024439572055708812,0.015813499944253434,-0.011662613103913406,0.011820294244658875,-0.002881112016735038
0.34636343461344776,0.3151605429493894,-0.03202618421082379,0.17688040745796024,0.10274928739204232,-0.3521710699032997,0.06683813770130823,-0.025467690775705782,0.18774476751663052,0.46919184659754204,0.054705154033390824,0.15119820970613418,0.01794521453306805,-0.06579984216656876,-0.17874994302454314,0.028378488966846898,0.1351015856811757,-0.12284910329691372,0.11333181291802845,-0.10743306248754732,0.10076063210563883,-0.02193329089400126,0.06092783549665451,0.06753312451814984,-0.01463019241900661,-0.12277750585321372,-0.06507992980263995,-0.11667491461084935,-0.019379678687072598,-0.04406654850173834,-0.09858969394890643,0.020048273447669508,0.01415617550993151,0.13444338067455974,-0.07036332261918918,0.0676975091353503,0.11370454765492428,0.039325273961494996,0.08946204036182503,-0.037405763732310006,-0.04193664098515936,-0.006771198392543344,0.027700744973739373,-0.08250643858486996,-0.0036648958304245083,-0.006843321423725158,-0.04775212626489723,0.0030331559922717735,0.002295575274767155,0.016914983344984504,0.05283416922928917,0.04186885139962497,-0.012558363637637977,0.004086714051316828,0.10122347098517719,-0.07304482781452569,-0.05708175866337031,0.07018753208991645,-0.012035737971961129,-0.06813678535713787,-0.025529611462230116,-0.012899607324225772,-0.006034854894030365,-0.006252129212077048,-0.019425250263929585,-0.029830878182634538,0.05047994028147924,0.002793732692236822,0.05321328339818684,-0.0696864440207568,-0.005816400992463132,0.06742124126993276,0.022243532449956926,-0.014356745746357247,-0.036904843716367854,0.004043537835010746,-0.013795919882814698,0.020193437318678804,0.06285105064100441,-0.010227795712960609,0.057464302482639264,-0.033937621226295046,0.031174597078611022,0.012340480962133752,0.02583851632000495,-0.007703013146702582,0.08118734244200368,0.04723638036412743,0.056694714775126824,0.014579070930017007,-0.03983085432932248,-0.0049370099371313465,-0.05176395473755855,-0.04582714651562747,-0.033317591728739354,0.005955462246045453,0.01676810265073683,-0.06757242735936086,0.048961591990947656,-0.010230740376235559,0.02699772767952131,-0.025097048132450766,-0.009417548940597716,-0.024917668868191738,-0.021229284338668733,0.01166350476980834,0.0058233118879395486,0.0011187188622391834,0.012472979715797895,0.05762041659220074,-0.034564330571546314,0.03705286367283174,0.006667666066780651,-0.025512700516471924,-0.03219344579370221,-0.017055682068720966,6.141181843067688e-05,-0.0014054310296151618,0.013110091176027013,-0.03352224584090118,-0.008388058332373455,-0.002766956113669642,-0.013292039043784275,0.010191880484704447,0.012871723378037802,0.0041388686042765285,0.013812522946945566,-0.030159202568576324
-0.16982317010339307,-0.5286395687241341,-0.5802162035038905,-0.05085038533347815,-0.2794433371798946,-0.012156394797942756,0.2272777536098302,-0.10463350088897184,0.06063277331427112,0.09894082638239951,0.06068011740310248,-0.026123795353170987,-0.028473054331457432,-0.08544995539545001,0.0006677265927012692,-0.07286066355516096,0.05964535648114226,0.1297137609734575,0.08632576280071146,-0.08055741547288263,0.023799403637733925,0.004780790634643962,0.05917528686244097,0.03682066046357146,-0.05538242470481948,0.051575325899918166,-0.03260641128228025,-0.04181420276123549,0.062135961113778435,-0.02336232826485231,0.028546872310527875,-0.04975730056807061,0.1499486743721045,-0.017329937540446125,-0.034637697221159745,0.022418079328804255,0.04057162144475925,0.008933543431107416,-0.007227097482122122,-0.07733641560883665,0.001810856780994074,0.062258467749691064,0.08163139612803756,0.03923418801466304,-0.053602188703868785,-0.007291590286389738,-0.008169266458811568,-0.03581092662177666,-0.034785692570013196,-0.006476088515278871,-0.012389300064230098,0.04410692973089876,-0.018648579762203795,0.013964888247893594,0.05893265554769513,-0.017460373968212393,0.020553402673535344,-0.007646424843155583,-0.0277342383268919,-0.004371407633013609,0.028820291690758754,0.014198398976961532,0.020879123007743035,-0.02763996834772237,-0.046286475488717636,-0.06532801296149801,-0.03956276922416556,-0.031512469448126065,-0.03398298744892512,0.05217303171251582,0.028085471473101628,-0.00479516220988361,-0.0036676658421789334,0.005888448060113209,-0.019603862843446937,0.07087872696778015,0.04574973975818703,-0.004416218962025888,-0.0003920598328699136,-0.038450163439049674,0.0350430259483536,-0.036860046695660814,0.06091833345561545,0.04104646398887588,0.031088880554620647,0.01925576572953476,-0.012662125092832755,0.011948850421307965,-0.025075692791843487,0.009648600707861756,-0.023991612771058636,0.07089620986030283,-0.0006288511618439822,-0.027953048484998685,-0.04470432526367007,0.00039093264258671515,-0.033134847575169574,-0.025863408048055408,-0.012855611018087578,0.05284410356087515,-0.03367715865733047,-0.027887772144683978,-0.041231016065157285,0.04673767861120795,-0.028128733333617807,-0.032502139496831166,-0.027293058008940323,-0.03805650073842646,-0.03356215023820306,0.004607872027956322,0.027542102074272334,0.010056475482816143,0.013200581322459715,0.012704479140368012,-0.019307872448583868,0.003058021190911706,0.015415209227991727,-0.020953733658175735,0.010690474748044704,0.007538283102171879,-0.0166399250950664,0.018476653213627577,-0.0052013065601714484,0.003067586155996835,-0.015719499466475433,-0.032652419944518694,-0.05524133803526006,-0.0012345870157554652
0.6942976171348114,0.18134575523230312,0.15970089355788797,-0.08641698521972445,0.14580674266219248,0.03168978836666095,0.05962705006626778,0.16286354912794576,-0.13058776904160302,0.19234202999906658,-0.06463370689858722,-0.04067708884803938,-0.17965004731809397,-0.24041654996539322,-0.07872309661365029,-0.1897664954907001,0.010854774321695944,0.021120363154189605,-0.12197212793808411,-0.0651858661393242,-0.00785616182789331,-0.12460322019325533,-0.13029132709434912,-0.0030411494397924624,-0.0441341841352337,-0.042707643361780484,0.026439522980814825,0.026090093069523052,0.10244526537008332,0.04390203640942153,-0.0012223047481625842,0.029643531155657724,0.12836622898384778,-0.005895106980736113,0.009065158538764995,0.02518766185760604,0.08996438837161792,-0.056847704705342075,-0.024751326748257644,0.01939949057617155,0.01511320094300606,-0.0341156532772431,0.02160032844094,-0.10562913395068975,-0.020571209955781624,-0.06845995480854411,0.019129075856412325,-0.0010414886524494666,0.006814110541120911,-0.008635242221606087,0.0019730892306315815,0.05836412147332957,-0.0011054104106335903,0.03853671592600422,0.031779296614127185,0.050204156676540185,-0.03150310834657591,0.014637490445863181,8.980656123675247e-06,-0.020335740107127857,-0.07849489621575294,-0.01479328081403434,0.0012866949923142552,0.05209599468251098,-0.03479786196178957,-0.02144649397911533,0.014539432634878518,0.021269656393589038,0.05511313971267731,0.009339566504244811,-0.03807156970554896,-0.008487436428128652,-0.04515265425333845,-0.008128506739138525,0.02425898072302903,0.018935896529589078,-0.016876828378372927,0.012461774924796306,0.011209838314117452,0.05088163866670768,0.06118041221971215,-0.06279885403492268,0.07257120322086652,0.0024184415319993503,0.0029806839780963665,0.01631312830526319,-0.02031410715945761,0.052026130871723274,0.032989929485095965,0.016402451037819604,-0.0015666543062780444,-0.02826525163859377,-0.007807530012600384,0.06694669730263945,-0.057633408460393366,-0.04228078409677447,-0.0050822494317107735,-0.018978106462269953,-0.03187237804665555,-0.009267202724272557,-0.055016503587696906,-0.014288363156306156,-0.05033079284183154,0.024121773341297344,-0.009628758487465751,-0.009371616669406491,0.053058655209948465,-0.02855556771944064,-0.07640629634194232,0.03208887376041024,-0.006965082405699096,-0.035985419361302826,-0.013288306482540587,-0.003927979328396413,0.004310018271912341,-0.0028637787580886058,0.009688592827779079,-0.04002538791161822,-0.046347454964353586,0.010118652065631817,-0.022259198407740315,0.012989018279689402,0.02299594841330338,0.02620563245409636,0.042748690574829856,0.017813791003390655,0.0023472354176592865,-0.012793654060877168
0.5492609111975769,0.1568264809087906,0.1466525385029141,0.15196780152361739,0.029974226477646512,0.14522757947887807,-0.28135362429060623,0.2405086404547132,-0.0855087337344615,-0.3210890747451482,0.013576999360556301,-0.1081938927630615,-0.16952272746565075,-0.08020895062159294,0.07180984957049885,0.07569122925007744,-0.07704640866041368,0.16198085636359938,-0.06397188069135565,0.08566014529323525,-0.017103075400118968,-0.04069173301127971,-0.0836814463154742,-0.013062792876726377,-0.2196370523069801,-0.056898394463192566,-0.05549023253146184,0.09190081260775508,-0.10209250965872697,0.11850535026875017,-0.05505165422741756,-0.008109378637127752,-0.06924617575797826,-0.031232602840450135,0.06053105622734149,0.05641924240813237,-0.009678707964009261,0.09508116709490819,-0.0309407488062278,-0.1271288217147525,0.013098563384866885,0.0297221883389294,0.05042652010888763,0.04448023936216423,-0.0026600061877154703,-0.004795287570598095,-0.05828078231031815,-0.0024132601669848656,-0.043774249723389266,-0.11671703821015837,0.057465815820014206,0.016421127443518153,0.017069595398815213,0.09633175414144943,0.026167678115397573,0.02735821564288639,0.014735879920071577,0.03065586274094414,0.03968766726236319,0.008537079845630957,0.0611875267492576,-0.018151654734480896,0.021040698115122658,-0.03883287491487395,-0.06806419233686925,0.0012390146721841981,0.03196244281727287,-0.04077700125509833,0.033305070142686355,-0.0390511487516605,0.08086299328104479,-0.06137859723103606,-0.03974501786193922,-0.01225656135687215,0.011096077408299572,0.027812049371925687,-0.023081400015532393,-0.04073519848158039,0.011436433599834202,-0.03418966904583098,-0.012035238531604245,-0.04771889674832581,0.08056973270444426,0.006364456874365634,-0.04753797128133609,-0.005104603393818048,-0.015632806180609027,0.033360556962871636,0.03316382472561727,-0.01606857207875745,0.009886214414236707,-0.023497878440070615,0.007827534288824094,0.0641246745473563,-0.02999522991303704,0.012454560604849289,-0.022158672669729717,-0.015747124195309183,-0.018320555696266547,-0.02630131049654622,0.015351384897528889,-0.0078974956601167,0.014575217594802941,0.034256381754081904,-0.0012421476819634762,0.004928243236300771,-0.052574277490853936,-0.006660789593219163,-0.002594261994576597,0.006393229812261689,0.02799793838582256,-0.08170754675790902,-0.004419977260174324,0.04411855172533922,0.008923895252528739,0.056022672541817115,-0.006048337372525931,-0.04456928771559361,-0.007585080007849751,-0.016255704165706757,-0.019055819985903277,-0.038926862483908205,-0.019788037269992113,0.023798200526661383,0.031903006198711385,-0.004451779960187442,-0.013279212803882771,-0.008260003403428244
0.797911942158872,0.17738453685730293,0.22966876933718217,0.0720994487520845,-0.2029950785204105,-0.04071899017107911,0.08844330168888577,-0.01741520771240203,-0.020620030886649036,0.06753698390113866,-0.11625458876837441,0.14623807178402656,-0.06953016722556725,-0.17294417808239132,0.002339294537089999,0.04330623593417194,-0.02082568683223115,-0.018526349703377187,-0.025030057923494137,0.0358969833110643,-0.07629555565360924,0.003644687695293484,-0.03565123442497294,0.08417914755570306,-0.037248954217997086,-0.03919133372051824,-0.01843444296440338,0.03350144476427954,0.009908053743766266,0.0451828032477673,0.10529819719632148,0.10222434658922691,0.026792977744139742,-0.03995522034768689,-0.0349679325059987,0.06108595715626749,0.039099141479623165,0.07710974734948942,0.048014707194883925,-0.007146066217111524,-0.003907819801202168,0.007265430306601078,0.028598732053427126,-0.04004497360455458,-0.03110973893969696,-0.0025166795051807787,0.04933022060573624,0.016373738172328716,0.0376999008058989,-0.004392246946443623,0.011764217698170048,-0.02613840820809104,-0.06500078613321338,0.062018643671010704,-0.006940311377809444,0.051341214814689354,0.03505963884375274,0.03437730137716361,-0.008891346263588987,-0.018297505212859937,0.015866041077963116,0.0287440819324858,0.001368154907589414,-0.009450381801093985,0.001007602880024735,-0.03155818980371585,-0.09614564801137152,0.026912671637433584,-0.02905290365416736,-0.03430874071344841,0.004238418785861088,-0.00612617397866031,-0.007626020982465082,-0.057938625170113396,0.016315602164532657,-0.05246209991619797,-0.018061282857122014,0.04813653723001136,-0.02183403665323983,-0.03593981972871197,-0.038765802465832666,0.013922713270339726,0.02458477198887224,-0.02113657965430116,-0.04819372402372298,-0.010272281987232448,-0.017629543206943907,0.0012145215286591138,-0.03980966253618062,-0.013631404662590392,-0.03209762401787092,-0.05680529313377052,-0.033390394709219895,-0.04282966923145659,-0.05304989079266414,-0.018307102950321775,0.008830484344462921,-0.03298374637485197,0.0059541147725243205,-0.02925938945554207,0.004410458862499795,-0.010791847365011964,0.015535635736752389,0.05110013915270185,0.021586274978425572,0.035693461154298965,-0.0008740855891965878,-0.013993369761911352,0.005110775581300997,-0.01287407433978675,0.013395823006690137,0.03865248941936403,-0.0036398548810127203,-0.024555352581151352,-0.02158500649616434,-0.016983745317624543,0.014852098966680797,0.04263989192451861,0.0220938524683769,-0.05103487993121556,-0.033849582462648464,-0.007313950662469222,0.0061752243903815465,0.009448998570456868,-0.019727921237207947,0.031021400585301128,-0.022295899990897206,-0.034243338539480514
0.4689379252126922,-0.01911395816258976,0.3547923202005721,-0.33856093996759906,0.023967093465312752,0.0182528884132573,0.13246841411516905,0.05643219554140285,-0.19485337187032226,0.0691259558811611,-0.053708565307092226,-0.15844994677978366,-0.26809707357620394,-0.022007301630647194,-0.18566162453543655,-0.17481474457133206,-0.05963929701425267,0.06278310069062532,-0.0820827079636556,-0.22665195130537655,0.02902809147268842,-0.03157627231899283,-0.14777870042674704,0.1314769587476593,-0.002993815620301635,-0.07367104560717987,0.08712066345856397,0.061206232234960196,-0.06467906890211272,0.12407983280928621,-0.015847833679712847,-0.021366870675102487,0.09567449496923693,-0.06154211660317716,0.008779089516177774,0.028713324671331805,0.05507505312760337,-0.033382744578868376,0.010003638094537453,-0.0032239553045355822,0.017611864342367202,0.0033420338204439063,0.014513772625612239,-0.05246004525320094,0.011015992484595255,-0.07398315238236337,-0.047202545341008595,-0.040999639967352904,0.04406953380641241,0.0915132613584538,0.0074971686741634016,0.0747630700604238,-0.05686055257449006,0.05406586381428961,0.019994704634496232,0.061828859964426996,-0.06753844203938533,-0.04487013490292122,-0.023983668348593615,0.02523410391434429,0.041631647867642105,0.07395713584564349,-0.0099301034641189,-0.02409159546151106,-0.04974833680190226,-0.029249808176433488,-0.04092745794707911,-0.007953104279409463,0.09563338530158774,-0.06869016593702612,-0.03544026037364728,0.03062470765674862,-0.05187664014496579,-0.0007429848916321837,0.08468797563331183,0.04613409636580864,-0.016615627999300407,0.010181716046571726,0.018504419973163787,0.03977441129618096,0.05848087558668268,-0.009415271005721959,0.06511176980375452,-0.019850252664063615,-0.016856997113629767,0.09866253150721829,-0.034653599298682725,0.03831252303043933,0.07623203288983008,0.00811693891511399,-0.015735585470751483,-0.001281571053203054,-0.0002991507621841581,0.036557678147866826,-0.02397735613958468,-0.013634894492635538,-0.011436362267925566,-0.016056567375618138,-0.031923541977572745,-0.015318855213745647,0.005077057536678507,0.08028254207070046,-0.0585166433719557,0.010043476438730332,0.027068120337868196,0.0004953069914434359,0.04419118294084278,0.0005540420710845262,0.0009123834905541297,0.040898749461141796,0.005366553984998374,-0.02385724578071737,-0.02305942902766349,-0.007234481348914182,-0.002954831126444756,0.02289447271338492,-0.0008694155906236084,-0.052541442776566166,-0.017397313879851863,-0.02001952541747237,-0.024432444863317502,0.019423220941550634,0.01957679476166673,0.012905557120477478,0.03958730164140086,0.023122947721700992,-0.043524550427568504,-0.04193457405675304
0.6460278479856841,0.11915492039756048,-0.05997925393526592,-0.2698164607228191,0.041198936011129186,0.13554416001188446,-0.14881858503508288,0.15095469809156342,-0.190025961949634,0.10467431196156991,-0.12698516459658854,-0.026238343271009122,-0.16811253097280623,-0.20201541373356138,0.01604715419814149,-0.2048153057594047,-0.0994750958815495,0.042084868448792806,-0.18106461004115965,-0.02775937763945514,-0.009202303556998016,-0.0940670226649088,-0.046264369763054806,0.004134006425698434,-0.006240557801375438,-0.11263143577425885,0.039945550333817276,0.09993208778891412,-0.02278809105389409,-0.033089985330036945,0.09056834283688493,-0.0047037362925968305,0.0927286635815401,-0.04429009314870136,-0.04504054389936894,0.07268802762051202,0.045384983561322124,-0.004686175789506345,-0.056978344087698495,0.0336755591606565,0.014205978684840683,0.016706785211966318,-0.075725240010321,-0.11636450732440892,0.0442713930330071,-0.035354489676669446,-0.0359008687718169,-0.018785035453366315,0.015883337824632526,0.005560918976025154,-0.004778802539476721,0.08018269316212495,-0.022217416401815373,0.0889592372347833,0.05088658659071995,0.010173393466190263,-0.056140344164293705,-0.005853904656977373,-0.002156540667749262,0.01604172205569952,0.0034114286588207334,0.03543025050105351,0.03809249998883239,0.004230797069907624,-0.05384342799908597,-0.022754936773074434,0.021851669457611803,-0.00045774712161716214,0.06521927613386011,-0.030713708177780342,0.058611783053083476,-0.011428363255182674,0.024118698752270046,-0.017670547080619516,0.04604172579686178,0.004704704397519666,0.009018030817427964,-0.0448447277457535,-0.032792331909923686,0.025181926008053874,0.016584816515865755,-0.04432055241514169,0.06875497687295938,0.023228704524742093,-0.028514855093985922,0.06668257182844092,0.023176944192878732,0.02373306716178125,0.04774110607741976,0.06443842555237456,0.020446188904437473,-0.0327459855181519,0.0011743005128448402,0.06523309718476444,-0.02529377494821904,-0.06572323981278638,-0.03528986157965377,-0.01450143914849179,-0.04911372538887112,-0.03302823102276145,-0.014964911907226876,-0.0026441590383640555,0.020627052189946194,0.05024926467200996,0.004549430994146557,-0.03351754772428853,0.09682635129457956,-0.032486049682365396,-0.0589683860441053,0.07304075681236967,0.002434724035696712,0.011890575467387983,0.002157816527820728,0.033107996345420734,0.004649285840544399,8.427794381697548e-05,0.008927480717791264,-0.015667401359798352,-0.0005713851611549477,0.002056882133299434,0.022678478113542785,0.01271778836935036,0.026932363153444095,0.028695286738388642,0.04282058158698441,0.003621941737535766,0.027246415088880458,-0.055035828488142424
0.7586347009385179,-0.11407434805058321,-0.10236587867722878,-0.2493792670212978,0.10236413607220772,-0.12489305986821321,-0.013467690356670042,0.24686203998928996,0.025307458665408514,-0.0297549165154132,0.02564901953504661,0.05975804818315546,-0.07494230789306223,-0.04356240418341591,-0.006865309821887227,0.049273759760373285,-0.09344602690690988,-0.14245635131412435,-0.1661568204515902,0.009018719711323397,0.03256894230556859,-0.041402525875427205,-0.11920425048621187,-0.02801833838436816,0.08768432404523803,0.047744151410563845,-0.017009213354941696,-0.1379821810054505,0.01684791422592131,0.10831904108587867,0.0778188804363063,0.05941039630052309,0.02429556017018088,0.03802215063008419,0.07058662629522491,0.012664064691779898,0.03230032174328943,-0.06482795193991948,-0.04111956446622315,0.015215294018549128,0.04114374328688224,-0.03753572651175682,-0.03856687590459716,-0.15464989317256275,0.05462730839158863,0.000547749081623728,0.02590689874601717,-0.0035560765773364877,0.0313264977903606,-0.026733969213051184,0.015179954947671298,0.012501000618196432,-0.08411459452203754,0.03229027309702528,0.04083406233866579,-0.027718655923882146,0.011020069199827506,0.008689350503296705,0.04925826552104402,-0.003991756836434049,0.04341132819068263,-0.017968771246039548,0.002143949926540885,0.029597914702182045,0.019943789492856037,-0.05187010060398235,-0.07113930848767268,-0.01809398219892453,0.029063767957063193,-0.030436205684856835,0.06384987358088924,0.021335154401666896,0.002902509897089478,-0.020860943347408224,0.02176835668855892,-0.018506304781898623,-0.062238104892378035,-0.009921890258173752,0.03534455091402732,0.03122831603081661,0.006296554319865303,-0.0021826094150163657,-0.014848009350456296,0.020972596548561172,-0.03257089808239951,-0.028433606508896876,-0.009624306059078241,0.02855071540453279,0.05239507935061967,0.030944994538378484,-0.008777791786761337,-0.025531628682409605,-0.005764896696323007,-0.03828853048756767,-0.04723050589365981,0.008064072132469296,-0.017587796331181117,-0.015170978983608703,0.011680984801377962,0.02441257557056406,0.016435524299273224,-0.002840615663267882,-0.019170119418058327,-0.014050645376428063,0.01692134716325261,0.01197233331619523,-0.011386679862354018,-0.004687356255807291,-0.0392053790119579,0.001722589158503634,0.008550876798872733,0.0014060597258863097,-0.02160746649449929,0.0016945904540590347,-0.00831950398455499,0.01928717358258546,-0.019099678513251582,-0.013824342092864378,-0.03060577006533982,-0.011311834133752321,0.008209371737321532,-0.006631214626558267,0.0019805529959207105,0.05579724477768473,0.003965664212899113,0.0016083339925712875,0.02194988073434266,-0.03262194275154123
0.6194047561206235,0.05180215960810333,-0.02402893835762623,-0.014648950278136622,-0.029028004933303705,-0.15142737812028378,-0.047879475147807604,-0.02470629519790072,-0.01729048578594576,-0.09189615724992338,-0.32547954805315227,-0.022661676190731096,-0.2529741655390763,-0.014843057798586882,-0.15445926039636548,0.05761464658074691,-0.09141821832346779,-0.15040899735332083,0.07204097599624697,-0.0018626480924467143,0.05615879240694812,0.21986831486546768,-0.0021498976620664234,0.03535262077817385,-0.05459164643088769,0.03251704245149612,0.11007908640260163,0.008796597879348758,-0.040290662102563914,0.1430014852948409,-0.0981463074013582,-0.07053670295105861,0.028463215734847915,-0.04136056496126014,-0.03587999078892632,-0.05972693884940336,-0.024752672620217187,0.1323946158502193,-0.07370509432647483,0.09622442185289173,-0.06392201178650168,0.05931316242049119,-0.006701881748525436,0.026697079499866157,-0.013131905086791426,0.12017775770151365,-0.02264690062124426,0.04721212305690727,-0.021897454586940694,-0.11359277454771177,0.055692568874498166,-0.06297624456758703,-0.054012197861860844,0.08407194035659701,0.06300144766940845,-0.0061669185076011854,-0.039039667801607385,-0.028748187803573317,0.02763841348719657,-0.028588815471011816,-0.04514352932058584,0.03843466468948385,-0.04752195993799099,0.017174928948620754,-0.04913978697267486,0.006530466889772847,0.038361473929384,-0.016109044516279616,-0.0796504137347431,-0.021222692586435492,0.02374888218813286,0.05022613595003009,-0.09778653278321511,0.012025726656292153,0.0016173482074118982,0.08694870591746981,0.012907561926089179,-0.05180508837205146,0.04047965167887019,-0.0384523110464659,0.0293069106592205,0.015834952064596144,0.01994403057708539,0.030441598916310524,-0.09763068065921493,-0.07250743454782127,-0.03467257276329906,-0.0578536005772606,0.023334784245129487,0.03632928874607465,0.04561308048879043,-0.1188167121749453,-0.06684910948960208,0.016585821211419372,-0.012682970894620964,-0.01093787949381074,-0.03301680671767823,0.0206493720945857,-0.060226846681419886,0.012597456398106003,0.07728577374259407,-0.014963707382120293,-0.02008647381195277,0.021437106800356286,-0.044267000605855984,-0.01088347368321712,0.01665907796797227,0.02761626127394855,-0.023880295519151197,0.06405586139603554,0.04964683475694485,0.06890224709370461,0.022197484814146573,-0.018946846221677773,-0.01907180572335541,0.07173701149713943,-0.01130524435537341,0.024090077416410508,-0.0676056719783274,-0.039414261264102364,-0.023771518450748878,-0.024656235467970137,-0.02926137776945216,0.03022744454517107,0.02105597129183937,0.020949551812009266,0.005591350479436761,-0.028442348315818745
0.43915350248334506,0.2214653192718492,0.20429499000652127,0.040507632470978744,0.14374133560588465,-0.16682669116320967,0.1544667217469948,-0.0503164771059744,0.15909360815589113,0.345342453190454,0.13818926952727578,-0.1309537778885001,-0.02634603056900255,-0.2542646720556219,-0.2971757259624421,-0.14478608339600246,-0.03746146284713764,-0.16801186457742798,0.0010693529949951683,-0.000534215928803229,-0.12189747844768145,0.09040482338054272,0.08674902960064798,0.05251652042716778,0.0007939191618550444,-0.1291735418078386,-0.07838077524338878,0.16148182397625785,-0.020823762069697424,0.060945931729842216,0.07029302983608551,-0.09767402606589562,0.051419000300414554,-0.03466677770938705,0.06493041088146292,-0.04108627747626736,-0.040985751781248664,0.028521280798258077,0.08951892536271076,0.03567826374693563,0.04575514453570068,-0.03942858014572378,0.0213173741299403,-0.05492340506032574,-0.10521862793481791,-0.020892165528866937,-0.10079660507374034,-0.03840641832184119,-0.04162765811555884,-0.029767315789247673,0.10561297291745914,0.049114074025868086,-0.018895861674325744,-0.10624906489203341,0.029658207924602675,-0.02455132527511741,0.011684804655554375,-0.04623657471984735,-0.026459867098060447,-0.06578894287248374,0.0024555070327470676,-0.037885792155929875,0.06328917372604922,0.0371862748333656,-0.03358096856285768,0.0064904889798325874,-0.03268809191151089,0.03341298774719102,0.047538462946155165,-0.04340757573128286,0.006490852503643332,0.04749194827012649,-0.016651759649653947,0.09969352136468894,0.04389947905169052,0.033909906162681566,0.012601472272614897,-0.008361144457491664,0.04649724728761694,-0.02136902130033884,0.027947603344219068,0.0016237820285306633,-0.042998275807560486,-0.03571483254923159,-0.06182677149528189,-0.0027682668558916845,-0.02925451460473906,0.030091386699738893,0.04242383301218619,0.0261723467125594,0.013194862392781498,-0.005374788600687179,0.016110962311353033,-0.012207625781513859,-0.03309401578753825,0.020730060882580215,-0.030265925863983245,-0.008752207471394836,-0.011515772475575057,0.024307307244682996,-0.0016065864723359088,-0.04275578445596652,-0.03321759913140311,0.011461794230895687,0.037620003156861447,-0.027958825023473112,-0.004665288085829886,-0.01175796996600529,0.012232252605455424,0.016087906475220872,-0.02104452136904282,0.04682638731339386,0.020031324660577565,0.00839517527619034,-0.008020151142213912,0.01394272497247747,-0.02063857358776701,0.040096638044897215,0.04978059354921481,0.0018428158015215438,-0.010861843501783649,0.02210273497111052,0.0413456070574364,0.01505930730917896,0.007743198373843732,-0.023790905633767342,0.0046179461295258436,0.0001876519935168332
0.2650609138271441,-0.21418827378527966,-0.10135566838316888,0.002359712683194549,-0.4940966175909409,0.1363579468994289,0.01403091002632637,-0.27558937349550844,0.018001972116110657,0.12943287748772858,0.1284253320427679,-0.08996519261566902,-0.0677741049622473,-0.0781131388006698,-0.2272747879790142,-0.07029850431943284,-0.09376299618042139,-0.16150490579545013,-0.15586884236504486,-0.009539263352207032,0.016650754227934293,-0.06078708778871416,0.07682922628534024,0.10291238960387826,-0.02986347179183629,-0.11267950324909928,-0.14686783000578607,0.04464210776367317,-0.10683904720263489,-0.029131409403248546,-0.0351191677347181,-0.014506716017403842,0.007194386237563439,-0.13918470880539494,0.07835707779504006,-0.08386557391987562,-0.0884345839394111,-0.07091325130857684,-0.02618673204707869,0.01946011413672189,-0.0063232359691323655,-0.06513922605536289,-0.0230136527579419,0.22066902172925187,0.10429604638601053,0.04536430450289339,-0.0976590515975724,0.06021807760833685,0.022745103640183176,0.022828879484732226,0.03349352994102351,-0.00035124782930755325,-0.012520417474350213,-0.011177167293382051,-0.045542683319718946,0.0637071511862192,0.030351152449686947,-0.1173231343015502,0.029683585370857992,-0.02937567108685583,-0.12261971773889203,0.025757994446722155,0.042717801609889555,-0.011227506359139813,-0.12762384900352775,-0.04919539214759459,0.0879588227951609,0.06361003461845215,-0.032378072217631344,-0.0074495255634414006,0.03903243273039519,-0.06566788609156794,0.04299050614569039,0.02755490621356729,-0.012392370502977696,0.04339248730542233,0.09945586665117415,-0.07519729583154523,0.036835460726798185,0.03210987430020899,-0.003495090857342941,-0.03116585670717567,-0.044625573011467794,-0.047205409852307936,-0.0033649282317232457,0.022019448742551063,-0.027823367830700125,0.01481105206686155,-0.011606856410105428,0.0034569580919338,-0.031722233691671785,-0.061872362258444724,0.09274545080915624,0.016003802357652194,-0.06590033614152013,0.051984006458049244,0.011531116443411397,0.040366602054524525,0.02104511874952124,-0.009374431726971385,-0.07052889189961122,0.00844794300822618,0.022590205103233032,-0.010213296968952823,-0.0241007527036814,0.02063642435139068,-0.011373179690380172,-0.02728203814383128,-0.005157332464333007,0.005730353349914381,-0.005362955293563134,0.08002485375853484,-0.05643936504099279,0.032140160585036937,-0.022593262453814343,0.033167721367768056,0.05694977791060763,-0.07511681887435123,0.0223021464265862,-0.05355666944601346,-0.0025744930131754076,-0.0038715604269832413,0.03104871497979914,0.0156903877786193,-0.004967742104035985,-0.038668550085484726,-0.020179922666956136,-0.035381224851716665
0.3945018346696616,0.1354627265874502,0.1516720333094185,0.24672633409227265,0.12860307111545746,0.0404527201652058,0.10634881145299502,0.02864679804723036,0.0125522816397382,0.3086672975457131,0.1794484077472918,-0.3152911428984059,-0.026998451612027224,-0.23930923512437688,-0.1491659109334926,-0.042687479804574095,0.0755442352124115,-0.0284065460447889,0.01942320104227643,-0.15475973259803436,-0.2090413431267082,0.13488992695432955,0.09538833357843385,0.09936212711644032,-0.004866054517368605,-0.15921329321402916,0.078170580674937,0.13592644964695846,0.09731547540989717,0.0894475869475564,0.052655481412308275,-0.11524112472179392,0.020588986312330394,-0.06050897134023435,0.06795413964687373,-0.10812225835542687,0.01732741356233006,-0.06876805746567269,0.057879526093870176,0.022382174434610765,0.05025174547951928,-0.009528345506940763,-0.03480331763909767,-0.02058681438075108,-0.05568521862288801,0.05206401044429343,-0.012065277432296902,-0.035758223441310355,0.00827252899599666,-0.02627243946657786,0.04250737848314479,0.0033500037475231435,-0.04652467328186318,-0.1414301305895127,-0.008974912085150704,-0.1112885010499244,0.01928650685683921,-0.1104215870982478,0.011836197193446705,-0.008562211303417604,0.007631463321741844,-0.0835289510085979,0.1164162725227794,-0.055354082863242046,-0.03472345248656034,0.0599410035974643,-0.062200894050711476,0.08930018274134112,0.06420950933610274,-0.001683813905377914,0.04756569444613417,-0.018741315005919003,0.05525176926041726,-0.02104999580796761,0.04497342591540414,0.05711874500909133,0.039353287042458135,-0.00163633548530208,0.0691048443053652,-0.019912550463552833,0.07314081006302867,-0.007301802043966683,-0.042979389967518426,-0.009553600336546593,-0.08653979038255231,0.021167080626378725,0.005069951810828923,-0.0005169509371563522,-0.06113996110717968,0.021351685684000737,-0.004604290157392428,0.004212957242475538,-0.0033274895572315416,0.0023440195058492437,-0.043340784839508296,0.0007581403263848819,-0.04932892152111422,-0.038582508821868915,0.05085878837809598,0.041959284343095905,-0.013223187722334688,-0.027487927457754895,-0.015726954841175873,-0.0056008139556771135,0.02836816270998505,-0.02804797360277859,0.021862933057032886,0.010339150646505422,0.01638623569148355,-0.03588683660499861,-0.01685339189339795,0.06499697271325976,0.05430985912345254,0.011500906144489158,0.05536140781093437,-0.006369126586538893,0.013612789524482721,-0.02296401120480245,0.027114946095788753,-0.026131154808247993,-0.011660319888093799,0.02938209278595762,0.04706367532863425,-0.028809785866421484,-0.012827908712348937,-0.04575112833845007,-0.014020750174525113,0.01655281169549208
0.01899336176315453,0.3936321252084977,-0.12491248931049775,-0.277520586045054,0.15515038247011978,0.04287069930446092,-0.15890615552814205,-0.29752623813520823,0.10949468384291224,0.04393485773167017,0.42878212728084725,-0.07797034921202375,0.04930657439898715,-0.04251438227131263,0.1378238029728167,-0.04270717974116815,0.033574279059706905,-0.220342598714919,-0.02892923748004012,0.002731769297774925,-0.010680376958069534,0.06211582137087983,0.049582946139519475,0.17821575341244747,-0.03071433693150186,-0.1628080858143418,0.12660505214854334,0.13304598766730122,0.10227623535592971,0.0944323869804739,0.10185253249288419,0.10350060211657142,-0.10065021370233068,-0.1011963129189272,-0.0784635158741599,-0.084593732714782,0.06605526578875705,0.03810579568327946,-0.0027307687434848416,0.0650365899274448,0.08670876143893273,0.03338730011322257,-0.03419327152607172,0.032599876905746554,-0.1510196490721798,-0.01555137416663437,-0.05303905227111784,-0.012114321885770545,-0.010777613794965217,0.012745004198248623,0.030587228470205653,0.02211139300874395,0.0010463353670338471,-0.07382922817890697,-0.012555551680665503,-0.03360047537985133,0.057501401315642034,-0.0827794506659929,0.005686896224709742,0.0029391716092151353,0.07744540888018167,-0.0682684573885124,0.016875582892481276,-0.012503191120669855,-0.059020832009933036,0.011818548634981661,-0.07134637117698388,0.09134193388075935,-0.05616215860197886,-0.023170998513677814,0.018503241426187794,-0.0268277008741659,-0.0863875523701313,0.033235162171774905,0.031824747819249634,-0.011763506778197989,0.10574013327997958,-0.006567436274247215,-0.002767176314754154,-0.016735045153544605,-0.004581299033814653,0.00823655048876079,-0.07428275799852671,0.01039063751385234,-0.0453383294685035,0.047999044772782405,0.03183778361296563,0.01187632463966057,-0.0015566132709730915,-0.019366290327860344,0.061961611324780536,0.05300847490860351,0.02680685769030583,0.0186398930165792,-0.02200278809254762,-0.013318451596128858,0.019080646664970433,-0.00958101962339136,0.03296893589198067,0.019095990125837528,-0.012370530562966253,0.015289381262914806,-0.03393877233606678,0.06182001425669454,-0.015941943033357848,0.006607747469038332,-0.0025498876778197828,0.005579333198456183,0.009371892915777827,0.022514401951044562,-0.004752240735317153,0.015095559198530902,-0.03758727715222978,-0.0018975654943299074,-0.02925128249225068,0.017979620731286585,-0.023033687016403043,0.012565331345122733,-0.03217629264954817,-0.02478912293001841,0.03073484798383723,-0.010955610574960991,0.05049122877206015,-0.03292697970913218,-0.0015169970288897762,-0.02950442996784854,-0.01932549113138226,0.020484255776505297
0.6649424301892739,0.06976542468955665,-0.14580606566386947,-0.09615668673984097,-0.3982617098677288,-0.33763771860597247,0.051096026979262035,0.13051810376973697,0.18088792283112737,-0.05053070072249043,0.04577180326332897,-0.01802050886162547,-0.00033035530085293415,-0.022575460760145567,0.12627083545136963,0.03717713800949509,-0.045341331729574275,-0.06530249006590234,-0.07265486008132167,-0.054976487949276544,-0.018162616078517255,-0.028913282593002815,0.05320444893189959,0.05637669419055206,0.10071847655759554,-0.08411228257719232,-0.09195524165004118,-0.10185674536068884,-0.024474592442503974,-0.009292695497590226,0.04116804675261478,0.09743276960984869,-0.04033259149513956,-0.0013592399995159478,-0.01906852653850749,0.08515472848313978,0.021969955646564697,-0.028097733694262373,0.023452094889205584,0.05542650507385663,-0.0005238457774464388,-0.10566226389527801,-0.01585872747393563,0.00033514696555588956,0.06248858711628061,-0.01876959284012326,-0.005448657488899322,0.041185254438918115,0.07917079778753888,0.05893291340664904,0.006736814981364652,-0.0016826930433216343,-0.060165274523560026,-0.011749352774777835,-0.010029738790256615,0.004769786767880047,-0.004960051184902908,-0.0005929053722572869,0.027345631798154926,0.03296510697166754,0.005946222686058432,-0.009715148740607634,-0.025811225936646684,0.01386330308148922,0.0024126526884945356,-0.03221254491472063,-0.007305632630172541,0.013199212858573482,0.016771001734969645,-0.06313311482918381,-0.03979527569175457,-0.05768427869415386,0.04134313773113768,0.016285544328458485,-0.01924832712584552,-0.02470924754857493,-0.02052081272382337,0.02963774419570701,-0.006381834702569051,-0.06153751922285717,-0.028460523026786522,0.06934271604114549,-0.018494187369642083,-0.034168146836432364,0.01984600073003895,0.020780746409473565,0.04737128713645828,-0.02821826320591714,-0.024944944189092957,-0.0018488830816229917,0.002867051421543636,0.0526660331322318,-0.034010152605298924,0.0163845358919799,0.007596625505886101,0.024976555860915742,-0.02456460632620324,0.03155518276955074,0.01620944258122995,-0.02620414090941942,0.009720462869401002,0.05745689213025698,0.008567683614928285,-0.00549226231186633,0.003781683640752337,0.008705084381797906,0.010105109075433943,-0.005808897126164517,-0.0038236719759252597,-0.029180173504871985,-0.017800068254803552,0.023531520017472114,-0.007100219019160573,-0.013145453834692284,-0.034446581900130196,-0.0037385804968785717,0.05802453687794442,0.021076751446552324,-0.05237652115925785,-0.035483951819227276,0.00760819477154154,-0.03914607153939571,-0.012044141342460336,-0.009691936118419946,0.04435176590629916,-0.0022680500791435166,-0.008962851494968064,0.027337041666694522
0.6857513128244503,0.21297786973364574,-0.11079854413124347,-0.22486690813416219,-0.02275557279619415,0.10728796608508367,0.23744712168246007,0.11616687486316316,-0.1685159072900799,-0.05359802777781406,0.09957519344246114,0.11367169326275933,0.016209603474971895,-0.26368372378495075,0.12368068717859558,-0.03595316601964406,0.06720529463115121,-0.03749729747432851,-0.11115845196899514,0.14850905920157506,0.06401850673804729,-0.0056288551617182355,-0.008013352913123451,0.0346208849630589,-0.09653470134958968,-0.060206833004460836,-0.08647659601266228,0.07139493037668469,0.01153003733536787,-0.018589800658753472,0.041262596260294625,0.001684934405799789,-0.04272741298883549,0.05883016362730235,-0.08694733915570844,0.09594761989771675,-0.021478720583302538,0.004172010397942377,-0.004282684191215408,0.006273328007122598,-0.04894509682952263,-0.05165147373871165,-0.10436303168534887,0.03135165751373106,-0.010114819206766863,0.0038307392962977443,-0.07528317693846491,-0.10827267861458731,-0.017123460124442148,-0.0131363941959788,-0.03157862937125581,0.02622899548967987,-0.052320678856677724,-0.025953036175172275,0.032555784925060845,-0.0333012894571991,-0.007073488940776071,-0.03488954632808732,-0.00907433460332507,-0.035568452241981866,-0.04344001764522895,0.018726708311951747,0.009192930012362354,0.03602534560907506,0.02482134893185931,-0.013887141713261475,-0.010511464666234763,-0.007855867932299197,-0.034983090860944865,0.0715958531923789,0.04863250556090397,0.016117923712724882,0.016687478163870655,-0.04351320531994164,0.009915568015363623,0.014885628174161747,-0.04720438834568325,0.020732074179182124,-0.03835190025488673,-0.008323083064642418,0.04821017941075591,-0.07217892444068394,0.03173076261838214,-0.006336062199885577,0.010947238382263315,0.012877391954683026,-0.0005845246158765078,0.01717812870310865,-0.05823876745436913,-0.05600249920184007,0.022435645181828223,-0.04831134986038761,-0.046180407521240224,0.028231566143811636,-0.011586994851155,0.0030945456833367507,-0.04116322843982352,-0.013872346715760422,-9.001562879709615e-05,-0.032681450837695136,0.0012872090799683374,-0.024395758944443156,0.005733464519344197,0.01417307027545183,-0.015941780090918706,0.031949011261312416,0.04336078569626746,-0.013433550397679147,0.0048786343274597535,0.014778411387317435,-0.01425151799919021,-0.060932572470399675,-0.0008053629452002732,-0.027578842091516603,-0.013150754735499159,-0.007127715053029508,-0.0029071459599253726,0.0009027894072650607,-0.010150772453008473,0.006470857289830728,-0.0006207668379074155,0.020507221797010956,-0.006446318813274827,0.04385395180315889,0.026311698002770518,0.0010646881447379049,-0.029316006539078676,-0.010863428633763553
-0.07691881152506308,0.28529460497057935,-0.37789505160331427,-0.37308569302521205,0.13903782700951905,0.07756053791789239,0.2532876203819107,-0.1596614285182571,-0.3441703900930681,0.12191524924553876,0.2056708632816294,-0.21139356325830602,0.09234582655244393,0.05173785858364418,0.16790365389873438,-0.03261538491972947,0.12369809092511835,-0.1774984085888876,-0.01619575733935242,-0.051650835623514545,0.05236463606684928,-0.11198003148851395,-0.01057783767986264,0.029349769617322784,-0.03831383858823605,-0.06938102300307238,0.05821246915946836,0.02322348371957333,0.0406838546925483,0.024282217864335928,-0.11036504118975735,0.09242985227654453,-0.025633929571657332,0.07840837154154388,-0.05257057243091285,-0.017665125819799222,-0.09217197841531734,-0.00936338164706113,-0.021702869818509316,0.0034384337958839155,0.004393448821566867,-0.07182099770984715,-0.040543392636200055,0.010448481247515042,0.042607599903191136,-0.06783277625012592,-0.040794677047584424,-0.08477649081698192,0.07212941216411572,-0.03401565629139436,0.018894672540860934,0.060724191369923276,0.06124780787614304,-0.03521610741445706,-0.03239307711828473,-0.014726156445183072,0.06911791309310968,0.05643200538461475,-0.022823910818881455,-0.008900006299747286,0.03727496182948592,-0.01480535467387391,-0.003625535370345972,-0.01357199691142781,0.05158647599063565,-0.048640170922607626,-0.0949403130667131,-0.05737978759775247,0.04681674129531167,0.0009526653771816448,0.06344259301590613,-0.0557557057492121,0.03647753251390131,-0.04057966565054952,-0.007918701336057841,0.05272732958610009,0.02808229515833042,-0.010207700563593833,0.018384443861741706,0.0003445749054783737,-0.04975708883403868,-0.040225817140377026,0.0049305179705074345,-0.0546116811924669,0.01859770186177368,0.006513159620969891,0.06794413366566278,0.035892788258023625,-0.012354346505827474,-0.01461949610321319,-0.010264442794005355,0.004047627692770615,0.028404553654699377,0.06502823017747805,-0.013636248757021562,-0.04713278083803395,-0.0010441935137766175,0.02770150123267096,0.017193547816593695,0.028372754649143062,0.024570419336784975,0.04959447269690287,0.07476403463925804,-0.0026835042445460815,-0.012963715914516824,-0.008617670636036908,-0.031940433948926046,0.008485050087423954,-0.010123239724422356,0.015200051768967396,0.01354188470033514,-0.004212932910495528,-0.014737598063938701,0.0046199815322462805,0.06393334521249194,0.019702523092564532,0.0399820475631137,0.01823698960668344,0.10210168170431837,-0.0261491546707163,-0.013653961679088434,-0.028130058417059265,-0.02434181847672087,0.012875593031225856,-0.020000584444018202,0.0026631249964060035,0.0014242887873693677,0.016033193301181494
0.3885233884277418,-0.03446710155602572,-0.5666509374481105,-0.3266528766639699,0.05168538004389218,-0.060274236765769415,0.08203321476372072,0.06111166158274872,0.19404780301672345,0.04334545758833564,-0.009432696531504707,0.21215629731464006,0.20820397816381628,-0.0231212903441223,0.2215897416813567,0.032973492336507065,0.07921746793014955,-0.09586421623109333,0.0513820680361078,0.011212861969491724,0.11376918180405907,-0.05809723197178841,-0.08336980547198829,0.09907744366271688,-0.08657960411980782,0.01841891417848595,0.006871967169590779,-0.07825858628906603,0.08849876011437505,0.032984939553644975,0.0008834593065102693,0.0599156029944336,0.05870452943982857,-0.040472360381707366,0.10577399288388707,0.01985152832150116,-0.03725856360258072,-0.09529659818182898,-0.07314355703401931,-0.0004652876648927553,0.025755680512815137,-0.06045611609985825,0.024784408751938304,0.04055137170178836,-0.0916794600107386,0.016281344844471066,-0.08615559715843676,-0.05115847557831694,0.05688842097820605,-0.013608996752575148,0.0012122657537110685,0.004449914274469381,-0.009534547211562326,-0.005646869574252037,0.04148590519118076,-0.0244169385593831,-0.030686604001583365,-0.0663190264957139,-0.019713329346834476,0.08762775845150134,-0.01702972675990206,0.007275324941200245,0.03462922750701224,0.043125912912083564,-0.03326975749468654,0.013376672051061776,0.012088850502298302,-0.08988812907957283,-0.021049522998820052,-0.01769791444190925,-0.018173696667579394,0.02434479000615571,0.02783475706576323,0.02301404551872392,0.027892967360498035,-0.058458270776926786,-0.04048651089903558,0.06845151222811448,0.05702904191223472,-0.04280503639652405,0.008092627093190771,-0.010789099269579812,0.006872106206658104,-0.007080035366896265,0.0743171594654101,-0.017902832652350178,-0.013307659196536724,-0.020218925574715683,0.03387050497403984,-0.05930845613944976,0.04616579111738953,0.018602915983170903,0.002510209374514484,-0.05237968792993455,-0.048421512419505486,-0.01352246381964225,-0.015265734854249235,-0.02959507983061335,0.04121450547640667,0.004302308194145914,0.04906410659789647,0.028500101673412978,-0.062111515127073316,0.025833011617486464,-0.008510174886319163,-0.003266260433498932,-0.023652288401203904,0.0022668223155367334,-0.0013128619436587156,0.03141532792709685,-0.03735498431117086,0.0033414261595094584,0.02449881670049467,0.00014899531943385504,-0.014955114848980969,-0.010841165721310428,0.03270005024242216,-0.0029890162875816388,-0.013324795587911867,-0.0012759455031246339,-0.04116091339917511,-0.018598895818089947,0.03092437112715151,-0.010538329259471173,-0.004933651705608731,-0.0030730106421909442,0.010306087028277615,0.0020505757291442704
0.45347657918124157,0.2968647780335367,-0.023186156392428266,-0.5199788479052107,0.030859047955841754,-0.07460020026815863,0.1736262231477902,0.14935637453195655,0.08461711116440397,0.2014213624529721,0.13509278858718105,0.03778528300733928,0.034305469703553595,-0.1585916552580159,0.004550160241231971,-0.07681306499615573,0.05725343231660639,0.05094201492525413,-0.10986133505386307,0.08574421406729514,-0.06813772696330155,-0.12542262457892098,0.025916571257431322,-0.0038495697809237304,-0.10363002691784276,-0.15188404273348327,0.030598529172222277,0.08383770252982466,-0.01624276029731354,0.002805291121245103,-0.00014180250251624548,-0.09760946286444445,-0.007384978508684425,0.09300770194800921,-0.030899257335499627,0.11209421619917766,-0.07974065956862339,0.046937179743974135,0.08139612170194942,0.04655762452993423,0.07483707756530596,-0.04612878240221289,-0.038562776741984175,-0.024439972790105693,-0.0703183612758285,-0.008067055451984816,-0.1163979321907327,-0.06588697986576762,0.012060375463581978,0.032063538504445835,0.002318977445128286,-0.03167353798811036,-0.017786114023499423,-0.12093814034179201,0.03035334658811785,0.01551638266024675,0.01853420106812566,0.004304836660113661,0.011567399907176286,-0.028298222527137703,-0.0001105468587837838,0.025884305146668746,-0.004930100495954499,-0.011423979592531268,-0.037373962037508764,-0.06871932589779271,-0.042926786057495794,-0.10888032642925127,-0.01038052035131297,0.012153594536765322,-0.02332792072593852,0.06278074674664359,0.10569740977012852,-0.007808008297498991,-0.04402894501006369,0.06514497605675965,-0.006268739665329058,0.041536432941792004,-0.0035008657071643793,-0.019546759301669794,-0.037784953651399146,0.033378632992384034,-0.012300284283410337,-0.056926331694186524,-0.010381260170551595,0.014804684191744412,-0.012950805880304127,0.0475246413285521,0.01294170299709632,-0.018177556521253007,0.036662557193029514,0.03851425172345991,-0.0081610251113648,0.027780892909276097,0.01990222576403144,0.02334365647641804,-0.0020939146280806267,0.01953368650839935,0.030039412954245635,-0.03915403132420738,0.015675091490486903,0.010192643155950793,0.025630277614935425,0.004514710067097521,0.008641741802005817,0.040188221957267484,0.007735510442801364,-0.025967279761170938,-0.003407879628633391,0.05019452005541222,-0.022061458975217437,-0.06143511266875474,0.00730496738880887,-0.01210664529626041,-0.012442177549218548,-0.03780551570831289,-0.015589302509075932,-0.021201307719352136,0.05452642301281762,0.02987079957759709,-0.05410978299385547,-0.011668078892389033,-0.02792789117632176,-0.024609682532402612,0.008178165652232674,0.04076452735249603,0.05032549969419052,0.004318235860774446
0.280847458423807,0.39414297713766083,-0.24715112904607872,-0.4852971111705695,0.21855664433267957,-0.11892365493347393,0.20608372991612997,0.02802258979817598,0.011487890018625803,0.08822820480311266,0.10285230087263046,-0.18547617462401847,-0.13589462017056672,-0.08046690597043095,0.06360413122427754,-0.012611152922074827,0.11033842517494848,0.008995503035289237,-0.07439198715281242,0.12346684769943238,-0.051850828510014546,-0.0642794256660753,0.07618931272997485,0.1435753937583872,-0.07396898031560574,-0.012815499886581492,0.09721411279052532,0.08416308462759338,-0.008288111269830437,0.09355245010727527,0.04784335135427709,-0.04775133986093122,0.0018566990728492037,0.12739049567693583,0.02300364856082352,0.06856504892614743,-0.044653687828235186,0.02846420269928073,0.0006620315520236411,0.024571890164119765,0.06431203065225924,-0.0070225045472825315,-0.03215484138441593,0.10585005031882251,0.0383752954637024,-0.106530890623009,-0.1033991385759792,-0.13362252419509613,0.002358393340152525,-0.021930203952437083,0.021199376081663262,0.0051999710688441165,-0.05847656920071315,-0.014141877210347339,-0.02866075137845065,0.013182365452942534,0.04601753570449994,0.026520122669610815,0.07914301698971739,0.09685073956064057,0.022741390756046267,-0.03358070174897922,0.06379044210737556,0.058540545276480546,-0.04084466593966025,-0.005492145631538594,-0.0629722084610172,-0.05556064804167145,0.04461122098550398,0.02515349296931959,0.019573590660186258,0.03000703984187201,0.0775187342508353,-0.06581710938133238,0.03771199392473854,0.011221915237134254,0.0016217839226517518,-0.022001068904936864,0.008287803001282604,0.03187105560439834,-0.000386648681567752,0.04097193229150568,0.02114261456329419,-0.02692544487063667,-0.012196782821774235,0.04360473302215361,-0.0008068920846362517,0.01452579706885142,0.02390028840173437,0.028981872191889503,0.02532960471092137,-0.023803733407444894,0.01507668355381983,0.07158048225322676,0.015103361788494033,0.024905632731671352,-0.04167315877745517,0.03720056822570339,-0.03345519220663386,-0.0143929018668603,0.012511762137735196,0.0027134190104948436,0.030137052200012854,0.017996269904970236,-0.015339416676349927,-0.021828832814707037,0.01953868354642797,0.05119645067383447,-0.011741017833014337,-0.02704058191869797,-0.01799647404191405,-0.0032464799770864417,0.017437164387340477,-0.004182784218904371,0.00012416739461527362,-0.006728466726134911,0.03156540164567484,0.015674644551466683,0.043986042397418795,0.019770745940962394,-0.013554776020361063,-0.0024819399034277296,-0.07149911944444802,0.038325846714022255,0.022124569968136054,-0.037635164659828954,-0.00702304627035626,0.028671396410754398
-0.12613736121037183,0.4836944610715156,-0.42542161948676926,-0.13818245252800407,-0.1546183429341382,0.05473121319024647,0.2912984042414065,-0.03661739523142333,-0.1442899035024599,-0.023689276001478948,0.1707449941018772,-0.053397884878822736,0.10502234716543257,0.017777128763368344,-0.043758645553498246,0.07545230449235536,0.16434865218486788,-0.17418829496723756,-0.015532421484139717,0.13855754155489833,-0.11789960083380904,-0.1790922684407716,-0.0919116385221835,0.07573780492176217,-0.09016569710111542,-0.06320106927076066,-0.04382149351698269,0.0663412167830095,0.01681260150060444,-0.03800205698060719,-0.014593756318958812,0.06489685845553364,0.027811814183520595,-0.03383089469724717,-0.11296898884432022,0.043103030480792635,-0.08128519019471502,-0.037668997716861045,-0.03867867637032096,0.022626286111897924,-0.10084307994546073,-0.08867849817415681,-0.039600944101737055,-0.06028625249588152,0.04755048070499586,-0.006406319687318309,-0.05548364549631328,0.041849738607243024,-0.07920583119961125,0.011999386259591124,0.019689736642930396,0.005973468753593342,-0.045631040198308236,-0.08982691828041996,-0.03274902542630666,-0.10860374834332505,-0.07393518459296516,0.07302247326210189,-0.07210845677205086,-0.0016468644061090484,0.0049780688929081,-0.02571788974872825,0.006964908411593402,0.059439679785052206,0.025135015729379855,-0.047046821962474034,-0.061934271339735884,-0.0495000849282366,-0.05755130042532576,-0.05190802747899091,-0.0025544299420185153,-0.0670721158881056,0.03475288420401681,-0.02273539113663122,0.009605744611662649,0.017657952590538945,-0.016075759238736328,0.05364770761987109,0.015678434889526454,0.021338898712828146,-0.04136454067334422,-0.04932235537146883,-0.006542723105207575,-0.019459437901776875,0.0675463723101026,0.0035985705267691337,0.07487180906168289,0.04107034951413,0.016481717297996575,0.0056454903238460094,0.004214495698353507,-0.07928589191815301,0.006024466101266069,0.040326132624420155,-0.06315178827911447,-0.011633055594656994,0.06531210095687878,-0.014826913604717176,0.013836717659983629,0.06200533892423075,-0.021210812314325034,0.03216380596962657,-0.002660854473895957,0.018881999808110207,0.009455964039674936,0.05642182110330207,-0.007482805071047902,-0.05922758872701292,0.0009854414482625422,-0.006759645928248706,0.0218835252529948,-0.0862571964922503,-0.05460427673532137,-0.0158446434289452,-0.048270020176115154,0.00911326916625829,0.03932282687176163,-0.014693893446474426,0.03238729175303703,0.032922542398698025,0.016322012542352368,-0.023555884386229388,-0.018122033584361194,-0.01601801369391267,-0.03377245072603917,-0.014122307424790889,0.005036143243738088,0.06385833419520522
-0.035973145387563736,0.22921252220878413,-0.2747382485786893,-0.23024185486881107,-0.01509588526864977,-0.19656006120729846,-0.0299945600418114,-0.5265396069523381,-0.21918333138083468,0.182325933186165,-0.114644629674692,-0.011606017436332825,0.19338795148908833,-0.03996755200275708,0.18672559884825216,0.046679680764613526,0.08201673378354588,-0.06301527978143719,0.08513916933230582,-0.1813018188898464,-0.24946777417312116,0.05327501893090924,-0.006772779863615088,-0.06492232646619825,-0.0765735787120851,-0.046753412350441295,-0.15368985824329057,0.01758284956297673,0.004837713020747054,-0.056609768820479335,0.004787240106372171,-0.010493607743864953,0.042466892828064734,-0.11917422598005209,0.01856154378859974,0.005627216979891527,0.011790666481651576,-0.006095611804177096,0.027368955108189808,-0.03365546916375605,-0.0541840704941661,-0.02911007479908586,0.08802014789915054,-0.05406730366993609,0.05732456581731821,0.049557964866348996,-0.06130528184963053,0.01578724262413112,-0.11157321135194863,0.018303858845763698,0.01253394558431413,-0.059074783148973346,-0.03977605612657499,-0.08126682986543667,0.02183103584344573,0.04419678640388711,-0.08400842887595943,-0.034577139757042095,0.08937828772499315,0.01816947921827215,0.05410228706577291,0.027201993989324498,0.03936278200591097,-0.052902237722960085,0.056018523983705736,0.11329308642472859,-0.09317981457933455,-0.027324777693904817,0.014193146815614718,-0.007705330713512645,-0.027844952417037765,-0.045444615861667176,0.0031587303623421123,-0.0038863518114511915,-0.03321014944916663,-0.02809808015102164,0.05069818041865896,0.026523794937103815,-0.006775911449158051,-0.0005336259848341591,-0.016668846667366392,-0.020320200261424014,-0.045248884977308175,-0.03922227606544894,0.043725133779117305,-0.0677427276923383,0.014608917052944223,0.0020268875945000536,-0.023895264243534733,0.017079424191327113,0.01877096719477118,0.030016033441830525,-0.031027098725597634,0.01922461850954561,-0.014426800566131241,-0.07002491955811613,0.04756112885015707,-0.023572717819237508,0.015504521002998949,0.03704658112862021,0.014826227665665043,-0.02059274749916055,-0.00394805134075348,0.036470031191055796,0.02691011700509379,-0.030256503977685274,-0.029533710082024073,-0.030869492767161735,0.05848288384861807,-0.008554695305432347,0.011866271891951457,-0.010233739789921124,0.039872159564163144,-0.01522169206162765,-0.006958404338058395,0.059928188273853565,0.02095475490974033,-0.02048822691924534,0.05246681078267457,0.029884217357566977,0.0019719105914375442,0.0021512472221217245,-0.033077648704051846,0.024436217505752998,0.02165086726448039,0.03296726194711709,-0.0012806335226651538,-0.012370027363943254
-0.209781030735176,0.26623466963370085,-0.15793481465421244,-0.05584239011103059,-0.1791066724971618,-0.13551016617374173,-0.2722956446179237,-0.3803380569837503,-0.2330551765477886,0.2812866167139475,0.009615704433718626,0.09638839846670341,0.027060461322567803,-0.1039234911619315,0.19689726332690285,0.07968043510171757,-0.1358927224015384,-0.038550871874018094,-0.010914835922100696,-0.22384882301473646,-0.18613218593341233,-0.12187362483072636,0.09820156166075822,-0.06904433067611858,-0.09852374345517335,0.0832485280769218,-0.10100334066544032,0.11002846228979851,0.015146791520704849,0.08871611752630924,0.1187773990283745,0.05908120806791919,0.0315998177413953,0.017062853347595507,-0.026062567744433805,-0.018050632103819422,-0.034861509086658304,-0.0272847846156409,-0.14416434628980787,0.013757966396305072,-0.035512386137119316,-0.04786713320428209,-0.008280197935387337,-0.01006221053488592,0.027513357344708413,0.01186533198090333,-0.08982691595804444,-0.02078473374520208,-0.04297763402101933,-0.014550666145225434,0.053319529409810044,-0.024870561708735497,0.03455196847789711,-0.04831022376913069,0.04970060050127689,-0.06159400045182473,0.027357421715066662,0.009501393282621062,-0.011801492454236538,0.1310218581378119,0.05037954390233231,-0.026929528192330174,0.03324695870856389,-0.062232776810160186,0.04830740517024184,0.08804148044367976,-0.019169943793656136,-0.021115482613969144,-0.06718196129881174,0.02986600550400844,-0.035426382475521136,0.009007643234386908,0.043036169741016046,-0.024218158498390464,0.10569872439477308,-0.030324498072372256,0.03953169194760832,0.05122338207782084,-0.017798359976556537,0.029252327976644555,-0.05934881843578339,0.01478464639647729,0.003145692734549956,0.009653131062111856,-0.05585610850375178,0.01317908915715993,0.010278904245432374,-0.007694363416864238,-0.06625107624583618,0.056589042753947515,-0.07327306906008361,0.07949982607682554,0.038196204846344964,0.06831550328924924,0.01888085859721499,0.0006984980144202732,-0.021358642707855934,0.01843019051042599,0.05753782785738188,0.0032668684018066305,0.0013677784310365331,0.0028843896288697607,0.11201041902673514,-0.07197681433557211,-0.025391622584715237,0.0005402314563209541,-0.05616303510715618,0.011432416439037568,0.026998783085861244,0.034976002867639404,0.007950796877795083,0.01306553233039831,-0.01834783065812221,-0.051751918656647466,0.023953180018696466,0.007228728811358894,0.02006015904770318,0.019284280572483162,0.038318320135315165,0.021171930039550233,-0.043684464835771646,0.010342888481314712,0.0001797092625093709,-0.006315985521441431,0.015420736716287103,0.007343314436432696,-0.04503623685190184,-0.016814051027539384
0.46998052233436344,0.26465606201019254,-0.29721359080821974,-0.18108486075853553,-0.20767693168959964,-0.40865061963219396,-0.015985333732730245,-0.1866887512645655,0.11994167905631338,0.21289181740136953,0.09578682555139027,0.026372718183754727,-0.012806324914661871,0.0025204388202234277,0.009540983024392581,0.21284765023313135,-0.03495734014975058,-0.21639766664966245,-0.04441418756097027,0.035220517555911796,0.06572148608102145,0.07114755811660663,0.10646261771403556,-0.01909980520982051,0.028518330047023574,0.030015817522472562,-0.04774561694296022,0.0736176062686072,-0.032394451685356346,-0.001949164439552432,0.009401900912068942,0.05251681495092763,0.021929286755791942,0.03384514238235013,0.015998847424337236,0.022709021995557455,0.10869842673031205,-0.09121035212184783,0.054287085330811474,-0.012535795751666603,0.004616462114544458,-0.09399349835486256,0.006870477091799814,0.05339615964902581,0.07834874624644277,0.011069991758369575,-0.07129975429507233,0.036340255593451797,0.04981797369575521,0.02152774298262005,0.039542046042027205,0.0022563272031613734,0.01258910762613412,-0.02931985988686668,0.041604318994456116,-0.0227123873083549,0.0845871959472035,-0.00955755090891747,-0.04099635923821333,0.06398588852364065,-0.021477178555910647,-0.023132085130641272,-0.07152784089546031,0.027433446848900797,0.06650680896578658,-0.032781928754981454,0.04207364696069156,-0.04473508348456187,0.02465347367467258,-0.03616047391336741,0.0007622971152061554,0.06679444324179704,-0.046576909158795,0.018676293969480822,-0.01792794763386079,-0.06511941705395664,-0.0077565632942337755,-0.0023160794266371782,0.00030712027766293363,0.01164866455738101,0.0212150832993319,-0.015193154578775342,0.029275409661075676,-0.036876407149600283,0.0017181741109381795,-0.004955526615919584,0.04628495789774988,-0.08704934045358703,-0.016226525326210602,0.033776299144326755,0.03408174524767412,0.005901314868966709,-0.013535765855647433,0.01215027979407196,0.005149252897340813,-0.0025246189905530274,0.04731859655343783,0.0012070421146514042,-0.03188953518634048,-0.014699853860614176,-0.0005601077908173639,0.03479885991520793,-0.01358717443773012,-0.027922608846017,-0.039370086635093136,-0.0171560307983462,0.010219852810501388,0.01885402344511219,-0.08045304844231561,-0.004787314335154487,0.0021378221611262726,0.01408282101775892,0.004178157986385921,-0.04317829267010962,-0.035500225256708866,-0.02030209372987966,-0.0027212724319590413,-0.015388252662254914,-0.06869106961762557,0.0178984276818515,-0.009123143961477244,-0.014578076107103925,-0.011469148366369612,0.008731379734849018,0.03038720000189538,0.01930123678042328,-0.018252266279859496,-0.005621313600621427
-0.16651230352612817,0.2657632682323523,-0.49203876266870467,-0.21937126604941504,0.07417490768889391,-0.046085469908687796,0.12731678533479535,-0.21182892322571342,-0.00882570367671675,0.3156824244191234,-0.03258020878508843,0.1566965940456727,-0.05916938559036855,0.03316393354262787,0.10216484488485104,0.1497417479402567,0.09215259889368833,-0.17069607885197782,0.06423907169265272,-0.10884346420156367,0.14509569824407365,-0.1543668819520881,0.21192082522062566,-0.14569417756517566,-0.09087524160593531,0.09212638227934578,-0.0744255505046049,-0.04018543287762869,0.00321083409348565,-0.05887366459341559,-0.009863607332472655,0.07468343735895967,0.11926512780789292,-0.023567399172276834,0.07857108827733954,-0.0030327575368326335,0.07404986969730487,-0.09231637649146857,0.072051001511688,-0.07454694013023332,0.02010896654513343,0.04951888316909805,-0.019723949300659422,-0.036100756426611535,0.04469188784381203,0.0021302485100211264,-0.05267425931047633,0.024866764595162183,-0.009551680596273551,-0.04602369764417861,0.028495589595934834,-0.0008431390794922215,0.006374319647139786,0.012432819703807135,-0.002082351034502882,-0.06890006816918896,0.00015618279627822867,0.013756935912490784,0.05995133580322551,0.08813419945710674,0.01541246001561464,-0.05761712053894325,-0.008131850668864894,-0.029372325575791686,0.02482457400439763,-0.03603086382051947,0.012906713433801316,-0.018048551835936143,0.08796272583116557,0.04106987833801428,-0.02617771722210204,-0.015462184708010755,-0.01826430438705466,-0.008822277761837976,-0.050585099572450665,0.013916295250287983,0.0031656963151463053,-0.05924303777795943,-0.029958803022269935,-0.048374313856099804,0.059352871743264334,-0.08594339862758209,0.007791610326025596,0.08751556525803245,0.06006406621300176,0.004829716937143496,-0.03169564858364908,-0.02942029272949519,-0.021273446544901202,-0.034963659121468836,0.04675116816205852,-0.07680384245899402,-0.06750629768395383,-0.013569611603305833,0.019860587814054417,-0.007213995286159189,0.034152964306683194,-0.031515573556314354,0.012864558847161723,0.008103808709357938,0.009688966833555962,0.02248542138016526,0.008343068062037433,0.0668623244841852,-0.06343739536455983,0.006702541541174378,-0.01722918484664605,-0.019941733648924237,-0.07372218107725494,0.08755279501177833,-0.03590015791179321,-0.039519104607363076,-0.002410782654889402,-0.017544563176984867,-0.012710745162707754,-0.03237187741167666,-0.053431313731105,-0.0006464684396031597,0.037055442919238214,0.036879380541548365,-0.025837383776119126,0.010148753649037673,-0.02957605467232188,0.03640026152149923,0.025763661443253174,0.03552282288485927,-0.014321676752762982,-0.01871643064719728
0.08714900071526088,0.3060682248787574,-0.20906244089510656,-0.21552993027827982,-0.3669883756206532,-0.2019657241869501,0.005235668148834162,-0.390241893381267,-0.018103083075431226,0.3137448863411144,0.07535025846392715,0.07958036299504335,0.26865424255479714,-0.12765922220451414,0.010579521577133492,0.07278815340041662,-0.029224029307808076,-0.11426208096783073,-0.013685335143284034,-0.023185828123106413,-0.12367877347480717,0.03259351471484023,0.06842714082745056,-0.044143320324010304,0.014352422755198392,-0.056159132644509904,-0.12301978009142137,0.081078149921253,-0.018469526687371226,-0.03503758969871779,0.04502935674845157,-0.07406835966909942,-0.019601986726986775,-0.09948655821259962,0.03579405694980156,0.06927428893604394,0.03816669822973089,-0.07036447356355825,0.05515511059799891,-0.07376924486122453,-0.12078987550072462,0.0692305674306621,-0.0035805711301007594,-0.011503540522943386,0.10648894054346421,0.05797614572113897,-0.12055066735215415,0.0031728814144722705,-0.08356575406720647,-0.10140555084876199,0.03580306833949641,0.011108005454709776,-0.029042394297217115,-0.18262916982406002,0.0005190878362810831,0.011300039755919653,0.046036856545406686,-0.037739016988276364,0.006606590494925456,0.0685032392851316,0.03669131251739688,0.0020436761549845186,-0.06217714696882651,0.013489379056317589,0.005736807353666343,-0.01975410610057724,-0.02466462922892056,0.021393868267696344,0.028330863341656135,0.01013152383737332,-0.029700958276530298,0.006888012052614952,-0.007435351290537885,0.040638445943054755,-0.006485185561434769,-0.00457012811639133,-0.03523946472195067,-0.05046178005555192,0.01870773529517473,0.0027208291460213193,-0.047552505141790234,0.021544376458034437,-0.006488591772948541,-0.02678842965065245,0.01791008966700606,-0.0011629536105381452,0.030238962574616245,0.0075784169533172335,-0.005534036901035788,-0.023908416787054534,0.09367732634168813,0.04365502968439398,0.004179204672789406,-0.05882829343646649,-0.024736765235497997,-0.026945520788532976,0.002111417721705028,-0.03226089134208444,0.046643337764655325,-0.029301790726002187,0.024375944259255895,0.026344019056484994,0.08209140778645119,0.039835919807150906,-0.014268361683443042,-0.01197075719453575,-0.014344265403220641,-0.0121313478444129,-0.012989493980231845,0.011157491380071724,0.07326536119575033,0.009679073211529292,-0.007795525111674384,-0.03470271571952714,-0.004117279593977474,-0.004775044278133092,0.016433635083437294,0.029310540027527022,-0.02616209920681847,0.027545614430791072,-0.024899946904560977,0.0029961646411162915,-0.015459379485792962,-0.02137553677767372,0.03798995112591158,0.005146086721231861,-0.013060695818414405,0.023253646337059976
