Embedding_ID,Encryption_Time
0,0.013900041580200195
1,0.01233816146850586
2,0.00939035415649414
3,0.010126590728759766
4,0.011903047561645508
5,0.008424997329711914
6,0.012260675430297852
7,0.0164945125579834
8,0.018975257873535156
9,0.014649391174316406
10,0.008615493774414062
11,0.0
12,0.0039899349212646484
13,0.002014636993408203
14,0.014543533325195312
15,0.007398843765258789
16,0.0066449642181396484
17,0.005877256393432617
18,0.0
19,0.0061872005462646484
20,0.007487773895263672
21,0.0
22,0.015802621841430664
23,0.0
24,0.004281759262084961
25,0.013905525207519531
26,0.0026819705963134766
27,0.006203413009643555
28,0.0
29,0.015744924545288086
30,0.015744924545288086
31,0.011356830596923828
32,0.0
33,0.01590895652770996
34,0.002015829086303711
35,0.008173942565917969
36,0.006974697113037109
37,0.006026744842529297
38,0.00586247444152832
39,0.007258892059326172
40,0.0057086944580078125
41,0.0
42,0.007230520248413086
43,0.006665468215942383
44,0.00808262825012207
45,0.007180690765380859
46,0.0020101070404052734
47,0.0
48,0.015851974487304688
49,0.0166471004486084
50,0.0
51,0.011946678161621094
52,0.0
53,0.011447906494140625
54,0.008098840713500977
55,0.017789840698242188
56,0.014900445938110352
57,0.01512289047241211
58,0.0
59,0.0
60,0.015776395797729492
61,0.0056362152099609375
62,0.0
63,0.0
64,0.015865564346313477
65,0.007695436477661133
66,0.0038182735443115234
67,0.0
68,0.01965618133544922
69,0.011040925979614258
70,0.0
71,0.009672880172729492
72,0.015790939331054688
73,0.012376546859741211
74,0.0058176517486572266
75,0.003816843032836914
76,0.002573251724243164
77,0.010391473770141602
78,0.0067784786224365234
79,0.0
80,0.008157730102539062
81,0.0020132064819335938
82,0.004544496536254883
83,0.017714738845825195
84,0.0064945220947265625
85,0.00995326042175293
86,0.0
87,0.0064525604248046875
88,0.009298563003540039
89,0.014893531799316406
90,0.011686563491821289
91,0.013932943344116211
92,0.002282857894897461
93,0.00839543342590332
94,0.0
95,0.0010101795196533203
96,0.0
97,0.0
98,0.01586437225341797
99,0.010493278503417969
100,0.0007386207580566406
101,0.004874706268310547
102,0.007231712341308594
103,0.0
104,0.01615309715270996
105,0.011913299560546875
106,0.0036163330078125
107,0.0
108,0.008812665939331055
109,0.014287471771240234
110,0.009148836135864258
111,0.01991581916809082
112,0.010203361511230469
113,0.008870840072631836
114,0.00716090202331543
115,0.015763044357299805
116,0.011583089828491211
117,0.011346578598022461
118,0.008069992065429688
119,0.0
120,0.0
121,0.0
122,0.017589807510375977
123,0.005389690399169922
124,0.0030820369720458984
125,0.0
126,0.015768051147460938
127,0.004811763763427734
128,0.010442733764648438
129,0.00837254524230957
130,0.00677180290222168
131,0.0040624141693115234
132,0.012803792953491211
133,0.0020589828491210938
134,0.015680551528930664
135,0.0
136,0.0
137,0.0
138,0.0
139,0.0
140,0.007605552673339844
141,0.012373685836791992
142,0.01050567626953125
143,0.010778665542602539
144,0.015925168991088867
145,0.015798091888427734
146,0.01816558837890625
147,0.010594844818115234
148,0.0041921138763427734
149,0.010552406311035156
150,0.008483171463012695
151,0.014730453491210938
152,0.008708000183105469
153,0.01738595962524414
154,0.008209466934204102
155,0.012408733367919922
156,0.0
157,0.016144514083862305
158,0.018972396850585938
159,0.012901544570922852
160,0.012214183807373047
161,0.01004934310913086
162,0.012369632720947266
163,0.00864863395690918
164,0.01074671745300293
165,0.008431673049926758
166,0.005250692367553711
167,0.010139226913452148
168,0.007094621658325195
169,0.0
170,0.017536640167236328
171,0.012813091278076172
172,0.0039598941802978516
173,0.007307291030883789
174,0.011564254760742188
175,0.0092010498046875
176,0.005491018295288086
177,0.00672149658203125
178,0.0
179,0.0
180,0.015649080276489258
181,0.0
182,0.004944801330566406
183,0.004828929901123047
184,0.015337467193603516
185,0.008995532989501953
186,0.009046792984008789
187,0.008208036422729492
188,0.007052898406982422
189,0.005646705627441406
190,0.0
191,0.0
192,0.02070450782775879
193,0.00819540023803711
194,0.004793643951416016
195,0.00402522087097168
196,0.005915403366088867
197,0.006075620651245117
198,0.008008718490600586
199,0.0
200,0.0056836605072021484
201,0.0070002079010009766
202,0.008530616760253906
203,0.005233287811279297
204,0.015864133834838867
205,0.004836559295654297
206,0.0
207,0.013710975646972656
208,0.01603531837463379
209,0.011760711669921875
210,0.007910013198852539
211,0.0
212,0.006774425506591797
213,0.0
214,0.00632023811340332
215,0.00533604621887207
216,0.007045745849609375
217,0.0074176788330078125
218,0.007232666015625
219,0.010508298873901367
220,0.003133535385131836
221,0.009425640106201172
222,0.0063741207122802734
223,0.008495807647705078
224,0.008405685424804688
225,0.011365413665771484
226,0.011255741119384766
227,0.009560108184814453
228,0.009354591369628906
229,0.00988316535949707
230,0.0064678192138671875
231,0.004682779312133789
232,0.005689859390258789
233,0.005440711975097656
234,0.012418508529663086
235,0.007261514663696289
236,0.004027843475341797
237,0.005769252777099609
238,0.0076520442962646484
239,0.006034374237060547
240,0.006020784378051758
241,0.0046558380126953125
242,0.006787776947021484
243,0.004019975662231445
244,0.003773927688598633
245,0.0078122615814208984
246,0.0064907073974609375
247,0.007248878479003906
248,0.00903010368347168
249,0.004847288131713867
250,0.008272886276245117
251,0.006026506423950195
252,0.003764629364013672
253,0.013008832931518555
254,0.007731914520263672
255,0.0053479671478271484
256,0.007058858871459961
257,0.004019260406494141
258,0.004035472869873047
259,0.012061595916748047
260,0.005777120590209961
261,0.006632566452026367
262,0.0
263,0.014466047286987305
264,0.0
265,0.005905628204345703
266,0.0
267,0.0
268,0.0
269,0.0
270,0.01598072052001953
271,0.0
272,0.0
273,0.012702703475952148
274,0.004023075103759766
275,0.004017829895019531
276,0.004851818084716797
277,0.006519794464111328
278,0.0033621788024902344
279,0.004018545150756836
280,0.0047190189361572266
281,0.006592988967895508
282,0.010966777801513672
283,0.008322715759277344
284,0.0056476593017578125
285,0.0
286,0.00450897216796875
287,0.00439906120300293
288,0.0070688724517822266
289,0.00618433952331543
290,0.009365558624267578
291,0.010054349899291992
292,0.005773782730102539
293,0.006530046463012695
294,0.006044149398803711
295,0.006672382354736328
296,0.009277582168579102
297,0.0069310665130615234
298,0.005312681198120117
299,0.006031513214111328
300,0.006021261215209961
301,0.006038665771484375
302,0.0
303,0.00566554069519043
304,0.010027170181274414
305,0.005976438522338867
306,0.0032045841217041016
307,0.012510061264038086
308,0.010528087615966797
309,0.004990100860595703
310,0.0
311,0.019254446029663086
312,0.0020089149475097656
313,0.008861780166625977
314,0.006634235382080078
315,0.0028371810913085938
316,0.013196945190429688
317,0.006023406982421875
318,0.004016876220703125
319,0.0057621002197265625
320,0.006022930145263672
321,0.004364967346191406
322,0.013305425643920898
323,0.0
324,0.006724834442138672
325,0.002867460250854492
326,0.011830329895019531
327,0.0
328,0.004684925079345703
329,0.010984182357788086
330,0.0
331,0.016008377075195312
332,0.0
333,0.006035327911376953
334,0.0057947635650634766
335,0.005539894104003906
336,0.004628896713256836
337,0.0020079612731933594
338,0.006732940673828125
339,0.003969907760620117
340,0.007044076919555664
341,0.00601649284362793
342,0.005376100540161133
343,0.00618433952331543
344,0.0069425106048583984
345,0.006127119064331055
346,0.0054225921630859375
347,0.004077434539794922
348,0.010695457458496094
349,0.006789207458496094
350,0.0058956146240234375
351,0.005776643753051758
352,0.00883030891418457
353,0.005051374435424805
354,0.0
355,0.0020101070404052734
356,0.01192331314086914
357,0.010087013244628906
358,0.004732847213745117
359,0.002542734146118164
360,0.012803316116333008
361,0.0
362,0.006276369094848633
363,0.0020058155059814453
364,0.0
365,0.02009725570678711
366,0.010825872421264648
367,0.011602163314819336
368,0.0
369,0.009702920913696289
370,0.015785932540893555
371,0.009188652038574219
372,0.015068292617797852
373,0.0
374,0.00602412223815918
375,0.007099628448486328
376,0.007967233657836914
377,0.011729717254638672
378,0.015750885009765625
379,0.015932321548461914
380,0.010067224502563477
381,0.0
382,0.008992671966552734
383,0.0037240982055664062
384,0.004029273986816406
385,0.0053980350494384766
386,0.012087583541870117
387,0.005908489227294922
388,0.0040318965911865234
389,0.0
390,0.0
391,0.0
392,0.015153884887695312
393,0.007718324661254883
394,0.006425619125366211
395,0.01570749282836914
396,0.02212071418762207
397,0.00994420051574707
398,0.02381730079650879
399,0.0030515193939208984
400,0.023729562759399414
401,0.009354591369628906
402,0.0025565624237060547
403,0.006197214126586914
404,0.018041610717773438
405,0.009029865264892578
406,0.016226768493652344
407,0.0
408,0.01577472686767578
409,0.012254714965820312
410,0.009092569351196289
411,0.00761103630065918
412,0.00828099250793457
413,0.015799283981323242
414,0.01588296890258789
415,0.014061450958251953
416,0.010648727416992188
417,0.018601655960083008
418,0.007835865020751953
419,0.008648157119750977
420,0.010065793991088867
421,0.00892186164855957
422,0.010683536529541016
423,0.01623249053955078
424,0.015940427780151367
425,0.009466171264648438
426,0.011792898178100586
427,0.009224891662597656
428,0.013416051864624023
429,0.011465072631835938
430,0.01583242416381836
431,0.003028392791748047
432,0.022238731384277344
433,0.0043027400970458984
434,0.0
435,0.012389183044433594
436,0.01720404624938965
437,0.01543736457824707
438,0.010879278182983398
439,0.006473064422607422
440,0.008048057556152344
441,0.003756284713745117
442,0.015832901000976562
443,0.008534431457519531
444,0.015686988830566406
445,0.01240992546081543
446,0.011207818984985352
447,0.005674600601196289
448,0.005093097686767578
449,0.012055397033691406
450,0.007833719253540039
451,0.015956878662109375
452,0.010557889938354492
453,0.008042573928833008
454,0.015935182571411133
455,0.006051301956176758
456,0.012521028518676758
457,0.010658502578735352
458,0.008513927459716797
459,0.015995264053344727
460,0.01584148406982422
461,0.020273923873901367
462,0.00954437255859375
463,0.02114391326904297
464,0.013917684555053711
465,0.013159990310668945
466,0.009437322616577148
467,0.011980772018432617
468,0.0
469,0.005840301513671875
470,0.0
471,0.0057718753814697266
472,0.01583409309387207
473,0.013124704360961914
474,0.009505510330200195
475,0.010305166244506836
476,0.0
477,0.005186557769775391
478,0.014106035232543945
479,0.02586221694946289
480,0.01197671890258789
481,0.0
482,0.0
483,0.002540111541748047
484,0.011458873748779297
485,0.011572122573852539
486,0.011902809143066406
487,0.0
488,0.0
489,0.012196779251098633
490,0.017836332321166992
491,0.01411581039428711
492,0.008832931518554688
493,0.012383460998535156
494,0.0029668807983398438
495,0.009133577346801758
496,0.0
497,0.01315450668334961
498,0.010662555694580078
499,0.014074563980102539
500,0.0
501,0.014316558837890625
502,0.0
503,0.015822887420654297
504,0.0117340087890625
505,0.008479118347167969
506,0.013658523559570312
507,0.01601862907409668
508,0.012586355209350586
509,0.0037834644317626953
510,0.019301176071166992
511,0.011935710906982422
512,0.01416325569152832
513,0.016058921813964844
514,0.0
515,0.006043434143066406
516,0.014636039733886719
517,0.0034673213958740234
518,0.01272439956665039
519,0.01006174087524414
520,0.005040884017944336
521,0.016208887100219727
522,0.0
523,0.015373706817626953
524,0.014413118362426758
525,0.01597285270690918
526,0.01585865020751953
527,0.010658502578735352
528,0.02376270294189453
529,0.011358261108398438
530,0.017752885818481445
531,0.009782552719116211
532,0.022167205810546875
533,0.00870060920715332
534,0.012052536010742188
535,0.0
536,0.011805295944213867
537,0.010046243667602539
538,0.015457391738891602
539,0.008167505264282227
540,0.01888585090637207
541,0.013597726821899414
542,0.012258768081665039
543,0.012574911117553711
544,0.014021873474121094
545,0.011998891830444336
546,0.009822368621826172
547,0.009757757186889648
548,0.014050483703613281
549,0.005549192428588867
550,0.012352466583251953
551,0.008202314376831055
552,0.0059719085693359375
553,0.0
554,0.0
555,0.012714147567749023
556,0.0
557,0.002224445343017578
558,0.02023768424987793
559,0.01060795783996582
560,0.003525257110595703
561,0.0
562,0.016194820404052734
563,0.0017583370208740234
564,0.00644373893737793
565,0.021910905838012695
566,0.005563974380493164
567,0.01578664779663086
568,0.02123260498046875
569,0.011446714401245117
570,0.007857799530029297
571,0.015828847885131836
572,0.012808561325073242
573,0.01611924171447754
574,0.010104656219482422
575,0.015518426895141602
576,0.009308338165283203
577,0.009524345397949219
578,0.005387067794799805
579,0.01601386070251465
580,0.01012873649597168
581,0.0009562969207763672
582,0.0
583,0.01698589324951172
584,0.014963626861572266
585,0.015831470489501953
586,0.02615189552307129
587,0.00394892692565918
588,0.015813827514648438
589,0.01590585708618164
590,0.015821456909179688
591,0.015836477279663086
592,0.009995698928833008
593,0.01405644416809082
594,0.015845775604248047
595,0.0050716400146484375
596,0.011588811874389648
597,0.021517276763916016
598,0.013141632080078125
599,0.0
600,0.0
601,0.0
602,0.015744447708129883
603,0.01923346519470215
604,0.010346174240112305
605,0.0
606,0.0
607,0.015830516815185547
608,0.015828609466552734
609,0.00933837890625
610,0.01468348503112793
611,0.016119718551635742
612,0.011931896209716797
613,0.011606454849243164
614,0.00843667984008789
615,0.015816688537597656
616,0.0158536434173584
617,0.0
618,0.0
619,0.016402006149291992
620,0.006392478942871094
621,0.010707855224609375
622,0.013458013534545898
623,0.015850543975830078
624,0.0
625,0.011696577072143555
626,0.015300750732421875
627,0.015851497650146484
628,0.015872955322265625
629,0.015776634216308594
630,0.01606154441833496
631,0.00933694839477539
632,0.015752315521240234
633,0.015832185745239258
634,0.015738248825073242
635,0.012196063995361328
636,0.0155792236328125
637,0.005757570266723633
638,0.0
639,0.010706663131713867
640,0.0
641,0.0
642,0.009036779403686523
643,0.013485193252563477
644,0.015807628631591797
645,0.008215665817260742
646,0.015833139419555664
647,0.015799999237060547
648,0.01966404914855957
649,0.009779691696166992
650,0.011809587478637695
651,0.0
652,0.0
653,0.015858888626098633
654,0.009333372116088867
655,0.014599323272705078
656,0.0157620906829834
657,0.02278280258178711
658,0.0031533241271972656
659,0.0
660,0.010765314102172852
661,0.011288881301879883
662,0.0
663,0.0
664,0.015877246856689453
665,0.018567562103271484
666,0.009937047958374023
667,0.0033600330352783203
668,0.0
669,0.0
670,0.015897512435913086
671,0.01578044891357422
672,0.0
673,0.0
674,0.0
675,0.0
676,0.009665250778198242
677,0.009198188781738281
678,0.008816003799438477
679,0.0
680,0.015781402587890625
681,0.01589059829711914
682,0.02349114418029785
683,0.0
684,0.017655134201049805
685,0.009948015213012695
686,0.017961740493774414
687,0.009119749069213867
688,0.007185697555541992
689,0.014602899551391602
690,0.0
691,0.01831960678100586
692,0.0022335052490234375
693,0.007790803909301758
694,0.0064830780029296875
695,0.005402565002441406
696,0.0073435306549072266
697,0.00894021987915039
698,0.009536027908325195
699,0.013473033905029297
700,0.007264375686645508
701,0.0071985721588134766
702,0.01285243034362793
703,0.01412343978881836
704,0.006654024124145508
705,0.013416290283203125
706,0.010618448257446289
707,0.00801706314086914
708,0.00529026985168457
709,0.005576133728027344
710,0.005971431732177734
711,0.0069751739501953125
712,0.006215810775756836
713,0.01733851432800293
714,0.01385188102722168
715,0.007125377655029297
716,0.007460117340087891
717,0.0069501399993896484
718,0.007710933685302734
719,0.007360696792602539
720,0.01050257682800293
721,0.007574319839477539
722,0.0052509307861328125
723,0.008304119110107422
724,0.007035970687866211
725,0.005544424057006836
726,0.010694742202758789
727,0.005021333694458008
728,0.008356332778930664
729,0.0072629451751708984
730,0.00859522819519043
731,0.010373353958129883
732,0.007110118865966797
733,0.007549762725830078
734,0.008648395538330078
735,0.006326198577880859
736,0.006941556930541992
737,0.012215852737426758
738,0.009203195571899414
739,0.0064275264739990234
740,0.005278587341308594
741,0.008193492889404297
742,0.006103038787841797
743,0.013968467712402344
744,0.008224725723266602
745,0.008568763732910156
746,0.006396055221557617
747,0.012752294540405273
748,0.005206108093261719
749,0.00738978385925293
750,0.006829500198364258
751,0.006642580032348633
752,0.007454872131347656
753,0.009742975234985352
754,0.007656097412109375
755,0.0069005489349365234
756,0.007197380065917969
757,0.0011823177337646484
758,0.007608652114868164
759,0.007682323455810547
760,0.008063554763793945
761,0.012956619262695312
762,0.007550954818725586
763,0.007236003875732422
764,0.006011486053466797
765,0.008208036422729492
766,0.0016264915466308594
767,0.0076787471771240234
768,0.00641322135925293
769,0.012866735458374023
770,0.013208389282226562
771,0.00751185417175293
772,0.008011579513549805
773,0.012219429016113281
774,0.009603738784790039
775,0.008975744247436523
776,0.009871482849121094
777,0.010888099670410156
778,0.014903545379638672
779,0.00688481330871582
780,0.006577253341674805
781,0.013530731201171875
782,0.007539987564086914
783,0.015245437622070312
784,0.013482332229614258
785,0.007871866226196289
786,0.013092279434204102
787,0.008285284042358398
788,0.01032567024230957
789,0.020229101181030273
790,0.005935192108154297
791,0.006331205368041992
792,0.0064275264739990234
793,0.006474733352661133
794,0.006412029266357422
795,0.005687713623046875
796,0.010458707809448242
797,0.007222652435302734
798,0.006299257278442383
799,0.008137702941894531
800,0.007741689682006836
801,0.0015497207641601562
802,0.0064029693603515625
803,0.0052568912506103516
804,0.0073010921478271484
805,0.006814002990722656
806,0.014508962631225586
807,0.005742788314819336
808,0.007885456085205078
809,0.01327824592590332
810,0.01467752456665039
811,0.0083465576171875
812,0.006203889846801758
813,0.0
814,0.006957530975341797
815,0.007280588150024414
816,0.006463050842285156
817,0.0
818,0.008119821548461914
819,0.00707554817199707
820,0.008253812789916992
821,0.007355690002441406
822,0.00721287727355957
823,0.01338648796081543
824,0.0053060054779052734
825,0.007009983062744141
826,0.00824427604675293
827,0.008301973342895508
828,0.00696563720703125
829,0.006426811218261719
830,0.0051419734954833984
831,0.0070247650146484375
832,0.006588459014892578
833,0.007472515106201172
834,0.011449098587036133
835,0.011421442031860352
836,0.012877941131591797
837,0.012310266494750977
838,0.007818937301635742
839,0.008382797241210938
840,0.012148380279541016
841,0.007467031478881836
842,0.006443023681640625
843,0.012816429138183594
844,0.013589859008789062
845,0.006042003631591797
846,0.014922857284545898
847,0.008326530456542969
848,0.01357889175415039
849,0.006691932678222656
850,0.013123035430908203
851,0.010782003402709961
852,0.0034096240997314453
853,0.0130157470703125
854,0.008126258850097656
855,0.006893157958984375
856,0.007509469985961914
857,0.007474184036254883
858,0.005227565765380859
859,0.0061986446380615234
860,0.0057353973388671875
861,0.005788087844848633
862,0.006607532501220703
863,0.0052187442779541016
864,0.0073621273040771484
865,0.008524656295776367
866,0.0064237117767333984
867,0.007312774658203125
868,0.009028911590576172
869,0.013567209243774414
870,0.0051267147064208984
871,0.0065004825592041016
872,0.006720781326293945
873,0.007750511169433594
874,0.007894515991210938
875,0.014631032943725586
876,0.0066680908203125
877,0.009194374084472656
878,0.008279800415039062
879,0.0075948238372802734
880,0.005186319351196289
881,0.00763392448425293
882,0.007307767868041992
883,0.010491132736206055
884,0.007101535797119141
885,0.013874292373657227
886,0.008481979370117188
887,0.007429599761962891
888,0.008207321166992188
889,0.012670278549194336
890,0.005099773406982422
891,0.013434410095214844
892,0.008133649826049805
893,0.007892847061157227
894,0.006125211715698242
895,0.007631540298461914
896,0.01535177230834961
897,0.01265096664428711
898,0.004888057708740234
899,0.006609201431274414
900,0.007485628128051758
901,0.013988494873046875
902,0.008232593536376953
903,0.013755083084106445
904,0.007648468017578125
905,0.008014440536499023
906,0.013423681259155273
907,0.007737874984741211
908,0.014171838760375977
909,0.010297060012817383
910,0.008337259292602539
911,0.007464885711669922
912,0.0062754154205322266
913,0.007282733917236328
914,0.007976055145263672
915,0.00733494758605957
916,0.013842582702636719
917,0.007411956787109375
918,0.007113218307495117
919,0.00701451301574707
920,0.0072858333587646484
921,0.012868165969848633
922,0.008256196975708008
923,0.007815361022949219
924,0.013541698455810547
925,0.006136655807495117
926,0.0008130073547363281
927,0.012344837188720703
928,0.012431859970092773
929,0.008744001388549805
930,0.008069753646850586
931,0.00613856315612793
932,0.00759124755859375
933,0.01395869255065918
934,0.007520437240600586
935,0.0027670860290527344
936,0.005106925964355469
937,0.008803606033325195
938,0.0077457427978515625
939,0.012904167175292969
940,0.014494895935058594
941,0.009588479995727539
942,0.013113737106323242
943,0.00895547866821289
944,0.00632023811340332
945,0.008098363876342773
946,0.0
947,0.0073375701904296875
948,0.006911516189575195
949,0.0
950,0.007512569427490234
951,0.007588863372802734
952,0.012861967086791992
953,0.008108139038085938
954,0.008131027221679688
955,0.013868093490600586
956,0.007513761520385742
957,0.007033586502075195
958,0.007024526596069336
959,0.005359172821044922
960,0.0072290897369384766
961,0.007791996002197266
962,0.0063610076904296875
963,0.006540775299072266
964,0.013555049896240234
965,0.007852554321289062
966,0.008504629135131836
967,0.008041858673095703
968,0.007797718048095703
969,0.0067903995513916016
970,0.007145404815673828
971,0.008601188659667969
972,0.00735020637512207
973,0.006004810333251953
974,0.012648820877075195
975,0.006910800933837891
976,0.006357908248901367
977,0.008470773696899414
978,0.011099576950073242
979,0.008244514465332031
980,0.007648944854736328
981,0.007993221282958984
982,0.0071239471435546875
983,0.007494211196899414
984,0.006221771240234375
985,0.006671428680419922
986,0.006716251373291016
987,0.01377248764038086
988,0.006326198577880859
989,0.007013559341430664
990,0.008141756057739258
991,0.006522417068481445
992,0.0071299076080322266
993,0.005649566650390625
994,0.006132364273071289
995,0.006238698959350586
996,0.0072710514068603516
997,0.0010738372802734375
998,0.00732111930847168
999,0.008144378662109375
1000,0.0019936561584472656
1001,0.0
1002,0.003385782241821289
1003,0.0010075569152832031
1004,0.006636619567871094
1005,0.007865428924560547
1006,0.0
1007,0.007850408554077148
1008,0.005357980728149414
1009,0.0
1010,0.005514383316040039
1011,0.007389068603515625
1012,0.005172014236450195
1013,0.006958484649658203
1014,0.007629871368408203
1015,0.006104230880737305
1016,0.007895231246948242
1017,0.0056040287017822266
1018,0.0
1019,0.006849050521850586
1020,0.0010254383087158203
1021,0.006625652313232422
1022,0.0010426044464111328
1023,0.007776498794555664
1024,0.0070343017578125
1025,0.01217508316040039
1026,0.005616426467895508
1027,0.0071299076080322266
1028,0.0054569244384765625
1029,0.008208751678466797
1030,0.0073909759521484375
1031,0.007684946060180664
1032,0.0064389705657958984
1033,0.008469581604003906
1034,0.006186008453369141
1035,0.0010440349578857422
1036,0.007558345794677734
1037,0.0066967010498046875
1038,0.0080413818359375
1039,0.009302616119384766
1040,0.005276679992675781
1041,0.0069010257720947266
1042,0.0057065486907958984
1043,0.005040884017944336
1044,0.007796525955200195
1045,0.005547523498535156
1046,0.0072269439697265625
1047,0.005410194396972656
1048,0.0073871612548828125
1049,0.0010650157928466797
1050,0.007116079330444336
1051,0.007524251937866211
1052,0.00636601448059082
1053,0.006958723068237305
1054,0.006053924560546875
1055,0.00787043571472168
1056,0.006906270980834961
1057,0.005515575408935547
1058,0.006539821624755859
1059,0.007922172546386719
1060,0.0
1061,0.007235527038574219
1062,0.0070192813873291016
1063,0.005528688430786133
1064,0.00760960578918457
1065,0.0068666934967041016
1066,0.0010714530944824219
1067,0.007405996322631836
1068,0.0073201656341552734
1069,0.013231515884399414
1070,0.006173610687255859
1071,0.0
1072,0.0067594051361083984
1073,0.007666110992431641
1074,0.004124164581298828
1075,0.007033586502075195
1076,0.007002115249633789
1077,0.006552457809448242
1078,0.00031566619873046875
1079,0.0010612010955810547
1080,0.007116794586181641
1081,0.004816532135009766
1082,0.004767894744873047
1083,0.0
1084,0.006281852722167969
1085,0.0068814754486083984
1086,0.006622314453125
1087,0.0052297115325927734
1088,0.004651546478271484
1089,0.00678563117980957
1090,0.001068115234375
1091,0.006602048873901367
1092,0.008024454116821289
1093,0.004136562347412109
1094,0.0060994625091552734
1095,0.006967782974243164
1096,0.006940364837646484
1097,0.00667119026184082
1098,0.0
1099,0.008524179458618164
1100,0.006166219711303711
1101,0.0
1102,0.005478620529174805
1103,0.00738978385925293
1104,0.005462646484375
1105,0.007714748382568359
1106,0.0013501644134521484
1107,0.006295204162597656
1108,0.007014036178588867
1109,0.0
1110,0.005385637283325195
1111,0.005860090255737305
1112,0.0010747909545898438
1113,0.0065937042236328125
1114,0.007871627807617188
1115,0.005570888519287109
1116,0.0
1117,0.006792783737182617
1118,0.007054805755615234
1119,0.006447315216064453
1120,0.0061452388763427734
1121,0.006306171417236328
1122,0.006179332733154297
1123,0.0067882537841796875
1124,0.007797956466674805
1125,0.0
1126,0.00703883171081543
1127,0.00968027114868164
1128,0.0011785030364990234
1129,0.007493257522583008
1130,0.004231452941894531
1131,0.002981424331665039
1132,0.004164457321166992
1133,0.0
1134,0.006507396697998047
1135,0.008101224899291992
1136,0.0054705142974853516
1137,0.0
1138,0.006929636001586914
1139,0.006926059722900391
1140,0.006670236587524414
1141,0.006541252136230469
1142,0.007227897644042969
1143,0.007666349411010742
1144,0.005570650100708008
1145,0.0015225410461425781
1146,0.007063150405883789
1147,0.007809877395629883
1148,0.006800174713134766
1149,0.0
1150,0.006671905517578125
1151,0.007884025573730469
1152,0.0
1153,0.008058547973632812
1154,0.00700688362121582
1155,0.008022785186767578
1156,0.0054473876953125
1157,0.0007584095001220703
1158,0.0050847530364990234
1159,0.006656169891357422
1160,0.010603904724121094
1161,0.004974365234375
1162,0.003510713577270508
1163,0.00769352912902832
1164,0.0068836212158203125
1165,0.0033223628997802734
1166,0.005126476287841797
1167,0.007522106170654297
1168,0.006777048110961914
1169,0.013883829116821289
1170,0.006647348403930664
1171,0.014535665512084961
1172,0.008498907089233398
1173,0.010617733001708984
1174,0.007584810256958008
1175,0.013201713562011719
1176,0.008555412292480469
1177,0.0074901580810546875
1178,0.0051937103271484375
1179,0.008570671081542969
1180,0.006451606750488281
1181,0.0067822933197021484
1182,0.006078958511352539
1183,0.0060765743255615234
1184,0.014492034912109375
1185,0.0062220096588134766
1186,0.010648488998413086
1187,0.013855457305908203
1188,0.01578378677368164
1189,0.0062367916107177734
1190,0.0052487850189208984
1191,0.007715940475463867
1192,0.007355451583862305
1193,0.007482767105102539
1194,0.006189823150634766
1195,0.013946056365966797
1196,0.005889177322387695
1197,0.006386518478393555
1198,0.007823467254638672
1199,0.0011806488037109375
1200,0.004770517349243164
1201,0.007040262222290039
1202,0.015076398849487305
1203,0.007211923599243164
1204,0.011469364166259766
1205,0.01337742805480957
1206,0.007554769515991211
1207,0.014525175094604492
1208,0.011516571044921875
1209,0.014179229736328125
1210,0.007029294967651367
1211,0.005552530288696289
1212,0.007506608963012695
1213,0.006890773773193359
1214,0.009772539138793945
1215,0.0
1216,0.007409095764160156
1217,0.008117437362670898
1218,0.0070874691009521484
1219,0.007880926132202148
1220,0.006541728973388672
1221,0.00590968132019043
1222,0.010604619979858398
1223,0.006306886672973633
1224,0.0075037479400634766
1225,0.007777690887451172
1226,0.008512496948242188
1227,0.012800455093383789
1228,0.0062198638916015625
1229,0.0004410743713378906
1230,0.013312339782714844
1231,0.00941324234008789
1232,0.010283470153808594
1233,0.014315605163574219
1234,0.012902259826660156
1235,0.007914543151855469
1236,0.008414268493652344
1237,0.006031990051269531
1238,0.014165639877319336
1239,0.006844997406005859
1240,0.007121086120605469
1241,0.007086753845214844
1242,0.005455732345581055
1243,0.0053446292877197266
1244,0.008308887481689453
1245,0.007301807403564453
1246,0.014531850814819336
1247,0.012650728225708008
1248,0.0074307918548583984
1249,0.00652003288269043
1250,0.03881430625915527
1251,0.013369560241699219
1252,0.011859416961669922
1253,0.00655674934387207
1254,0.008104562759399414
1255,0.012268543243408203
1256,0.007396221160888672
1257,0.0025653839111328125
1258,0.0073277950286865234
1259,0.00831294059753418
1260,0.0052411556243896484
1261,0.0
1262,0.0055255889892578125
1263,0.006999015808105469
1264,0.01347970962524414
1265,0.007853507995605469
1266,0.0064814090728759766
1267,0.008247852325439453
1268,0.007003307342529297
1269,0.007172107696533203
1270,0.013877391815185547
1271,0.008076667785644531
1272,0.013900279998779297
1273,0.00829458236694336
1274,0.006386995315551758
1275,0.0077517032623291016
1276,0.009944677352905273
1277,0.01130056381225586
1278,0.006866931915283203
1279,0.013480901718139648
1280,0.015781641006469727
1281,0.007025957107543945
1282,0.006997585296630859
1283,0.014124870300292969
1284,0.008540868759155273
1285,0.013620615005493164
1286,0.008392333984375
1287,0.007564067840576172
1288,0.014021873474121094
1289,0.0077266693115234375
1290,0.00820016860961914
1291,0.0
1292,0.008199930191040039
1293,0.013675928115844727
1294,0.007923364639282227
1295,0.008456707000732422
1296,0.004524707794189453
1297,0.00792074203491211
1298,0.0
1299,0.006596803665161133
1300,0.011820316314697266
1301,0.004234790802001953
1302,0.002279996871948242
1303,0.006470918655395508
1304,0.013923883438110352
1305,0.007904529571533203
1306,0.0070879459381103516
1307,0.006880521774291992
1308,0.007703304290771484
1309,0.008375167846679688
1310,0.0074503421783447266
1311,0.00712275505065918
1312,0.007325172424316406
1313,0.013834714889526367
1314,0.007453203201293945
1315,0.013315677642822266
1316,0.01634502410888672
1317,0.012628555297851562
1318,0.006565570831298828
1319,0.013127326965332031
1320,0.006052494049072266
1321,0.007718324661254883
1322,0.00812530517578125
1323,0.007954120635986328
1324,0.006669521331787109
1325,0.007508754730224609
1326,0.01363062858581543
1327,0.0075261592864990234
1328,0.01387929916381836
1329,0.007904052734375
1330,0.009139060974121094
1331,0.012953042984008789
1332,0.005316972732543945
1333,0.006476879119873047
1334,0.006323099136352539
1335,0.010900259017944336
1336,0.016477108001708984
1337,0.007483005523681641
1338,0.007231950759887695
1339,0.012550592422485352
1340,0.007394313812255859
1341,0.010959863662719727
1342,0.008220434188842773
1343,0.0069239139556884766
1344,0.012986183166503906
1345,0.007513761520385742
1346,0.0046367645263671875
1347,0.0071299076080322266
1348,0.00746917724609375
1349,0.010429859161376953
1350,0.007161140441894531
1351,0.006174564361572266
1352,0.01043844223022461
1353,0.013892412185668945
1354,0.005160331726074219
1355,0.008336544036865234
1356,0.0061664581298828125
1357,0.013887166976928711
1358,0.005395650863647461
1359,0.008125782012939453
1360,0.013952016830444336
1361,0.005044698715209961
1362,0.011479854583740234
1363,0.008654117584228516
1364,0.006424903869628906
1365,0.007220745086669922
1366,0.00813150405883789
1367,0.006125926971435547
1368,0.013309955596923828
1369,0.007542610168457031
1370,0.0075571537017822266
1371,0.005315542221069336
1372,0.007132530212402344
1373,0.007324934005737305
1374,0.013525962829589844
1375,0.0080413818359375
1376,0.00751805305480957
1377,0.013968706130981445
1378,0.00715184211730957
1379,0.004150867462158203
1380,0.0070531368255615234
1381,0.007081031799316406
1382,0.012280702590942383
1383,0.007925987243652344
1384,0.005919456481933594
1385,0.011394977569580078
1386,0.010100841522216797
1387,0.007066249847412109
1388,0.007562398910522461
1389,0.00702667236328125
1390,0.012924432754516602
1391,0.007069587707519531
1392,0.007385730743408203
1393,0.012685775756835938
1394,0.01458740234375
1395,0.012218475341796875
1396,0.0012748241424560547
1397,0.0066339969635009766
1398,0.0079193115234375
1399,0.0074841976165771484
1400,0.0076067447662353516
1401,0.0069501399993896484
1402,0.019138813018798828
1403,0.013818025588989258
1404,0.007571220397949219
1405,0.007613658905029297
1406,0.007380247116088867
1407,0.007628202438354492
1408,0.013540267944335938
1409,0.0063664913177490234
1410,0.005880832672119141
1411,0.0036895275115966797
1412,0.007951736450195312
1413,0.005327701568603516
1414,0.006572246551513672
1415,0.006909847259521484
1416,0.006608486175537109
1417,0.0074634552001953125
1418,0.011484146118164062
1419,0.005987405776977539
1420,0.01411747932434082
1421,0.006116628646850586
1422,0.007218360900878906
1423,0.006894111633300781
1424,0.008289813995361328
1425,0.007947921752929688
1426,0.006812572479248047
1427,0.005328178405761719
1428,0.006882429122924805
1429,0.007366180419921875
1430,0.012788057327270508
1431,0.007344484329223633
1432,0.011743307113647461
1433,0.012700080871582031
1434,0.007901430130004883
1435,0.007518291473388672
1436,0.013683319091796875
1437,0.007838010787963867
1438,0.013618946075439453
1439,0.01257014274597168
1440,0.013211488723754883
1441,0.014849185943603516
1442,0.007569551467895508
1443,0.008296489715576172
1444,0.007001638412475586
1445,0.013296365737915039
1446,0.0067195892333984375
1447,0.014165878295898438
1448,0.006925344467163086
1449,0.010896682739257812
1450,0.0059642791748046875
1451,0.006039857864379883
1452,0.0026869773864746094
1453,0.006620883941650391
1454,0.005164623260498047
1455,0.0
1456,0.006960153579711914
1457,0.0008015632629394531
1458,0.00667572021484375
1459,0.006294727325439453
1460,0.0017306804656982422
1461,0.006901979446411133
1462,0.008623361587524414
1463,0.00665736198425293
1464,0.008337020874023438
1465,0.007909059524536133
1466,0.009735584259033203
1467,0.012748003005981445
1468,0.007227659225463867
1469,0.007711887359619141
1470,0.006531476974487305
1471,0.006686687469482422
1472,0.006033182144165039
1473,0.007465362548828125
1474,0.012985706329345703
1475,0.014067888259887695
1476,0.00702214241027832
1477,0.013645648956298828
1478,0.012381792068481445
1479,0.006494998931884766
1480,0.007611513137817383
1481,0.00700831413269043
1482,0.0067327022552490234
1483,0.0011792182922363281
1484,0.007320404052734375
1485,0.000690460205078125
1486,0.007407426834106445
1487,0.005591630935668945
1488,0.0072841644287109375
1489,0.006977081298828125
1490,0.008283853530883789
1491,0.013889312744140625
1492,0.014414548873901367
1493,0.008928060531616211
1494,0.013561248779296875
1495,0.012555122375488281
1496,0.007699728012084961
1497,0.004065036773681641
1498,0.007318019866943359
1499,0.005310773849487305
1500,0.00700688362121582
1501,0.0
1502,0.00568842887878418
1503,0.006180286407470703
1504,0.006193876266479492
1505,0.006922245025634766
1506,0.007925271987915039
1507,0.007435321807861328
1508,0.0077016353607177734
1509,0.0004138946533203125
1510,0.006103515625
1511,0.0068111419677734375
1512,0.007476091384887695
1513,0.007000446319580078
1514,0.00600743293762207
1515,0.007212638854980469
1516,0.006986856460571289
1517,0.007841348648071289
1518,0.00767064094543457
1519,0.0052471160888671875
1520,0.0
1521,0.006334543228149414
1522,0.008445262908935547
1523,0.0006911754608154297
1524,0.006624937057495117
1525,0.008330583572387695
1526,0.007277011871337891
1527,0.008234500885009766
1528,0.0
1529,0.006997823715209961
1530,0.005401611328125
1531,0.007185935974121094
1532,0.00844573974609375
1533,0.011274576187133789
1534,0.008589029312133789
1535,0.007567644119262695
1536,0.007166862487792969
1537,0.014644622802734375
1538,0.013208150863647461
1539,0.007043361663818359
1540,0.010981321334838867
1541,0.0062694549560546875
1542,0.006388664245605469
1543,0.007038116455078125
1544,0.01249074935913086
1545,0.006470918655395508
1546,0.004461765289306641
1547,0.01024484634399414
1548,0.0074350833892822266
1549,0.007179975509643555
1550,0.007645606994628906
1551,0.006843090057373047
1552,0.006070613861083984
1553,0.01349329948425293
1554,0.007268667221069336
1555,0.007663249969482422
1556,0.010553359985351562
1557,0.012983322143554688
1558,0.007632255554199219
1559,0.005796670913696289
1560,0.013959646224975586
1561,0.008214950561523438
1562,0.007676601409912109
1563,0.005309104919433594
1564,0.007426738739013672
1565,0.010031938552856445
1566,0.012901782989501953
1567,0.01394343376159668
1568,0.007347822189331055
1569,0.0
1570,0.007886171340942383
1571,0.0067594051361083984
1572,0.006879091262817383
1573,0.013109683990478516
1574,0.0064449310302734375
1575,0.006084918975830078
1576,0.008284807205200195
1577,0.0051767826080322266
1578,0.00948643684387207
1579,0.0062029361724853516
1580,0.012839317321777344
1581,0.012871742248535156
1582,0.0074002742767333984
1583,0.005143165588378906
1584,0.007320880889892578
1585,0.0076351165771484375
1586,0.006734609603881836
1587,0.0073089599609375
1588,0.006533622741699219
1589,0.008222341537475586
1590,0.006552457809448242
1591,0.007314920425415039
1592,0.006992340087890625
1593,0.005164384841918945
1594,0.00645899772644043
1595,0.0067331790924072266
1596,0.007708311080932617
1597,0.0
1598,0.008172988891601562
1599,0.007019758224487305
1600,0.003486156463623047
1601,0.01394796371459961
1602,0.006623744964599609
1603,0.013915300369262695
1604,0.013746023178100586
1605,0.007348299026489258
1606,0.008657217025756836
1607,0.014181375503540039
1608,0.007382869720458984
1609,0.007534980773925781
1610,0.007848501205444336
1611,0.0064618587493896484
1612,0.006122112274169922
1613,0.010772228240966797
1614,0.009057044982910156
1615,0.0066187381744384766
1616,0.005273103713989258
1617,0.007784605026245117
1618,0.007462501525878906
1619,0.0069272518157958984
1620,0.008016586303710938
1621,0.006956577301025391
1622,0.007815837860107422
1623,0.0024869441986083984
1624,0.007139444351196289
1625,0.0073773860931396484
1626,0.006746768951416016
1627,0.013736248016357422
1628,0.00796818733215332
1629,0.009799718856811523
1630,0.007510662078857422
1631,0.007551431655883789
1632,0.0067615509033203125
1633,0.0061109066009521484
1634,0.007654428482055664
1635,0.0036361217498779297
1636,0.007348060607910156
1637,0.0015728473663330078
1638,0.006808042526245117
1639,0.0030031204223632812
1640,0.0012612342834472656
1641,0.007314205169677734
1642,0.013333320617675781
1643,0.008212089538574219
1644,0.007373332977294922
1645,0.0074765682220458984
1646,0.005823850631713867
1647,0.013187885284423828
1648,0.01343679428100586
1649,0.007456541061401367
1650,0.008301496505737305
1651,0.007542610168457031
1652,0.005313873291015625
1653,0.006357431411743164
1654,0.00729823112487793
1655,0.0011887550354003906
1656,0.00683903694152832
1657,0.006911516189575195
1658,0.007151126861572266
1659,0.005452871322631836
1660,0.006675243377685547
1661,0.012832164764404297
1662,0.0073413848876953125
1663,0.002053976058959961
1664,0.01587367057800293
1665,0.009307384490966797
1666,0.00813436508178711
1667,0.010895729064941406
1668,0.007984161376953125
1669,0.014817476272583008
1670,0.007500648498535156
1671,0.008503198623657227
1672,0.013786554336547852
1673,0.0063703060150146484
1674,0.00735020637512207
1675,0.006459951400756836
1676,0.007910966873168945
1677,0.007851600646972656
1678,0.007483005523681641
1679,0.014401435852050781
1680,0.006045341491699219
1681,0.007184743881225586
1682,0.0
1683,0.0073719024658203125
1684,0.006174325942993164
1685,0.006894111633300781
1686,0.006466388702392578
1687,0.006383657455444336
1688,0.007171630859375
1689,0.013490438461303711
1690,0.006414175033569336
1691,0.00750422477722168
1692,0.0061931610107421875
1693,0.013282299041748047
1694,0.007676601409912109
1695,0.0073413848876953125
1696,0.007492780685424805
1697,0.004993915557861328
1698,0.0075070858001708984
1699,0.013763189315795898
1700,0.017771244049072266
1701,0.007972002029418945
1702,0.007467031478881836
1703,0.007434844970703125
1704,0.006407260894775391
1705,0.013247489929199219
1706,0.008698225021362305
1707,0.008064031600952148
1708,0.007145404815673828
1709,0.006258964538574219
1710,0.0071527957916259766
1711,0.01366877555847168
1712,0.013417482376098633
1713,0.0075566768646240234
1714,0.013588428497314453
1715,0.0074253082275390625
1716,0.006506204605102539
1717,0.005270957946777344
1718,0.007193565368652344
1719,0.007012367248535156
1720,0.012958765029907227
1721,0.012629270553588867
1722,0.006346940994262695
1723,0.008995294570922852
1724,0.008429288864135742
1725,0.014173746109008789
1726,0.012440681457519531
1727,0.008154869079589844
1728,0.013619184494018555
1729,0.007219552993774414
1730,0.007191658020019531
1731,0.006995439529418945
1732,0.007056236267089844
1733,0.00768589973449707
1734,0.014000415802001953
1735,0.006862640380859375
1736,0.00797271728515625
1737,0.0075435638427734375
1738,0.0075495243072509766
1739,0.01326751708984375
1740,0.006759166717529297
1741,0.013209819793701172
1742,0.006938457489013672
1743,0.0052433013916015625
1744,0.006997346878051758
1745,0.007706165313720703
1746,0.0055828094482421875
1747,0.007496356964111328
1748,0.008088350296020508
1749,0.015285253524780273
1750,0.008550405502319336
1751,0.0074651241302490234
1752,0.006826877593994141
1753,0.0065839290618896484
1754,0.007371664047241211
1755,0.009310722351074219
1756,0.015601396560668945
1757,0.008090972900390625
1758,0.007882118225097656
1759,0.006056070327758789
1760,0.006968498229980469
1761,0.006753444671630859
1762,0.00168609619140625
1763,0.006914854049682617
1764,0.007116794586181641
1765,0.0067059993743896484
1766,0.00816965103149414
1767,0.0074193477630615234
1768,0.006671905517578125
1769,0.012595415115356445
1770,0.007181882858276367
1771,0.0052645206451416016
1772,0.0
1773,0.006094694137573242
1774,0.007659196853637695
1775,0.007476091384887695
1776,0.007612705230712891
1777,0.006952047348022461
1778,0.008513927459716797
1779,0.0076520442962646484
1780,0.00841069221496582
1781,0.01571488380432129
1782,0.008057832717895508
1783,0.013109922409057617
1784,0.014099359512329102
1785,0.013229608535766602
1786,0.007651805877685547
1787,0.007910728454589844
1788,0.013939380645751953
1789,0.01379084587097168
1790,0.007544517517089844
1791,0.013347864151000977
1792,0.0051729679107666016
1793,0.014290332794189453
1794,0.007493257522583008
1795,0.006844282150268555
1796,0.013355493545532227
1797,0.00738072395324707
1798,0.005103349685668945
1799,0.007759571075439453
1800,0.005763053894042969
1801,0.013668060302734375
1802,0.007812976837158203
1803,0.006384849548339844
1804,0.012167215347290039
1805,0.00733494758605957
1806,0.012972116470336914
1807,0.012907028198242188
1808,0.006799459457397461
1809,0.013238906860351562
1810,0.008115530014038086
1811,0.007572174072265625
1812,0.006234645843505859
1813,0.013719558715820312
1814,0.014876365661621094
1815,0.014201164245605469
1816,0.0073282718658447266
1817,0.008235454559326172
1818,0.007381439208984375
1819,0.010402441024780273
1820,0.008667945861816406
1821,0.012059211730957031
1822,0.01583409309387207
1823,0.006261587142944336
1824,0.0070438385009765625
1825,0.007385969161987305
1826,0.007511138916015625
1827,0.007392406463623047
1828,0.00736689567565918
1829,0.007153511047363281
1830,0.011337995529174805
1831,0.011857271194458008
1832,0.007180213928222656
1833,0.008027791976928711
1834,0.0074307918548583984
1835,0.012969017028808594
1836,0.02068352699279785
1837,0.003958225250244141
1838,0.007222414016723633
1839,0.007447481155395508
1840,0.006249666213989258
1841,0.007562160491943359
1842,0.005555391311645508
1843,0.0072174072265625
1844,0.006773710250854492
1845,0.006005525588989258
1846,0.00701594352722168
1847,0.0066411495208740234
1848,0.008149862289428711
1849,0.013811349868774414
1850,0.014402389526367188
1851,0.0197598934173584
1852,0.006960391998291016
1853,0.00757288932800293
1854,0.008123159408569336
1855,0.0
1856,0.007845163345336914
1857,0.009518623352050781
1858,0.013172149658203125
1859,0.007757663726806641
1860,0.008054018020629883
1861,0.00750422477722168
1862,0.006917238235473633
1863,0.014342546463012695
1864,0.006157636642456055
1865,0.008460521697998047
1866,0.011379241943359375
1867,0.00749659538269043
1868,0.008236885070800781
1869,0.007404804229736328
1870,0.008580684661865234
1871,0.015015840530395508
1872,0.013200998306274414
1873,0.00723719596862793
1874,0.006592988967895508
1875,0.006496429443359375
1876,0.00035452842712402344
1877,0.006914854049682617
1878,0.006490230560302734
1879,0.007373332977294922
1880,0.008501529693603516
1881,0.007354736328125
1882,0.0072650909423828125
1883,0.0067462921142578125
1884,0.003824472427368164
1885,0.007002830505371094
1886,0.007576704025268555
1887,0.007007598876953125
1888,0.006699800491333008
1889,0.005465030670166016
1890,0.004584789276123047
1891,0.0
1892,0.007339000701904297
1893,0.0065975189208984375
1894,0.005331516265869141
1895,0.013828754425048828
1896,0.00704193115234375
1897,0.0007827281951904297
1898,0.007255077362060547
1899,0.0063495635986328125
1900,0.00460505485534668
1901,0.006800174713134766
1902,0.0
1903,0.007028102874755859
1904,0.008277177810668945
1905,0.0
1906,0.006647348403930664
1907,0.006331443786621094
1908,0.0068585872650146484
1909,0.0
1910,0.006516933441162109
1911,0.002914905548095703
1912,0.0009324550628662109
1913,0.006041288375854492
1914,0.006772279739379883
1915,0.0
1916,0.004849433898925781
1917,0.005999088287353516
1918,0.00696873664855957
1919,0.006716728210449219
1920,0.00635218620300293
1921,0.007854700088500977
1922,0.0012288093566894531
1923,0.00731348991394043
1924,0.007000923156738281
1925,0.0010139942169189453
1926,0.0062694549560546875
1927,0.007104635238647461
1928,0.006992340087890625
1929,0.0017955303192138672
1930,0.006224155426025391
1931,0.008130311965942383
1932,0.003064393997192383
1933,0.011260032653808594
1934,0.007687807083129883
1935,0.006206035614013672
1936,0.007589578628540039
1937,0.0068972110748291016
1938,0.0027027130126953125
1939,0.006422281265258789
1940,0.007433414459228516
1941,0.006141185760498047
1942,0.011624336242675781
1943,0.007387399673461914
1944,0.006238698959350586
1945,0.0060350894927978516
1946,0.0077593326568603516
1947,0.002936124801635742
1948,0.0063288211822509766
1949,0.007248640060424805
1950,0.00704503059387207
1951,0.008056402206420898
1952,0.00101470947265625
1953,0.0064084529876708984
1954,0.005477190017700195
1955,0.0077059268951416016
1956,0.001071929931640625
1957,0.0062656402587890625
1958,0.006929159164428711
1959,0.006762981414794922
1960,0.0010449886322021484
1961,0.0075871944427490234
1962,0.007794380187988281
1963,0.0052492618560791016
1964,0.0062978267669677734
1965,0.0064661502838134766
1966,0.007409095764160156
1967,0.006340742111206055
1968,0.006493330001831055
1969,0.007132768630981445
1970,0.00683903694152832
1971,0.005469322204589844
1972,0.007379770278930664
1973,0.000942230224609375
1974,0.007521867752075195
1975,0.0075147151947021484
1976,0.007115364074707031
1977,0.0068111419677734375
1978,0.006120443344116211
1979,0.013188838958740234
1980,0.00390934944152832
1981,0.00456547737121582
1982,0.0
1983,0.005362749099731445
1984,0.007037162780761719
1985,0.0033402442932128906
1986,0.006605625152587891
1987,0.007445812225341797
1988,0.0007293224334716797
1989,0.0075566768646240234
1990,0.0057528018951416016
1991,0.0
1992,0.005555152893066406
1993,0.007471799850463867
1994,0.0008530616760253906
1995,0.0064563751220703125
1996,0.0060749053955078125
1997,0.01310420036315918
1998,0.005097150802612305
1999,0.0
2000,0.006233930587768555
2001,0.0004467964172363281
2002,0.005259275436401367
2003,0.007030010223388672
2004,0.005472660064697266
2005,0.0
2006,0.005979299545288086
2007,0.0011243820190429688
2008,0.006238698959350586
2009,0.0067882537841796875
2010,0.0
2011,0.007938623428344727
2012,0.005460500717163086
2013,0.006303071975708008
2014,0.004597187042236328
2015,0.0
2016,0.0054361820220947266
2017,0.0033125877380371094
2018,0.003135204315185547
2019,0.006825923919677734
2020,0.006795644760131836
2021,0.0013475418090820312
2022,0.007233619689941406
2023,0.006393909454345703
2024,0.0064830780029296875
2025,0.006902217864990234
2026,0.0010607242584228516
2027,0.006357669830322266
2028,0.0024139881134033203
2029,0.00638270378112793
2030,0.008101224899291992
2031,0.0016262531280517578
2032,0.007896900177001953
2033,0.0
2034,0.006466865539550781
2035,0.00547480583190918
2036,0.007030963897705078
2037,0.0006213188171386719
2038,0.007019519805908203
2039,0.008201360702514648
2040,0.0
2041,0.0075473785400390625
2042,0.0007212162017822266
2043,0.006754875183105469
2044,0.005540609359741211
2045,0.007048130035400391
2046,0.006628751754760742
2047,0.007931709289550781
2048,0.002712726593017578
2049,0.003151416778564453
2050,0.0009710788726806641
2051,0.006247282028198242
2052,0.0007760524749755859
2053,0.007818937301635742
2054,0.005564689636230469
2055,0.00704193115234375
2056,0.005541563034057617
2057,0.006998538970947266
2058,0.0015761852264404297
2059,0.0078122615814208984
2060,0.005455493927001953
2061,0.006755828857421875
2062,0.0066487789154052734
2063,0.008149862289428711
2064,0.006255149841308594
2065,0.006541252136230469
2066,0.006571054458618164
2067,0.005423784255981445
2068,0.0074121952056884766
2069,0.0
2070,0.0076711177825927734
2071,0.00657343864440918
2072,0.0057561397552490234
2073,0.00621342658996582
2074,0.01500701904296875
2075,0.00802469253540039
2076,0.008185386657714844
2077,0.0
2078,0.006979703903198242
2079,0.006319761276245117
2080,0.003564596176147461
2081,0.0066068172454833984
2082,0.008176565170288086
2083,0.005487203598022461
2084,0.006711244583129883
2085,0.0054590702056884766
2086,0.0074615478515625
2087,0.0
2088,0.007100820541381836
2089,0.007555723190307617
2090,0.00623774528503418
2091,0.008074283599853516
2092,0.0052754878997802734
2093,0.00696563720703125
2094,0.005443572998046875
2095,0.0
2096,0.006262302398681641
2097,0.010040521621704102
2098,0.001104593276977539
2099,0.0076940059661865234
2100,0.007080793380737305
2101,0.0006096363067626953
2102,0.007562160491943359
2103,0.0062408447265625
2104,0.006484508514404297
2105,0.014140844345092773
2106,0.005468845367431641
2107,0.008063077926635742
2108,0.007985591888427734
2109,0.006304264068603516
2110,0.0075342655181884766
2111,0.01025843620300293
2112,0.012137651443481445
2113,0.00722050666809082
2114,0.006417512893676758
2115,0.007333040237426758
2116,0.0072803497314453125
2117,0.012785196304321289
2118,0.007533550262451172
2119,0.014221668243408203
2120,0.006381511688232422
2121,0.00659489631652832
2122,0.012823104858398438
2123,0.006819248199462891
2124,0.01323080062866211
2125,0.008373498916625977
2126,0.0073854923248291016
2127,0.0052280426025390625
2128,0.007343769073486328
2129,0.00665283203125
2130,0.013328075408935547
2131,0.008428096771240234
2132,0.0063018798828125
2133,0.007003307342529297
2134,0.007392168045043945
2135,0.00708317756652832
2136,0.013454437255859375
2137,0.008131980895996094
2138,0.014289617538452148
2139,0.0075244903564453125
2140,0.008074760437011719
2141,0.0077474117279052734
2142,0.006500244140625
2143,0.013379335403442383
2144,0.010107040405273438
2145,0.013718605041503906
2146,0.007228851318359375
2147,0.007293701171875
2148,0.0069580078125
2149,0.00767207145690918
2150,0.008196353912353516
2151,0.004204273223876953
2152,0.006378889083862305
2153,0.013785123825073242
2154,0.015243768692016602
2155,0.007487058639526367
2156,0.011319875717163086
2157,0.00561833381652832
2158,0.005198955535888672
2159,0.013045787811279297
2160,0.0071086883544921875
2161,0.012756824493408203
2162,0.013231992721557617
2163,0.007146120071411133
2164,0.012984514236450195
2165,0.0007550716400146484
2166,0.007303714752197266
2167,0.006867170333862305
2168,0.0
2169,0.00764775276184082
2170,0.006464719772338867
2171,0.0016546249389648438
2172,0.006970405578613281
2173,0.009043216705322266
2174,0.0046694278717041016
2175,0.006686687469482422
2176,0.006570100784301758
2177,0.006752967834472656
2178,0.014124870300292969
2179,0.007977008819580078
2180,0.006386280059814453
2181,0.01209712028503418
2182,0.008105754852294922
2183,0.006296634674072266
2184,0.006362438201904297
2185,0.006487369537353516
2186,0.012831449508666992
2187,0.006999492645263672
2188,0.013099431991577148
2189,0.012695789337158203
2190,0.006841182708740234
2191,0.008358001708984375
2192,0.003949642181396484
2193,0.0
2194,0.006501674652099609
2195,0.008310556411743164
2196,0.007428646087646484
2197,0.007909536361694336
2198,0.01393747329711914
2199,0.012793302536010742
2200,0.00514984130859375
2201,0.007845878601074219
2202,0.009337425231933594
2203,0.007443428039550781
2204,0.012935876846313477
2205,0.013910055160522461
2206,0.00618743896484375
2207,0.008168935775756836
2208,0.0073854923248291016
2209,0.008376836776733398
2210,0.005937337875366211
2211,0.010298728942871094
2212,0.013180255889892578
2213,0.00839543342590332
2214,0.0062410831451416016
2215,0.001172780990600586
2216,0.013950109481811523
2217,0.012306690216064453
2218,0.007661342620849609
2219,0.008092641830444336
2220,0.007059335708618164
2221,0.014520883560180664
2222,0.006384611129760742
2223,0.006154537200927734
2224,0.013803482055664062
2225,0.008452892303466797
2226,0.013069868087768555
2227,0.005132913589477539
2228,0.007046699523925781
2229,0.008604288101196289
2230,0.013520956039428711
2231,0.009124279022216797
2232,0.013496160507202148
2233,0.007297992706298828
2234,0.013590812683105469
2235,0.006907463073730469
2236,0.007592678070068359
2237,0.014717578887939453
2238,0.011339664459228516
2239,0.006147623062133789
2240,0.007025241851806641
2241,0.0
2242,0.008152008056640625
2243,0.007927656173706055
2244,0.0064313411712646484
2245,0.008248090744018555
2246,0.008063554763793945
2247,0.012709379196166992
2248,0.006203174591064453
2249,0.013532161712646484
2250,0.006726264953613281
2251,0.00822591781616211
2252,0.006789207458496094
2253,0.0053863525390625
2254,0.0
2255,0.006609439849853516
2256,0.010468006134033203
2257,0.0065305233001708984
2258,0.010753631591796875
2259,0.005458831787109375
2260,0.013554811477661133
2261,0.007500171661376953
2262,0.0063495635986328125
2263,0.005394935607910156
2264,0.007306575775146484
2265,0.00690150260925293
2266,0.007087230682373047
2267,0.006591796875
2268,0.006828784942626953
2269,0.013622045516967773
2270,0.00859379768371582
2271,0.002339601516723633
2272,0.013483047485351562
2273,0.0062787532806396484
2274,0.006110668182373047
2275,0.014297723770141602
2276,0.006342887878417969
2277,0.008321285247802734
2278,0.014988183975219727
2279,0.006018161773681641
2280,0.013700485229492188
2281,0.01019906997680664
2282,0.008632898330688477
2283,0.008279800415039062
2284,0.008379220962524414
2285,0.006869077682495117
2286,0.00714111328125
2287,0.002460956573486328
2288,0.007033586502075195
2289,0.012140035629272461
2290,0.007893562316894531
2291,0.0
2292,0.009219646453857422
2293,0.004765033721923828
2294,0.007333517074584961
2295,0.003710031509399414
2296,0.006053924560546875
2297,0.007314920425415039
2298,0.0031816959381103516
2299,0.012270450592041016
2300,0.0058596134185791016
2301,0.006841421127319336
2302,0.005974531173706055
2303,0.003093242645263672
2304,0.004910945892333984
2305,0.0018575191497802734
2306,0.007307767868041992
2307,0.008122682571411133
2308,0.01046133041381836
2309,0.014491558074951172
2310,0.0
2311,0.007236480712890625
2312,0.009507417678833008
2313,0.000308990478515625
2314,0.0
2315,0.0
2316,0.0
2317,0.015789270401000977
2318,0.0
2319,0.01583075523376465
2320,0.008899927139282227
2321,0.02152252197265625
2322,0.003981828689575195
2323,0.018941879272460938
2324,0.0
2325,0.007543087005615234
2326,0.009808778762817383
2327,0.007600545883178711
2328,0.007969379425048828
2329,0.0056917667388916016
2330,0.0064792633056640625
2331,0.008968591690063477
2332,0.00679779052734375
2333,0.005495309829711914
2334,0.009598016738891602
2335,0.0067501068115234375
2336,0.007176637649536133
2337,0.007165431976318359
2338,0.008208274841308594
2339,0.0079803466796875
2340,0.0
2341,0.00776219367980957
2342,0.007409095764160156
2343,0.007397174835205078
2344,0.011106252670288086
2345,0.007494926452636719
2346,0.007433891296386719
2347,0.0036916732788085938
2348,0.009688377380371094
2349,0.015317916870117188
2350,0.007190227508544922
2351,0.00695490837097168
2352,0.009899377822875977
2353,0.010972976684570312
2354,0.00932931900024414
2355,0.01358938217163086
2356,0.002352476119995117
2357,0.016383647918701172
2358,0.001199960708618164
2359,0.009637117385864258
2360,0.006461620330810547
2361,0.008391857147216797
2362,0.0072786808013916016
2363,0.003034353256225586
2364,0.007004261016845703
2365,0.0
2366,0.006886720657348633
2367,0.007019758224487305
2368,0.00830984115600586
2369,0.00693964958190918
2370,0.005406379699707031
2371,0.007112264633178711
2372,0.009252548217773438
2373,0.009286880493164062
2374,0.007212638854980469
2375,0.0077931880950927734
2376,0.005585193634033203
2377,0.009086370468139648
2378,0.0052564144134521484
2379,0.002107381820678711
2380,0.007272005081176758
2381,0.0068857669830322266
2382,0.006470680236816406
2383,0.0078046321868896484
2384,0.007289409637451172
2385,0.007702827453613281
2386,0.006593227386474609
2387,0.005436897277832031
2388,0.008592844009399414
2389,0.007775068283081055
2390,0.0036797523498535156
2391,0.006859540939331055
2392,0.0076520442962646484
2393,0.007382631301879883
2394,0.010424613952636719
2395,0.0076198577880859375
2396,0.0074901580810546875
2397,0.008495807647705078
2398,0.010555505752563477
2399,0.008413076400756836
2400,0.006546497344970703
2401,0.006437540054321289
2402,0.006173372268676758
2403,0.00590205192565918
2404,0.0052187442779541016
2405,0.006246089935302734
2406,0.004972934722900391
2407,0.01093912124633789
2408,0.0
2409,0.01573920249938965
2410,0.0063436031341552734
2411,0.003700733184814453
2412,0.012025833129882812
2413,0.008172988891601562
2414,0.0
2415,0.017394542694091797
2416,0.0
2417,0.0
2418,0.015964984893798828
2419,0.0
2420,0.007449626922607422
2421,0.006120204925537109
2422,0.0
2423,0.014801263809204102
2424,0.014490604400634766
2425,0.008737802505493164
2426,0.011642932891845703
2427,0.007550954818725586
2428,0.0068895816802978516
2429,0.008165836334228516
2430,0.0
2431,0.0
2432,0.022190093994140625
2433,0.007144451141357422
2434,0.008777379989624023
2435,0.012076139450073242
2436,0.0017461776733398438
2437,0.0
2438,0.015781641006469727
2439,0.015872716903686523
2440,0.0150299072265625
2441,0.0
2442,0.012086868286132812
2443,0.006674766540527344
2444,0.012572765350341797
2445,0.007537126541137695
2446,0.013390779495239258
2447,0.014564275741577148
2448,0.00750279426574707
2449,0.0
2450,0.0
2451,0.0
2452,0.0011224746704101562
2453,0.0
2454,0.0
2455,0.0
2456,0.015774250030517578
2457,0.01584601402282715
2458,0.009044885635375977
2459,0.021578073501586914
2460,0.007188081741333008
2461,0.007980585098266602
2462,0.013738870620727539
2463,0.006840705871582031
2464,0.007776021957397461
2465,0.005785465240478516
2466,0.005708932876586914
2467,0.008385181427001953
2468,0.0072934627532958984
2469,0.010866403579711914
2470,0.00864553451538086
2471,0.008060932159423828
2472,0.006880044937133789
2473,0.006731748580932617
2474,0.007035017013549805
2475,0.0068514347076416016
2476,0.0008423328399658203
2477,0.006025552749633789
2478,0.006930112838745117
2479,0.00501561164855957
2480,0.00682830810546875
2481,0.004019021987915039
2482,0.007354736328125
2483,0.008024454116821289
2484,0.007155418395996094
2485,0.01412057876586914
2486,0.0011060237884521484
2487,0.008181571960449219
2488,0.014392852783203125
2489,0.0
2490,0.01757502555847168
2491,0.0058252811431884766
2492,0.008504390716552734
2493,0.0
2494,0.008240938186645508
2495,0.005333662033081055
2496,0.00031685829162597656
2497,0.005538463592529297
2498,0.002766847610473633
2499,0.006125211715698242
2500,0.006499528884887695
2501,0.0053462982177734375
2502,0.0072557926177978516
2503,0.007318258285522461
2504,0.006978273391723633
2505,0.005286216735839844
2506,0.0069065093994140625
2507,0.0008869171142578125
2508,0.007060050964355469
2509,0.008236885070800781
2510,0.006902217864990234
2511,0.007338285446166992
2512,0.009861469268798828
2513,0.009401559829711914
2514,0.008093595504760742
2515,0.008650064468383789
2516,0.006400108337402344
2517,0.006834745407104492
2518,0.013096809387207031
2519,0.013379573822021484
2520,0.007790803909301758
2521,0.010687828063964844
2522,0.0070340633392333984
2523,0.008160829544067383
2524,0.009319067001342773
2525,0.004959583282470703
2526,0.0074160099029541016
2527,0.004267454147338867
2528,0.01795649528503418
2529,0.003841876983642578
2530,0.0
2531,0.007073879241943359
2532,0.0053365230560302734
2533,0.0067653656005859375
2534,0.004817008972167969
2535,0.0
2536,0.012732267379760742
2537,0.008078813552856445
2538,0.015037298202514648
2539,0.0036399364471435547
2540,0.01395726203918457
2541,0.011815786361694336
2542,0.009774446487426758
2543,0.005600690841674805
2544,0.012100696563720703
2545,0.009004354476928711
2546,0.008116960525512695
2547,0.007869482040405273
2548,0.012345075607299805
2549,0.005391597747802734
2550,0.008897066116333008
2551,0.013015031814575195
2552,0.008263587951660156
2553,0.006524801254272461
2554,0.00413823127746582
2555,0.0
2556,0.0015590190887451172
2557,0.009204387664794922
2558,0.009391546249389648
2559,0.01055598258972168
2560,0.009545326232910156
2561,0.0007703304290771484
2562,0.006661415100097656
2563,0.005792379379272461
2564,0.0
2565,0.0074884891510009766
2566,0.0013260841369628906
2567,0.0024840831756591797
2568,0.011327981948852539
2569,0.0059261322021484375
2570,0.00651097297668457
2571,0.005385637283325195
2572,0.004712581634521484
2573,0.0058095455169677734
2574,0.00948953628540039
2575,0.0041162967681884766
2576,0.005528450012207031
2577,0.010534048080444336
2578,0.011640071868896484
2579,0.0095977783203125
2580,0.010785102844238281
2581,0.008087873458862305
2582,0.0053539276123046875
2583,0.012972593307495117
2584,0.01023411750793457
2585,0.00555109977722168
2586,0.008069753646850586
2587,0.0027923583984375
2588,0.0060465335845947266
2589,0.007001638412475586
2590,0.004189491271972656
2591,0.007441997528076172
2592,0.002507925033569336
2593,0.00860452651977539
2594,0.006937742233276367
2595,0.0068433284759521484
2596,0.004583835601806641
2597,0.005524396896362305
2598,0.006700754165649414
2599,0.0074155330657958984
2600,0.009603261947631836
2601,0.007370471954345703
2602,0.011662721633911133
2603,0.008502483367919922
2604,0.005425214767456055
2605,0.010852336883544922
2606,0.008944988250732422
2607,0.01076364517211914
2608,0.0026133060455322266
2609,0.006940364837646484
2610,0.006604671478271484
2611,0.0057468414306640625
2612,0.0072824954986572266
2613,0.0070116519927978516
2614,0.007154941558837891
2615,0.00869607925415039
2616,0.0058441162109375
2617,0.014009952545166016
2618,0.008346796035766602
2619,0.006529092788696289
2620,0.013770818710327148
2621,0.0020380020141601562
2622,0.0065457820892333984
2623,0.014752388000488281
2624,0.006067037582397461
2625,0.0061757564544677734
2626,0.0034193992614746094
2627,0.00577998161315918
2628,0.0054569244384765625
2629,0.0026330947875976562
2630,0.005171775817871094
2631,0.0006809234619140625
2632,0.005295753479003906
2633,0.0067403316497802734
2634,0.005249738693237305
2635,0.005576372146606445
2636,0.0
2637,0.007805585861206055
2638,0.005266904830932617
2639,0.011038064956665039
2640,0.005278348922729492
2641,0.0055696964263916016
2642,0.005109310150146484
2643,0.0055446624755859375
2644,0.00700068473815918
2645,0.009995698928833008
2646,0.006510257720947266
2647,0.011324644088745117
2648,0.00644683837890625
2649,0.007361650466918945
2650,0.008372783660888672
2651,0.0016429424285888672
2652,0.006924867630004883
2653,0.0
2654,0.006879091262817383
2655,0.008923053741455078
2656,0.012369632720947266
2657,0.003380298614501953
2658,0.007149219512939453
2659,0.0
2660,0.0
2661,0.020494699478149414
2662,0.00437617301940918
2663,0.011588811874389648
2664,0.004571199417114258
2665,0.00881648063659668
2666,0.008367776870727539
2667,0.007670164108276367
2668,0.008379220962524414
2669,0.007955551147460938
2670,0.012773513793945312
2671,0.0049915313720703125
2672,0.011656761169433594
2673,0.011137962341308594
2674,0.005964040756225586
2675,0.009606122970581055
2676,0.00863194465637207
2677,0.01096034049987793
2678,0.009552717208862305
2679,0.0
2680,0.007852792739868164
2681,0.006642341613769531
2682,0.0053713321685791016
2683,0.0022668838500976562
2684,0.006845951080322266
2685,0.008917570114135742
2686,0.007921218872070312
2687,0.009366273880004883
2688,0.010372400283813477
2689,0.005072832107543945
2690,0.0
2691,0.0
2692,0.006282806396484375
2693,0.0070302486419677734
2694,0.015767574310302734
2695,0.0
2696,0.011432886123657227
2697,0.0
2698,0.01587367057800293
2699,0.015834808349609375
2700,0.016071319580078125
2701,0.0030913352966308594
2702,0.0046923160552978516
2703,0.019660234451293945
2704,0.0055370330810546875
2705,0.0
2706,0.011148452758789062
2707,0.011777400970458984
2708,0.008493900299072266
2709,0.01229548454284668
2710,0.009034872055053711
2711,0.013732433319091797
2712,0.008437633514404297
2713,0.007210969924926758
2714,0.0065593719482421875
2715,0.0068738460540771484
2716,0.007022857666015625
2717,0.007050752639770508
2718,0.006262063980102539
2719,0.005460262298583984
2720,0.006933927536010742
2721,0.005522489547729492
2722,0.009531974792480469
2723,0.007795572280883789
2724,0.007666587829589844
2725,0.0053253173828125
2726,0.007113456726074219
2727,0.005450010299682617
2728,0.0072727203369140625
2729,0.0070648193359375
2730,0.0074422359466552734
2731,0.008195877075195312
2732,0.006923198699951172
2733,0.020911455154418945
2734,0.013867378234863281
2735,0.007059335708618164
2736,0.0073316097259521484
2737,0.007598161697387695
2738,0.013341665267944336
2739,0.0072901248931884766
2740,0.007156848907470703
2741,0.006628751754760742
2742,0.0005786418914794922
2743,0.014418840408325195
2744,0.007010936737060547
2745,0.009074211120605469
2746,0.012485265731811523
2747,0.0051996707916259766
2748,0.01667475700378418
2749,0.0078277587890625
2750,0.005051374435424805
2751,0.006100177764892578
2752,0.00684356689453125
2753,0.007898330688476562
2754,0.006634950637817383
2755,0.005137920379638672
2756,0.004320859909057617
2757,0.011652708053588867
2758,0.006022930145263672
2759,0.005998849868774414
2760,0.006337165832519531
2761,0.006863594055175781
2762,0.005846261978149414
2763,0.0022399425506591797
2764,0.006801605224609375
2765,0.005213260650634766
2766,0.005624532699584961
2767,0.0036368370056152344
2768,0.015076398849487305
2769,0.00610041618347168
2770,0.013438224792480469
2771,0.012307167053222656
2772,0.007313251495361328
2773,0.008415699005126953
2774,0.006688356399536133
2775,0.007460832595825195
2776,0.008887529373168945
2777,0.007816553115844727
2778,0.010231494903564453
2779,0.0
2780,0.002268552780151367
2781,0.002012968063354492
2782,0.012178659439086914
2783,0.011723995208740234
2784,0.010608911514282227
2785,0.013296842575073242
2786,0.00706171989440918
2787,0.007614612579345703
2788,0.0067136287689208984
2789,0.00685429573059082
2790,0.005620479583740234
2791,0.006621360778808594
2792,0.007294654846191406
2793,0.006316184997558594
2794,0.006928205490112305
2795,0.0063207149505615234
2796,0.0063440799713134766
2797,0.003767251968383789
2798,0.005035877227783203
2799,0.00032210350036621094
2800,0.007257938385009766
2801,0.008236885070800781
2802,0.006916046142578125
2803,0.010474205017089844
2804,0.012961864471435547
2805,0.002449512481689453
2806,0.005977153778076172
2807,0.007681608200073242
2808,0.007205963134765625
2809,0.009767293930053711
2810,0.005450725555419922
2811,0.010182857513427734
2812,0.006936311721801758
2813,0.008471488952636719
2814,0.005410909652709961
2815,0.005181312561035156
2816,0.010050535202026367
2817,0.0007810592651367188
2818,0.007157325744628906
2819,0.006770133972167969
2820,0.010338306427001953
2821,0.004640102386474609
2822,0.012338638305664062
2823,0.006693124771118164
2824,0.006311178207397461
2825,0.006227731704711914
2826,0.005769252777099609
2827,0.008086681365966797
2828,0.005837678909301758
2829,0.009619951248168945
2830,0.006009101867675781
2831,0.006619930267333984
2832,0.00580596923828125
2833,0.007741451263427734
2834,0.0069353580474853516
2835,0.0037620067596435547
2836,0.003902435302734375
2837,0.006260871887207031
2838,0.007429361343383789
2839,0.007111787796020508
2840,0.008968114852905273
2841,0.005719900131225586
2842,0.005808830261230469
2843,0.008318424224853516
2844,0.00047135353088378906
2845,0.004983425140380859
2846,0.007047891616821289
2847,0.006396055221557617
2848,0.012059688568115234
2849,0.010155439376831055
2850,0.011978626251220703
2851,0.010248184204101562
2852,0.005743265151977539
2853,0.002937793731689453
2854,0.0076177120208740234
2855,0.010760784149169922
2856,0.011566400527954102
2857,0.0073604583740234375
2858,0.005654811859130859
2859,0.005896091461181641
2860,0.008543968200683594
2861,0.002597808837890625
2862,0.006930828094482422
2863,0.00757598876953125
2864,0.006553173065185547
2865,0.006375551223754883
2866,0.01420736312866211
2867,0.0063018798828125
2868,0.0061609745025634766
2869,0.007804155349731445
2870,0.003570079803466797
2871,0.007604837417602539
2872,0.008165836334228516
2873,0.0008525848388671875
2874,0.007936477661132812
2875,0.005450248718261719
2876,0.0
2877,0.006847858428955078
2878,0.0006809234619140625
2879,0.008120536804199219
2880,0.0044193267822265625
2881,0.003602266311645508
2882,0.007498264312744141
2883,0.007468223571777344
2884,0.006331682205200195
2885,0.008698225021362305
2886,0.006969928741455078
2887,0.0068247318267822266
2888,0.007343292236328125
2889,0.007008552551269531
2890,0.0015184879302978516
2891,0.004724740982055664
2892,0.0
2893,0.005662202835083008
2894,0.007396697998046875
2895,0.00821375846862793
2896,0.0
2897,0.0074274539947509766
2898,0.006814479827880859
2899,0.006508827209472656
2900,0.0
2901,0.006816864013671875
2902,0.005977630615234375
2903,0.007314205169677734
2904,0.0
2905,0.006274223327636719
2906,0.006432533264160156
2907,0.007138490676879883
2908,0.0008194446563720703
2909,0.0071506500244140625
2910,0.006526470184326172
2911,0.005355119705200195
2912,0.007606983184814453
2913,0.0
2914,0.007944345474243164
2915,0.005320072174072266
2916,0.010451078414916992
2917,0.005936622619628906
2918,0.00695037841796875
2919,0.007831811904907227
2920,0.006995439529418945
2921,0.0010447502136230469
2922,0.007844924926757812
2923,0.006913185119628906
2924,0.005458354949951172
2925,0.015531778335571289
2926,0.008275270462036133
2927,0.007712602615356445
2928,0.007725715637207031
2929,0.005797863006591797
2930,0.011754989624023438
2931,0.006953239440917969
2932,0.0015664100646972656
2933,0.00669097900390625
2934,0.012802839279174805
2935,0.007013797760009766
2936,0.005179643630981445
2937,0.004404783248901367
2938,0.007373332977294922
2939,0.0016486644744873047
2940,0.007333993911743164
2941,0.007961511611938477
2942,0.005385875701904297
2943,0.0
2944,0.006311655044555664
2945,0.007008075714111328
2946,0.006580829620361328
2947,0.0
2948,0.0047724246978759766
2949,0.005911111831665039
2950,0.00744175910949707
2951,0.005659818649291992
2952,0.004324436187744141
2953,0.0024721622467041016
2954,0.0
2955,0.006891012191772461
2956,0.007046222686767578
2957,0.0
2958,0.006421804428100586
2959,0.00795745849609375
2960,0.0
2961,0.0064318180084228516
2962,0.007089376449584961
2963,0.0028972625732421875
2964,0.0004558563232421875
2965,0.0069506168365478516
2966,0.007367134094238281
2967,0.005385160446166992
2968,0.006205081939697266
2969,0.006600856781005859
2970,0.00803828239440918
2971,0.007103681564331055
2972,0.007636547088623047
2973,0.006400346755981445
2974,0.007194042205810547
2975,0.006441593170166016
2976,0.0
2977,0.006780147552490234
2978,0.007229804992675781
2979,0.0
2980,0.0065386295318603516
2981,0.007937908172607422
2982,0.0
2983,0.006613254547119141
2984,0.005950927734375
2985,0.0032825469970703125
2986,0.004337310791015625
2987,0.0078122615814208984
2988,0.0
2989,0.007197141647338867
2990,0.006989717483520508
2991,0.0059010982513427734
2992,0.003986835479736328
2993,0.007403373718261719
2994,0.0010495185852050781
2995,0.007498264312744141
2996,0.008196592330932617
2997,0.0
2998,0.007118701934814453
2999,0.006982326507568359
3000,0.006688117980957031
3001,0.0
3002,0.004811286926269531
3003,0.006000041961669922
3004,0.0
3005,0.006327390670776367
3006,0.008265495300292969
3007,0.009351730346679688
3008,0.0035588741302490234
3009,0.006731748580932617
3010,0.006952047348022461
3011,0.0
3012,0.0061647891998291016
3013,0.008347034454345703
3014,0.0
3015,0.007289409637451172
3016,0.005503654479980469
3017,0.0073244571685791016
3018,0.0010585784912109375
3019,0.005086183547973633
3020,0.005246400833129883
3021,0.007285594940185547
3022,0.0007176399230957031
3023,0.006310462951660156
3024,0.007878780364990234
3025,0.0055294036865234375
3026,0.0
3027,0.006139516830444336
3028,0.006724119186401367
3029,0.0
3030,0.007152557373046875
3031,0.0010132789611816406
3032,0.006745100021362305
3033,0.001527547836303711
3034,0.00657963752746582
3035,0.008112192153930664
3036,0.0074024200439453125
3037,0.011330127716064453
3038,0.004924297332763672
3039,0.0010728836059570312
3040,0.007073163986206055
3041,0.008379220962524414
3042,0.007288932800292969
3043,0.00573277473449707
3044,0.0038728713989257812
3045,0.007961034774780273
3046,0.005368232727050781
3047,0.0
3048,0.00556182861328125
3049,0.007364034652709961
3050,0.0016350746154785156
3051,0.0
3052,0.0036590099334716797
3053,0.005634784698486328
3054,0.005960226058959961
3055,0.004506111145019531
3056,0.007462739944458008
3057,0.0
3058,0.008033514022827148
3059,0.005446910858154297
3060,0.0
3061,0.006307363510131836
3062,0.007623910903930664
3063,0.007102012634277344
3064,0.006754875183105469
3065,0.005469083786010742
3066,0.006988048553466797
3067,0.0014674663543701172
3068,0.00708317756652832
3069,0.008231878280639648
3070,0.00832366943359375
3071,0.005901813507080078
3072,0.00813913345336914
3073,0.0006103515625
3074,0.00614619255065918
3075,0.005431175231933594
3076,0.0034532546997070312
3077,0.00633692741394043
3078,0.0056917667388916016
3079,0.006410837173461914
3080,0.0054776668548583984
3081,0.007565975189208984
3082,0.006982564926147461
3083,0.01663994789123535
3084,0.020974159240722656
3085,0.014046669006347656
3086,0.010296821594238281
3087,0.008066177368164062
3088,0.007216215133666992
3089,0.0051860809326171875
3090,0.002561330795288086
3091,0.007044553756713867
3092,0.008626699447631836
3093,0.0
3094,0.0
3095,0.005513906478881836
3096,0.007380485534667969
3097,0.0072650909423828125
3098,0.0062639713287353516
3099,0.0041577816009521484
3100,0.0072174072265625
3101,0.006526470184326172
3102,0.005341053009033203
3103,0.0077056884765625
3104,0.0072519779205322266
3105,0.007779359817504883
3106,0.00910806655883789
3107,0.011015176773071289
3108,0.0072021484375
3109,0.007212162017822266
3110,0.0014390945434570312
3111,0.007597208023071289
3112,0.009229898452758789
3113,0.013771533966064453
3114,0.008489608764648438
3115,0.005615949630737305
3116,0.013425350189208984
3117,0.012508153915405273
3118,0.0064160823822021484
3119,0.007296323776245117
3120,0.01318812370300293
3121,0.011513948440551758
3122,0.006995677947998047
3123,0.01344752311706543
3124,0.006586551666259766
3125,0.011604547500610352
3126,0.00627589225769043
3127,0.012786626815795898
3128,0.013233661651611328
3129,0.008662939071655273
3130,0.00751042366027832
3131,0.005309104919433594
3132,0.013291120529174805
3133,0.00863957405090332
3134,0.014911890029907227
3135,0.012627363204956055
3136,0.007926702499389648
3137,0.010091781616210938
3138,0.005246400833129883
3139,0.0070841312408447266
3140,0.0066144466400146484
3141,0.006195783615112305
3142,0.005128145217895508
3143,0.0072748661041259766
3144,0.007883548736572266
3145,0.013901233673095703
3146,0.00814509391784668
3147,0.006412982940673828
3148,0.01179194450378418
3149,0.007913589477539062
3150,0.00701451301574707
3151,0.007384300231933594
3152,0.010436773300170898
3153,0.013330459594726562
3154,0.015012502670288086
3155,0.007627964019775391
3156,0.007256031036376953
3157,0.006529569625854492
3158,0.0
3159,0.0065844058990478516
3160,0.007341861724853516
3161,0.007864952087402344
3162,0.008277654647827148
3163,0.0072634220123291016
3164,0.008295774459838867
3165,0.009035587310791016
3166,0.00803685188293457
3167,0.007306098937988281
3168,0.0009140968322753906
3169,0.005234241485595703
3170,0.0022668838500976562
3171,0.0063457489013671875
3172,0.005344390869140625
3173,0.008239030838012695
3174,0.012324333190917969
3175,0.007344722747802734
3176,0.006811380386352539
3177,0.007305145263671875
3178,0.008091449737548828
3179,0.007440090179443359
3180,0.008442878723144531
3181,0.014589071273803711
3182,0.012885093688964844
3183,0.0077822208404541016
3184,0.007185935974121094
3185,0.009974002838134766
3186,0.006057262420654297
3187,0.007075071334838867
3188,0.00661015510559082
3189,0.007502079010009766
3190,0.006788969039916992
3191,0.006327152252197266
3192,0.005198001861572266
3193,0.014367103576660156
3194,0.007581949234008789
3195,0.006764650344848633
3196,0.013597249984741211
3197,0.006791830062866211
3198,0.010502815246582031
3199,0.006258249282836914
3200,0.013560056686401367
3201,0.013918638229370117
3202,0.01070404052734375
3203,0.006566047668457031
3204,0.006474733352661133
3205,0.007042407989501953
3206,0.006665945053100586
3207,0.006754875183105469
3208,0.007425069808959961
3209,0.006460905075073242
3210,0.003895998001098633
3211,0.010736942291259766
3212,0.0038080215454101562
3213,0.006998777389526367
3214,0.0055692195892333984
3215,0.005772113800048828
3216,0.008556127548217773
3217,0.013307809829711914
3218,0.007761240005493164
3219,0.00935983657836914
3220,0.006907463073730469
3221,0.00805354118347168
3222,0.0076024532318115234
3223,0.006745576858520508
3224,0.004998683929443359
3225,0.008118867874145508
3226,0.006971597671508789
3227,0.013795137405395508
3228,0.011721611022949219
3229,0.00953054428100586
3230,0.006936550140380859
3231,0.00586390495300293
3232,0.01003408432006836
3233,0.0024840831756591797
3234,0.0052928924560546875
3235,0.0014717578887939453
3236,0.008554220199584961
3237,0.006257057189941406
3238,0.0068051815032958984
3239,0.0024690628051757812
3240,0.005856513977050781
3241,0.004300355911254883
3242,0.008424043655395508
3243,0.005234718322753906
3244,0.00618743896484375
3245,0.007012128829956055
3246,0.005686044692993164
3247,0.0021462440490722656
3248,0.009405374526977539
3249,0.006949901580810547
3250,0.0070705413818359375
3251,0.008435249328613281
3252,0.005808353424072266
3253,0.013598918914794922
3254,0.0
3255,0.006031513214111328
3256,0.0
3257,0.00904989242553711
3258,0.00982975959777832
3259,0.009168148040771484
3260,0.004884004592895508
3261,0.0038149356842041016
3262,0.008048057556152344
3263,0.008867025375366211
3264,0.00767064094543457
3265,0.0
3266,0.0
3267,0.015969038009643555
3268,0.015891075134277344
3269,0.015853404998779297
3270,0.006265163421630859
3271,0.016352415084838867
3272,0.00811314582824707
3273,0.0
3274,0.0
3275,0.013212203979492188
3276,0.011091947555541992
3277,0.01226186752319336
3278,0.0066106319427490234
3279,0.006863117218017578
3280,0.008450746536254883
3281,0.0057985782623291016
3282,0.008209705352783203
3283,0.0074918270111083984
3284,0.003604412078857422
3285,0.012158870697021484
3286,0.009869575500488281
3287,0.008353233337402344
3288,0.006879568099975586
3289,0.0035114288330078125
3290,0.005593776702880859
3291,0.005841970443725586
3292,0.01016092300415039
3293,0.007376909255981445
3294,0.005291938781738281
3295,0.006894111633300781
3296,0.006430387496948242
3297,0.0016579627990722656
3298,0.008175134658813477
3299,0.004876136779785156
3300,0.006736040115356445
3301,0.008225440979003906
3302,0.008048057556152344
3303,0.0
3304,0.011133909225463867
3305,0.0
3306,0.023842334747314453
3307,0.00850677490234375
3308,0.004611015319824219
3309,0.0
3310,0.007809162139892578
3311,0.0
3312,0.01630091667175293
3313,0.0032677650451660156
3314,0.002229452133178711
3315,0.013438940048217773
3316,0.0
3317,0.01613020896911621
3318,0.0
3319,0.007128238677978516
3320,0.0071332454681396484
3321,0.015329837799072266
3322,0.0
3323,0.0
3324,0.0
3325,0.01581287384033203
3326,0.017955303192138672
3327,0.005448579788208008
3328,0.0073850154876708984
3329,0.010991811752319336
3330,0.00946664810180664
3331,0.007982254028320312
3332,0.006914854049682617
3333,0.007821321487426758
3334,0.005320072174072266
3335,0.005391836166381836
3336,0.010211706161499023
3337,0.009802579879760742
3338,0.004466056823730469
3339,0.007084369659423828
3340,0.005165815353393555
3341,0.0
3342,0.015755414962768555
3343,0.0
3344,0.013768911361694336
3345,0.002658367156982422
3346,0.011598587036132812
3347,0.0
3348,0.0
3349,0.016091108322143555
3350,0.0
3351,0.0
3352,0.011753082275390625
3353,0.0
3354,0.008722782135009766
3355,0.0
3356,0.0
3357,0.004734516143798828
3358,0.009493827819824219
3359,0.013445377349853516
3360,0.010933160781860352
3361,0.0037360191345214844
3362,0.012080669403076172
3363,0.00687098503112793
3364,0.012168645858764648
3365,0.009623289108276367
3366,0.004895925521850586
3367,0.006927013397216797
3368,0.005547523498535156
3369,0.006595611572265625
3370,0.008777618408203125
3371,0.005314350128173828
3372,0.003603219985961914
3373,0.0056056976318359375
3374,0.007653951644897461
3375,0.005003213882446289
3376,0.005993366241455078
3377,0.005575656890869141
3378,0.008472919464111328
3379,0.005230903625488281
3380,0.006859302520751953
3381,0.01245570182800293
3382,0.00826716423034668
3383,0.00797128677368164
3384,0.006891965866088867
3385,0.008136510848999023
3386,0.005585670471191406
3387,0.0072460174560546875
3388,0.005455732345581055
3389,0.008952856063842773
3390,0.0073986053466796875
3391,0.01087331771850586
3392,0.011064291000366211
3393,0.011692047119140625
3394,0.004266023635864258
3395,0.007667064666748047
3396,0.00539088249206543
3397,0.0032160282135009766
3398,0.003715038299560547
3399,0.010928630828857422
3400,0.007258176803588867
3401,0.007349252700805664
3402,0.008038043975830078
3403,0.016526460647583008
3404,0.010190963745117188
3405,0.014528274536132812
3406,0.007910013198852539
3407,0.008065223693847656
3408,0.004664421081542969
3409,0.004746198654174805
3410,0.005759716033935547
3411,0.007145404815673828
3412,0.005511045455932617
3413,0.010416507720947266
3414,0.012667417526245117
3415,0.0052874088287353516
3416,0.0034880638122558594
3417,0.009109735488891602
3418,0.008506536483764648
3419,0.00455927848815918
3420,0.0
3421,0.0033845901489257812
3422,0.007668972015380859
3423,0.00664067268371582
3424,0.010573625564575195
3425,0.006558895111083984
3426,0.00411224365234375
3427,0.0017895698547363281
3428,0.007872581481933594
3429,0.007938861846923828
3430,0.009151697158813477
3431,0.0074999332427978516
3432,0.008037090301513672
3433,0.004963874816894531
3434,0.007745265960693359
3435,0.011358261108398438
3436,0.008927345275878906
3437,0.010651111602783203
3438,0.006510257720947266
3439,0.018234968185424805
3440,0.0004200935363769531
3441,0.00706791877746582
3442,0.009920835494995117
3443,0.010100841522216797
3444,0.00446319580078125
3445,0.0026972293853759766
3446,0.007353782653808594
3447,0.00658106803894043
3448,0.014143705368041992
3449,0.005829811096191406
3450,0.00939035415649414
3451,0.002115011215209961
3452,0.005584716796875
3453,0.006055116653442383
3454,0.003984928131103516
3455,0.00809168815612793
3456,0.00765228271484375
3457,0.009063243865966797
3458,0.006861686706542969
3459,0.006387472152709961
3460,0.004343986511230469
3461,0.0061953067779541016
3462,0.0026760101318359375
3463,0.005693912506103516
3464,0.005848407745361328
3465,0.005547761917114258
3466,0.0034775733947753906
3467,0.006573677062988281
3468,0.00645756721496582
3469,0.003936052322387695
3470,0.0066487789154052734
3471,0.003398895263671875
3472,0.010781526565551758
3473,0.004664421081542969
3474,0.0054340362548828125
3475,0.008848905563354492
3476,0.00710606575012207
3477,0.008805036544799805
3478,0.00670170783996582
3479,0.007133960723876953
3480,0.002770662307739258
3481,0.006567478179931641
3482,0.0057353973388671875
3483,0.0007266998291015625
3484,0.005415439605712891
3485,0.0023276805877685547
3486,0.005131959915161133
3487,0.008103609085083008
3488,0.0055310726165771484
3489,0.0027971267700195312
3490,0.0017540454864501953
3491,0.0056226253509521484
3492,0.008222579956054688
3493,0.003363370895385742
3494,0.006580829620361328
3495,0.005473136901855469
3496,0.005986928939819336
3497,0.0048596858978271484
3498,0.008485078811645508
3499,0.005466938018798828
3500,0.006648063659667969
3501,0.00665593147277832
3502,0.0014667510986328125
3503,0.005895853042602539
3504,0.009760856628417969
3505,0.005336284637451172
3506,0.006891727447509766
3507,0.0044710636138916016
3508,0.005986690521240234
3509,0.007115364074707031
3510,0.008474349975585938
3511,0.005559206008911133
3512,0.0044956207275390625
3513,0.005921363830566406
3514,0.005222320556640625
3515,0.009156465530395508
3516,0.011514902114868164
3517,0.009354829788208008
3518,0.0032806396484375
3519,0.005327939987182617
3520,0.00519251823425293
3521,0.0034432411193847656
3522,0.006716489791870117
3523,0.008839607238769531
3524,0.00686192512512207
3525,0.006604909896850586
3526,0.0120849609375
3527,0.009025096893310547
3528,0.008681297302246094
3529,0.01210331916809082
3530,0.009615898132324219
3531,0.004476785659790039
3532,0.005614280700683594
3533,0.004708766937255859
3534,0.005846977233886719
3535,0.008196353912353516
3536,0.006450176239013672
3537,0.008252859115600586
3538,0.010078668594360352
3539,0.005520820617675781
3540,0.006184577941894531
3541,0.00686955451965332
3542,0.0010187625885009766
3543,0.009385824203491211
3544,0.007498264312744141
3545,0.01027989387512207
3546,0.0063343048095703125
3547,0.0038917064666748047
3548,0.006356477737426758
3549,0.006446361541748047
3550,0.0189821720123291
3551,0.00431513786315918
3552,0.008664846420288086
3553,0.008997440338134766
3554,0.0
3555,0.010886430740356445
3556,0.0
3557,0.016915559768676758
3558,0.0
3559,0.0
3560,0.019864797592163086
3561,0.011980056762695312
3562,0.005283355712890625
3563,0.012634992599487305
3564,0.004067420959472656
3565,0.003766775131225586
3566,0.01096963882446289
3567,0.0
3568,0.01393747329711914
3569,0.0065610408782958984
3570,0.0
3571,0.012754201889038086
3572,0.0
3573,0.01577281951904297
3574,0.014442920684814453
3575,0.006468296051025391
3576,0.0069179534912109375
3577,0.005116939544677734
3578,0.006318807601928711
3579,0.0073091983795166016
3580,0.006476879119873047
3581,0.007077932357788086
3582,0.012214899063110352
3583,0.006470918655395508
3584,0.0037636756896972656
3585,0.010256290435791016
3586,0.009785890579223633
3587,0.00967264175415039
3588,0.010063648223876953
3589,0.00477290153503418
3590,0.010927438735961914
3591,0.007220029830932617
3592,0.008407354354858398
3593,0.009194374084472656
3594,0.006050586700439453
3595,0.007764339447021484
3596,0.00989842414855957
3597,0.00659632682800293
3598,0.008302688598632812
3599,0.015827417373657227
3600,0.00792837142944336
3601,0.008147478103637695
3602,0.009613275527954102
3603,0.004805564880371094
3604,0.005807399749755859
3605,0.0069806575775146484
3606,0.005108833312988281
3607,0.006927490234375
3608,0.007086277008056641
3609,0.0077364444732666016
3610,0.007841825485229492
3611,0.0052051544189453125
3612,0.006670475006103516
3613,0.011315345764160156
3614,0.010219812393188477
3615,0.008518695831298828
3616,0.0069675445556640625
3617,0.011035680770874023
3618,0.012223005294799805
3619,0.007688999176025391
3620,0.009712934494018555
3621,0.0053751468658447266
3622,0.00504612922668457
3623,0.005615711212158203
3624,0.008074522018432617
3625,0.0062372684478759766
3626,0.007061481475830078
3627,0.007632732391357422
3628,0.007493495941162109
3629,0.007383584976196289
3630,0.006281137466430664
3631,0.00683903694152832
3632,0.0
3633,0.007364034652709961
3634,0.006859540939331055
3635,0.006654977798461914
3636,0.010622024536132812
3637,0.004853010177612305
3638,0.0059468746185302734
3639,0.009139060974121094
3640,0.003002166748046875
3641,0.007332563400268555
3642,0.003420114517211914
3643,0.00484919548034668
3644,0.0076563358306884766
3645,0.008615493774414062
3646,0.005564212799072266
3647,0.008019685745239258
3648,0.003322601318359375
3649,0.0017194747924804688
3650,0.008416891098022461
3651,0.005582094192504883
3652,0.004803657531738281
3653,0.006995677947998047
3654,0.007135629653930664
3655,0.006226539611816406
3656,0.008449554443359375
3657,0.011999130249023438
3658,0.005361080169677734
3659,0.0015206336975097656
3660,0.007036924362182617
3661,0.006094455718994141
3662,0.007538795471191406
3663,0.005280256271362305
3664,0.008026361465454102
3665,0.006841421127319336
3666,0.00335693359375
3667,0.009118318557739258
3668,0.008089780807495117
3669,0.007106781005859375
3670,0.0037369728088378906
3671,0.0045642852783203125
3672,0.0054628849029541016
3673,0.004509925842285156
3674,0.002838134765625
3675,0.005095958709716797
3676,0.0059397220611572266
3677,0.0059888362884521484
3678,0.003795623779296875
3679,0.0012543201446533203
3680,0.007068157196044922
3681,0.00410151481628418
3682,0.00189208984375
3683,0.004729270935058594
3684,0.006058216094970703
3685,0.008176326751708984
3686,0.008249521255493164
3687,0.0068933963775634766
3688,0.013027667999267578
3689,0.011661291122436523
3690,0.0024809837341308594
3691,0.004522800445556641
3692,0.008271932601928711
3693,0.008689641952514648
3694,0.010335683822631836
3695,0.005797624588012695
3696,0.007600545883178711
3697,0.0025110244750976562
3698,0.008394002914428711
3699,0.00682520866394043
3700,0.007592916488647461
3701,0.008379936218261719
3702,0.007629871368408203
3703,0.0028858184814453125
3704,0.0034627914428710938
3705,0.0035979747772216797
3706,0.004422903060913086
3707,0.008180856704711914
3708,0.007414102554321289
3709,0.005188941955566406
3710,0.0073244571685791016
3711,0.006636857986450195
3712,0.006723642349243164
3713,0.007410764694213867
3714,0.005963325500488281
3715,0.009891986846923828
3716,0.00841069221496582
3717,0.00902414321899414
3718,0.0068492889404296875
3719,0.007986783981323242
3720,0.0071353912353515625
3721,0.007563352584838867
3722,0.0
3723,0.00570368766784668
3724,0.006646394729614258
3725,0.004686117172241211
3726,0.005502462387084961
3727,0.0033416748046875
3728,0.005846261978149414
3729,0.004251718521118164
3730,0.005038738250732422
3731,0.013922452926635742
3732,0.008622884750366211
3733,0.01097869873046875
3734,0.009010791778564453
3735,0.008267641067504883
3736,0.0071642398834228516
3737,0.0
3738,0.004727363586425781
3739,0.0074961185455322266
3740,0.007602691650390625
3741,0.004145622253417969
3742,0.005460262298583984
3743,0.008147001266479492
3744,0.010937690734863281
3745,0.010033369064331055
3746,0.005475521087646484
3747,0.0032618045806884766
3748,0.009447574615478516
3749,0.002711772918701172
3750,0.007717132568359375
3751,0.00995945930480957
3752,0.009016275405883789
3753,0.006400108337402344
3754,0.002542734146118164
3755,0.003855466842651367
3756,0.006998777389526367
3757,0.008464336395263672
3758,0.007757902145385742
3759,0.008057594299316406
3760,0.006915092468261719
3761,0.005046844482421875
3762,0.007213592529296875
3763,0.008462905883789062
3764,0.006863117218017578
3765,0.00781559944152832
3766,0.005681037902832031
3767,0.008112192153930664
3768,0.012791156768798828
3769,0.006981849670410156
3770,0.0076410770416259766
3771,0.008104801177978516
3772,0.007181406021118164
3773,0.00554347038269043
3774,0.002227306365966797
3775,0.008022546768188477
3776,0.00377655029296875
3777,0.0014677047729492188
3778,0.00823068618774414
3779,0.004261970520019531
3780,0.00984644889831543
3781,0.00572657585144043
3782,0.011873483657836914
3783,0.006235837936401367
3784,0.006764888763427734
3785,0.006498098373413086
3786,0.012474536895751953
3787,0.009729385375976562
3788,0.0075147151947021484
3789,0.005671977996826172
3790,0.007184028625488281
3791,0.0007789134979248047
3792,0.00697636604309082
3793,0.0068302154541015625
3794,0.00701594352722168
3795,0.013342857360839844
3796,0.013667106628417969
3797,0.007294654846191406
3798,0.006165027618408203
3799,0.011529684066772461
3800,0.0034368038177490234
3801,0.008985042572021484
3802,0.01469111442565918
3803,0.010169506072998047
3804,0.0157778263092041
3805,0.0067310333251953125
3806,0.006196498870849609
3807,0.006451129913330078
3808,0.007046937942504883
3809,0.01206827163696289
3810,0.011118888854980469
3811,0.011650323867797852
3812,0.00363922119140625
3813,0.00665736198425293
3814,0.010697603225708008
3815,0.012690067291259766
3816,0.016753673553466797
3817,0.014916181564331055
3818,0.016002893447875977
3819,0.011313438415527344
3820,0.005300760269165039
3821,0.008712053298950195
3822,0.003922700881958008
3823,0.007643699645996094
3824,0.007398843765258789
3825,0.012160301208496094
3826,0.005359649658203125
3827,0.005858182907104492
3828,0.009443283081054688
3829,0.009135246276855469
3830,0.008080244064331055
3831,0.010830402374267578
3832,0.008448600769042969
3833,0.009003877639770508
3834,0.00892329216003418
3835,0.005179405212402344
3836,0.008457660675048828
3837,0.0038979053497314453
3838,0.008207082748413086
3839,0.015269756317138672
3840,0.0
3841,0.004065275192260742
3842,0.007197856903076172
3843,0.007976531982421875
3844,0.010752677917480469
3845,0.0037546157836914062
3846,0.008801460266113281
3847,0.008497476577758789
3848,0.004853725433349609
3849,0.0
3850,0.008293390274047852
3851,0.0070912837982177734
3852,0.011121749877929688
3853,0.008471012115478516
3854,0.0075778961181640625
3855,0.010050296783447266
3856,0.0068628787994384766
3857,0.0
3858,0.008255720138549805
3859,0.0076444149017333984
3860,0.0077364444732666016
3861,0.004090070724487305
3862,0.005415201187133789
3863,0.001516580581665039
3864,0.003687143325805664
3865,0.006417036056518555
3866,0.003760099411010742
3867,0.00658869743347168
3868,0.004897594451904297
3869,0.00821995735168457
3870,0.00776362419128418
3871,0.01073455810546875
3872,0.010128259658813477
3873,0.010843753814697266
3874,0.004642009735107422
3875,0.0067675113677978516
3876,0.0022644996643066406
3877,0.00840306282043457
3878,0.006738901138305664
3879,0.00845646858215332
3880,0.006791114807128906
3881,0.013648271560668945
3882,0.013832330703735352
3883,0.0016574859619140625
3884,0.0029973983764648438
3885,0.007729291915893555
3886,0.0060367584228515625
3887,0.008675098419189453
3888,0.007387399673461914
3889,0.005831480026245117
3890,0.001789093017578125
3891,0.007414579391479492
3892,0.004813671112060547
3893,0.0045354366302490234
3894,0.007741451263427734
3895,0.004349946975708008
3896,0.005961418151855469
3897,0.009467363357543945
3898,0.006058692932128906
3899,0.00945425033569336
3900,0.006474494934082031
3901,0.011774778366088867
3902,0.007733821868896484
3903,0.004499197006225586
3904,0.005922079086303711
3905,0.007844686508178711
3906,0.005446195602416992
3907,0.010121583938598633
3908,0.008422136306762695
3909,0.0066986083984375
3910,0.008688926696777344
3911,0.00831151008605957
3912,0.007278919219970703
3913,0.0045011043548583984
3914,0.006775617599487305
3915,0.005660295486450195
3916,0.008219718933105469
3917,0.004831075668334961
3918,0.006119489669799805
3919,0.010408163070678711
3920,0.006892204284667969
3921,0.0
3922,0.002408742904663086
3923,0.006780862808227539
3924,0.0
3925,0.0
3926,0.015698671340942383
3927,0.0
3928,0.01596975326538086
3929,0.0
3930,0.0
3931,0.015757322311401367
3932,0.0
3933,0.007124423980712891
3934,0.0070285797119140625
3935,0.0
3936,0.0
3937,0.015747547149658203
3938,0.0
3939,0.0
3940,0.015785932540893555
3941,0.0
3942,0.006431102752685547
3943,0.007189512252807617
3944,0.0
3945,0.010488510131835938
3946,0.007130146026611328
3947,0.003522634506225586
3948,0.01020193099975586
3949,0.0078084468841552734
3950,0.00580286979675293
3951,0.0037164688110351562
3952,0.0059587955474853516
3953,0.008028507232666016
3954,0.0047626495361328125
3955,0.007980585098266602
3956,0.005622386932373047
3957,0.004016399383544922
3958,0.008760690689086914
3959,0.006115913391113281
3960,0.007067441940307617
3961,0.005414485931396484
3962,0.008174657821655273
3963,0.009781599044799805
3964,0.006606101989746094
3965,0.007534027099609375
3966,0.0011124610900878906
3967,0.006028652191162109
3968,0.0060384273529052734
3969,0.0020792484283447266
3970,0.009305477142333984
3971,0.0037004947662353516
3972,0.006398439407348633
3973,0.0053441524505615234
3974,0.0099945068359375
3975,0.006906986236572266
3976,0.006936073303222656
3977,0.006661653518676758
3978,0.0073854923248291016
3979,0.006726980209350586
3980,0.008673667907714844
3981,0.007133007049560547
3982,0.008056163787841797
3983,0.006235361099243164
3984,0.007632017135620117
3985,0.008670568466186523
3986,0.012045621871948242
3987,0.001817941665649414
3988,0.0
3989,0.023669004440307617
3990,0.006132841110229492
3991,0.007385730743408203
3992,0.005775928497314453
3993,0.010808229446411133
3994,0.0
3995,0.0015234947204589844
3996,0.008070230484008789
3997,0.009651422500610352
3998,0.00707244873046875
3999,0.00917673110961914
4000,0.015109539031982422
4001,0.006134033203125
4002,0.010696887969970703
4003,0.0078089237213134766
4004,0.00901937484741211
4005,0.006907463073730469
4006,0.00782322883605957
4007,0.0
4008,0.0
4009,0.0
4010,0.0
4011,0.0
4012,0.013908863067626953
4013,0.0
4014,0.026182889938354492
4015,0.009598255157470703
4016,0.008174657821655273
4017,0.010044097900390625
4018,0.004776716232299805
4019,0.00805211067199707
4020,0.008175134658813477
4021,0.0024094581604003906
4022,0.005837202072143555
4023,0.0
4024,0.0
4025,0.0
4026,0.0
4027,0.016089439392089844
4028,0.008241653442382812
4029,0.0
4030,0.016971349716186523
4031,0.004888772964477539
4032,0.006814479827880859
4033,0.006975412368774414
4034,0.009103775024414062
4035,0.0
4036,0.01147770881652832
4037,0.0
4038,0.0
4039,0.0020139217376708984
4040,0.0
4041,0.0
4042,0.0048482418060302734
4043,0.0038423538208007812
4044,0.0
4045,0.0
4046,0.004718780517578125
4047,0.008148670196533203
4048,0.00404810905456543
4049,0.0
4050,0.007719278335571289
4051,0.0
4052,0.01572275161743164
4053,0.0
4054,0.0066356658935546875
4055,0.013882637023925781
4056,0.006045103073120117
4057,0.00600743293762207
4058,0.00906062126159668
4059,0.0
4060,0.01570439338684082
4061,0.0
4062,0.015760421752929688
4063,0.011939764022827148
4064,0.005461215972900391
4065,0.0019288063049316406
4066,0.0
4067,0.014792919158935547
4068,0.0
4069,0.004034996032714844
4070,0.0
4071,0.0
4072,0.002017498016357422
4073,0.014049768447875977
4074,0.005866289138793945
4075,0.005932807922363281
4076,0.009760618209838867
4077,0.0
4078,0.015714406967163086
4079,0.0
4080,0.002888202667236328
4081,0.0061550140380859375
4082,0.004785060882568359
4083,0.011014461517333984
4084,0.0
4085,0.01844954490661621
4086,0.006951808929443359
4087,0.008829593658447266
4088,0.015740633010864258
4089,0.006038188934326172
4090,0.006025791168212891
4091,0.0037584304809570312
4092,0.0
4093,0.01996898651123047
4094,0.0
4095,0.0021424293518066406
4096,0.005859375
4097,0.010753870010375977
4098,0.005172014236450195
4099,0.0037736892700195312
4100,0.012284040451049805
4101,0.0
4102,0.015683650970458984
4103,0.0
4104,0.0157473087310791
4105,0.0
4106,0.0
4107,0.011214017868041992
4108,0.0
4109,0.0
4110,0.015862226486206055
4111,0.0
4112,0.0
4113,0.0162353515625
4114,0.002595186233520508
4115,0.0038347244262695312
4116,0.006978511810302734
4117,0.0070018768310546875
4118,0.0
4119,0.0
4120,0.015758752822875977
4121,0.0
4122,0.0
4123,0.01601576805114746
4124,0.0
4125,0.01604604721069336
4126,0.0
4127,0.018395423889160156
4128,0.011697053909301758
4129,0.006800651550292969
4130,0.008399248123168945
4131,0.00667881965637207
4132,0.013844013214111328
4133,0.0
4134,0.0
4135,0.0
4136,0.0
4137,0.0
4138,0.005003452301025391
4139,0.0069828033447265625
4140,0.0
4141,0.015706539154052734
4142,0.0
4143,0.0
4144,0.01577138900756836
4145,0.0
4146,0.007451057434082031
4147,0.004880428314208984
4148,0.011450529098510742
4149,0.0
4150,0.015774965286254883
4151,0.0
4152,0.015796184539794922
4153,0.0
4154,0.015867233276367188
4155,0.0
4156,0.0
4157,0.0
4158,0.0
4159,0.006884336471557617
4160,0.013823509216308594
4161,0.0068356990814208984
4162,0.0
4163,0.0
4164,0.0
4165,0.01586604118347168
4166,0.016607284545898438
4167,0.0
4168,0.011465072631835938
4169,0.0
4170,0.0
4171,0.0
4172,0.0
4173,0.015813827514648438
4174,0.0
4175,0.020474910736083984
4176,0.006041288375854492
4177,0.0
4178,0.006684064865112305
4179,0.0
4180,0.015307188034057617
4181,0.0
4182,0.0
4183,0.015829086303710938
4184,0.0
4185,0.002748727798461914
4186,0.010348081588745117
4187,0.01231241226196289
4188,0.0
4189,0.0
4190,0.015919923782348633
4191,0.015814542770385742
4192,0.0
4193,0.01886153221130371
4194,0.009064912796020508
4195,0.0
4196,0.0
4197,0.0
4198,0.016404390335083008
4199,0.0076487064361572266
4200,0.01284337043762207
4201,0.0
4202,0.002725839614868164
4203,0.0
4204,0.0
4205,0.015850305557250977
4206,0.01578831672668457
4207,0.005376100540161133
4208,0.0
4209,0.0
4210,0.01852726936340332
4211,0.010611534118652344
4212,0.005179166793823242
4213,0.0
4214,0.015786170959472656
4215,0.015820741653442383
4216,0.0
4217,0.0
4218,0.005377531051635742
4219,0.009892702102661133
4220,0.0
4221,0.0
4222,0.0
4223,0.0033736228942871094
4224,0.005803346633911133
4225,0.004618167877197266
4226,0.011278629302978516
4227,0.0
4228,0.01675248146057129
4229,0.0025780200958251953
4230,0.006927490234375
4231,0.0
4232,0.01575946807861328
4233,0.0
4234,0.015806198120117188
4235,0.0
4236,0.0
4237,0.0
4238,0.0
4239,0.01577901840209961
4240,0.0
4241,0.011097192764282227
4242,0.01033473014831543
4243,0.015714645385742188
4244,0.0
4245,0.015706300735473633
4246,0.0
4247,0.0
4248,0.015737295150756836
4249,0.0
4250,0.006918430328369141
4251,0.008802652359008789
4252,0.015764713287353516
4253,0.0
4254,0.016463756561279297
4255,0.009908676147460938
4256,0.0017883777618408203
4257,0.0
4258,0.0
4259,0.0
4260,0.0
4261,0.008505582809448242
4262,0.0
4263,0.015842437744140625
4264,0.0
4265,0.015851497650146484
4266,0.0
4267,0.0
4268,0.0
4269,0.0
4270,0.0
4271,0.0
4272,0.016904354095458984
4273,0.003576517105102539
4274,0.00482177734375
4275,0.0
4276,0.0
4277,0.015807390213012695
4278,0.0
4279,0.01568889617919922
4280,0.0
4281,0.01580810546875
4282,0.0
4283,0.0
4284,0.01826930046081543
4285,0.008882999420166016
4286,0.004250049591064453
4287,0.011807441711425781
4288,0.0
4289,0.0037839412689208984
4290,0.004419565200805664
4291,0.011333703994750977
4292,0.0
4293,0.0
4294,0.016610145568847656
4295,0.0060579776763916016
4296,0.0
4297,0.013326406478881836
4298,0.015767812728881836
4299,0.0
4300,0.015755891799926758
4301,0.0
4302,0.0
4303,0.019853591918945312
4304,0.007318735122680664
4305,0.009337663650512695
4306,0.0046236515045166016
4307,0.0
4308,0.0
4309,0.015795230865478516
4310,0.0
4311,0.01574850082397461
4312,0.0
4313,0.0
4314,0.018468856811523438
4315,0.00844264030456543
4316,0.008816719055175781
4317,0.0
4318,0.009311676025390625
4319,0.006781578063964844
4320,0.0
4321,0.0
4322,0.015838146209716797
4323,0.0
4324,0.002031564712524414
4325,0.0
4326,0.0
4327,0.016096830368041992
4328,0.0
4329,0.0
4330,0.0
4331,0.015787124633789062
4332,0.0
4333,0.006269931793212891
4334,0.007794380187988281
4335,0.0071299076080322266
4336,0.013295173645019531
4337,0.0
4338,0.0
4339,0.01583576202392578
4340,0.0
4341,0.01577472686767578
4342,0.0
4343,0.0
4344,0.0
4345,0.00558161735534668
4346,0.0
4347,0.0
4348,0.016354084014892578
4349,0.0045948028564453125
4350,0.011042118072509766
4351,0.004114627838134766
4352,0.0
4353,0.0
4354,0.0
4355,0.0
4356,0.016480684280395508
4357,0.007280826568603516
4358,0.007111787796020508
4359,0.0
4360,0.020869970321655273
4361,0.004474163055419922
4362,0.01221609115600586
4363,0.010722875595092773
4364,0.007302522659301758
4365,0.00450587272644043
4366,0.008542299270629883
4367,0.003666400909423828
4368,0.006964445114135742
4369,0.00872039794921875
4370,0.005245208740234375
4371,0.008059978485107422
4372,0.007523298263549805
4373,0.0068204402923583984
4374,0.0070035457611083984
4375,0.007142066955566406
4376,0.007795572280883789
4377,0.006884336471557617
4378,0.0077130794525146484
4379,0.006677865982055664
4380,0.0
4381,0.006723642349243164
4382,0.007165670394897461
4383,0.011754274368286133
4384,0.005446672439575195
4385,0.0032351016998291016
4386,0.006165027618408203
4387,0.007813453674316406
4388,0.0060350894927978516
4389,0.007578372955322266
4390,0.0021762847900390625
4391,0.007192134857177734
4392,0.007344484329223633
4393,0.007233858108520508
4394,0.008817195892333984
4395,0.012843847274780273
4396,0.009608030319213867
4397,0.008130550384521484
4398,0.0
4399,0.015949487686157227
4400,0.015756607055664062
4401,0.0
4402,0.0
4403,0.015737056732177734
4404,0.0
4405,0.01813340187072754
4406,0.0
4407,0.0
4408,0.0
4409,0.0
4410,0.016154050827026367
4411,0.00652313232421875
4412,0.0066089630126953125
4413,0.01211404800415039
4414,0.017362356185913086
4415,0.007506608963012695
4416,0.011214256286621094
4417,0.015894174575805664
4418,0.0036063194274902344
4419,0.0
4420,0.0
4421,0.0
4422,0.023861169815063477
4423,0.006586790084838867
4424,0.012072324752807617
4425,0.0
4426,0.0
4427,0.01590871810913086
4428,0.0
4429,0.0
4430,0.006803035736083984
4431,0.013357162475585938
4432,0.014394044876098633
4433,0.010401487350463867
4434,0.012934446334838867
4435,0.006270647048950195
4436,0.0
4437,0.006886720657348633
4438,0.006949186325073242
4439,0.008748531341552734
4440,0.0
4441,0.0
4442,0.0
4443,0.0
4444,0.01571798324584961
4445,0.0
4446,0.0
4447,0.016583681106567383
4448,0.006688117980957031
4449,0.010080337524414062
4450,0.00567317008972168
4451,0.0
4452,0.0
4453,0.015917301177978516
4454,0.015770912170410156
4455,0.018079280853271484
4456,0.008397817611694336
4457,0.0
4458,0.012449264526367188
4459,0.008110284805297852
4460,0.008261680603027344
4461,0.008215665817260742
4462,0.006712198257446289
4463,0.011898994445800781
4464,0.008493185043334961
4465,0.0
4466,0.0060999393463134766
4467,0.008758068084716797
4468,0.008391141891479492
4469,0.0047338008880615234
4470,0.013347864151000977
4471,0.0049932003021240234
4472,0.008026361465454102
4473,0.007850170135498047
4474,0.00659489631652832
4475,0.006890773773193359
4476,0.0
4477,0.0074961185455322266
4478,0.006990671157836914
4479,0.01051950454711914
4480,0.008604049682617188
4481,0.007046937942504883
4482,0.011696577072143555
4483,0.0
4484,0.0026407241821289062
4485,0.0057337284088134766
4486,0.010159015655517578
4487,0.017608165740966797
4488,0.006943464279174805
4489,0.012292861938476562
4490,0.009968757629394531
4491,0.008080244064331055
4492,0.00804758071899414
4493,0.00803685188293457
4494,0.008125782012939453
4495,0.00805974006652832
4496,0.01393747329711914
4497,0.008332252502441406
4498,0.008980274200439453
4499,0.007428169250488281
4500,0.007506132125854492
4501,0.005922079086303711
4502,0.00680232048034668
4503,0.011617660522460938
4504,0.008168935775756836
4505,0.009285449981689453
4506,0.006494998931884766
4507,0.013866186141967773
4508,0.011397361755371094
4509,0.008537769317626953
4510,0.006530284881591797
4511,0.002176046371459961
4512,0.006124258041381836
4513,0.007627964019775391
4514,0.0077588558197021484
4515,0.006158113479614258
4516,0.0025634765625
4517,0.0036513805389404297
4518,0.007959604263305664
4519,0.005933523178100586
4520,0.008683443069458008
4521,0.012969493865966797
4522,0.01651453971862793
4523,0.011177539825439453
4524,0.007379055023193359
4525,0.008268117904663086
4526,0.0049076080322265625
4527,0.003929615020751953
4528,0.007958650588989258
4529,0.00622248649597168
4530,0.008483171463012695
4531,0.002669811248779297
4532,0.008332490921020508
4533,0.009124517440795898
4534,0.009578704833984375
4535,0.006034374237060547
4536,0.010053157806396484
4537,0.0036334991455078125
4538,0.0
4539,0.016198396682739258
4540,0.0032873153686523438
4541,0.002164125442504883
4542,0.013759136199951172
4543,0.02241230010986328
4544,0.006825685501098633
4545,0.013684511184692383
4546,0.018146514892578125
4547,0.010981082916259766
4548,0.01669001579284668
4549,0.008523941040039062
4550,0.008504390716552734
4551,0.01252293586730957
4552,0.009964227676391602
4553,0.010417461395263672
4554,0.011260271072387695
4555,0.008850812911987305
4556,0.008082151412963867
4557,0.005428791046142578
4558,0.0011143684387207031
4559,0.008294820785522461
4560,0.004828691482543945
4561,0.008075714111328125
4562,0.007212400436401367
4563,0.00807952880859375
4564,0.007567167282104492
4565,0.007236003875732422
4566,0.004288434982299805
4567,0.004864692687988281
4568,0.005210161209106445
4569,0.008687257766723633
4570,0.007783174514770508
4571,0.0068471431732177734
4572,0.008051633834838867
4573,0.010700225830078125
4574,0.0071947574615478516
4575,0.006905078887939453
4576,0.008238792419433594
4577,0.008493900299072266
4578,0.0031557083129882812
4579,0.003951549530029297
4580,0.002981901168823242
4581,0.00421142578125
4582,0.006849527359008789
4583,0.011189937591552734
4584,0.0015158653259277344
4585,0.009695053100585938
4586,0.007105350494384766
4587,0.0
4588,0.008263349533081055
4589,0.006083488464355469
4590,0.008768796920776367
4591,0.010092020034790039
4592,0.006578207015991211
4593,0.003142118453979492
4594,0.0033693313598632812
4595,0.006613254547119141
4596,0.007045745849609375
4597,0.009085416793823242
4598,0.008663177490234375
4599,0.008047103881835938
4600,0.008206367492675781
4601,0.006502389907836914
4602,0.008064746856689453
4603,0.012309074401855469
4604,0.0039825439453125
4605,0.0
4606,0.0
4607,0.015176057815551758
4608,0.0
4609,0.01575493812561035
4610,0.0
4611,0.016031265258789062
4612,0.0
4613,0.0
4614,0.01651787757873535
4615,0.006420612335205078
4616,0.0058214664459228516
4617,0.004053831100463867
4618,0.0
4619,0.017008304595947266
4620,0.00955963134765625
4621,0.0
4622,0.0
4623,0.020011425018310547
4624,0.0030744075775146484
4625,0.0
4626,0.01416325569152832
4627,0.015780210494995117
4628,0.015800952911376953
4629,0.016857624053955078
4630,0.00928497314453125
4631,0.00570225715637207
4632,0.008364677429199219
4633,0.005059957504272461
4634,0.007021188735961914
4635,0.0
4636,0.0
4637,0.015743017196655273
4638,0.0
4639,0.0
4640,0.01826930046081543
4641,0.0017516613006591797
4642,0.010875940322875977
4643,0.0
4644,0.015805959701538086
4645,0.0
4646,0.0
4647,0.019817829132080078
4648,0.008135080337524414
4649,0.0
4650,0.0069577693939208984
4651,0.007867574691772461
4652,0.0
4653,0.0
4654,0.015702009201049805
4655,0.0
4656,0.0
4657,0.01577019691467285
4658,0.0
4659,0.006684064865112305
4660,0.0
4661,0.005153656005859375
4662,0.0
4663,0.0
4664,0.015717506408691406
4665,0.0
4666,0.018399477005004883
4667,0.008090972900390625
4668,0.006636619567871094
4669,0.006528139114379883
4670,0.006133079528808594
4671,0.006191730499267578
4672,0.005011320114135742
4673,0.006287097930908203
4674,0.004800558090209961
4675,0.004736661911010742
4676,0.004288673400878906
4677,0.007415056228637695
4678,0.004515171051025391
4679,0.005658864974975586
4680,0.0061266422271728516
4681,0.0040912628173828125
4682,0.006813764572143555
4683,0.007296562194824219
4684,0.006767988204956055
4685,0.004995584487915039
4686,0.0028448104858398438
4687,0.0036973953247070312
4688,0.0065419673919677734
4689,0.007854938507080078
4690,0.004971504211425781
4691,0.0007143020629882812
4692,0.006781816482543945
4693,0.0050661563873291016
4694,0.008019447326660156
4695,0.005156755447387695
4696,0.005928516387939453
4697,0.0073969364166259766
4698,0.006270647048950195
4699,0.008152484893798828
4700,0.006342172622680664
4701,0.003752470016479492
4702,0.006920337677001953
4703,0.005616188049316406
4704,0.0037212371826171875
4705,0.004231929779052734
4706,0.0015163421630859375
4707,0.007608175277709961
4708,0.011951208114624023
4709,0.007320404052734375
4710,0.006565093994140625
4711,0.006945133209228516
4712,0.0066988468170166016
4713,0.006758928298950195
4714,0.002351999282836914
4715,0.0074596405029296875
4716,0.00713348388671875
4717,0.005595207214355469
4718,0.0069065093994140625
4719,0.0
4720,0.0
4721,0.015896081924438477
4722,0.004759311676025391
4723,0.011193990707397461
4724,0.015735149383544922
4725,0.020717144012451172
4726,0.012435197830200195
4727,0.014267206192016602
4728,0.006377458572387695
4729,0.01101374626159668
4730,0.004613399505615234
4731,0.003790616989135742
4732,0.006142854690551758
4733,0.0051593780517578125
4734,0.009611129760742188
4735,0.011174917221069336
4736,0.0
4737,0.012099027633666992
4738,0.008824825286865234
4739,0.01580333709716797
4740,0.0
4741,0.008811235427856445
4742,0.009640216827392578
4743,0.0
4744,0.011051654815673828
4745,0.0
4746,0.0
4747,0.009744644165039062
4748,0.013882637023925781
4749,0.009425878524780273
4750,0.015813350677490234
4751,0.006993770599365234
4752,0.0
4753,0.004555463790893555
4754,0.0
4755,0.007592678070068359
4756,0.008265495300292969
4757,0.009466409683227539
4758,0.005979299545288086
4759,0.00817251205444336
4760,0.007019996643066406
4761,0.0
4762,0.008379697799682617
4763,0.0072481632232666016
4764,0.005238056182861328
4765,0.00668787956237793
4766,0.012926816940307617
4767,0.018175840377807617
4768,0.012974739074707031
4769,0.005866289138793945
4770,0.008089542388916016
4771,0.009529352188110352
4772,0.00432896614074707
4773,0.00710606575012207
4774,0.0
4775,0.007087230682373047
4776,0.0073947906494140625
4777,0.009569168090820312
4778,0.007256746292114258
4779,0.002023935317993164
4780,0.0
4781,0.014826536178588867
4782,0.0
4783,0.0
4784,0.00397038459777832
4785,0.012044191360473633
4786,0.010948657989501953
4787,0.001155853271484375
4788,0.007855415344238281
4789,0.004692554473876953
4790,0.0
4791,0.01709914207458496
4792,0.0
4793,0.01285243034362793
4794,0.0
4795,0.00808095932006836
4796,0.003770112991333008
4797,0.011880636215209961
4798,0.0
4799,0.0
4800,0.0029745101928710938
4801,0.010339975357055664
4802,0.013643503189086914
4803,0.017399072647094727
4804,0.00804448127746582
4805,0.007514476776123047
4806,0.005903720855712891
4807,0.006226301193237305
4808,0.007018089294433594
4809,0.010421276092529297
4810,0.007022380828857422
4811,0.007946014404296875
4812,0.007474184036254883
4813,0.00689697265625
4814,0.008922338485717773
4815,0.008923768997192383
4816,0.008655309677124023
4817,0.010919332504272461
4818,0.006937503814697266
4819,0.007834672927856445
4820,0.007601499557495117
4821,0.0063169002532958984
4822,0.006567716598510742
4823,0.009320974349975586
4824,0.011907100677490234
4825,0.007302045822143555
4826,0.002455472946166992
4827,0.0059587955474853516
4828,0.0
4829,0.008023262023925781
4830,0.011067867279052734
4831,0.0
4832,0.0058100223541259766
4833,0.00360107421875
4834,0.005738258361816406
4835,0.003098011016845703
4836,0.0072498321533203125
4837,0.002819061279296875
4838,0.011115789413452148
4839,0.005501270294189453
4840,0.007481098175048828
4841,0.013844490051269531
4842,0.0
4843,0.0
4844,0.007139921188354492
4845,0.0
4846,0.0
4847,0.006650447845458984
4848,0.008015155792236328
4849,0.0069234371185302734
4850,0.012851476669311523
4851,0.0
4852,0.0
4853,0.01573491096496582
4854,0.0
4855,0.0
4856,0.004771232604980469
4857,0.00702977180480957
4858,0.0
4859,0.00542140007019043
4860,0.007877111434936523
4861,0.014472007751464844
4862,0.003694772720336914
4863,0.013907432556152344
4864,0.013104438781738281
4865,0.0012481212615966797
4866,0.005891323089599609
4867,0.0069429874420166016
4868,0.0055501461029052734
4869,0.0
4870,0.015477657318115234
4871,0.01575636863708496
4872,0.015877962112426758
4873,0.015867233276367188
4874,0.023695945739746094
4875,0.015081644058227539
4876,0.0
4877,0.0
4878,0.01584649085998535
4879,0.0158383846282959
4880,0.021199464797973633
4881,0.015356779098510742
4882,0.0066525936126708984
4883,0.0048274993896484375
4884,0.013929367065429688
4885,0.016071081161499023
4886,0.0017783641815185547
4887,0.0
4888,0.015794992446899414
4889,0.015908241271972656
4890,0.006795406341552734
4891,0.0
4892,0.009488344192504883
4893,0.0
4894,0.0
4895,0.016005516052246094
4896,0.015818357467651367
4897,0.0
4898,0.0020117759704589844
4899,0.011954545974731445
4900,0.015489816665649414
4901,0.009000778198242188
4902,0.0
4903,0.00763702392578125
4904,0.014619112014770508
4905,0.008442878723144531
4906,0.007413625717163086
4907,0.00498652458190918
4908,0.011209726333618164
4909,0.011924505233764648
4910,0.0
4911,0.0
4912,0.01613163948059082
4913,0.0
4914,0.0
4915,0.01597452163696289
4916,0.0
4917,0.01591324806213379
4918,0.0
4919,0.002585172653198242
4920,0.0
4921,0.010868310928344727
4922,0.020441532135009766
4923,0.0
4924,0.0
4925,0.010532140731811523
4926,0.0
4927,0.0
4928,0.015838146209716797
4929,0.02101755142211914
4930,0.01818370819091797
4931,0.011110544204711914
4932,0.016881465911865234
4933,0.013716936111450195
4934,0.015835285186767578
4935,0.01574850082397461
4936,0.015876054763793945
4937,0.008719205856323242
4938,0.016068220138549805
4939,0.0243985652923584
4940,0.0
4941,0.015949487686157227
4942,0.01645040512084961
4943,0.0
4944,0.0
4945,0.010176897048950195
4946,0.009397268295288086
4947,0.015838146209716797
4948,0.00849294662475586
4949,0.007890939712524414
4950,0.010867118835449219
4951,0.005044221878051758
4952,0.008081674575805664
4953,0.005219936370849609
4954,0.01590251922607422
4955,0.0
4956,0.008261680603027344
4957,0.0006313323974609375
4958,0.015863418579101562
4959,0.0
4960,0.0
4961,0.019832372665405273
4962,0.007533550262451172
4963,0.0
4964,0.01951885223388672
4965,0.006082296371459961
4966,0.007856369018554688
4967,0.009892463684082031
4968,0.0
4969,0.0
4970,0.004689455032348633
4971,0.012281179428100586
4972,0.0
4973,0.004019260406494141
4974,0.006047964096069336
4975,0.008968353271484375
4976,0.008718252182006836
4977,0.0
4978,0.004046916961669922
4979,0.005786418914794922
4980,0.006034374237060547
4981,0.0
4982,0.01995563507080078
4983,0.014188766479492188
4984,0.0033235549926757812
4985,0.0067021846771240234
4986,0.0
4987,0.015905380249023438
4988,0.011708974838256836
4989,0.0
4990,0.0
4991,0.017405986785888672
4992,0.0
4993,0.0067691802978515625
4994,0.008888959884643555
4995,0.0
4996,0.006081104278564453
4997,0.005784511566162109
4998,0.0
4999,0.0
5000,0.01605057716369629
5001,0.0
5002,0.005201816558837891
5003,0.008063554763793945
5004,0.013361454010009766
5005,0.010519742965698242
5006,0.006871938705444336
5007,0.001970529556274414
5008,0.0041408538818359375
5009,0.0
5010,0.0020296573638916016
5011,0.008468151092529297
5012,0.0
5013,0.0
5014,0.0
5015,0.015794754028320312
5016,0.0
5017,0.015918493270874023
5018,0.0
5019,0.0060443878173828125
5020,0.012615442276000977
5021,0.0
5022,0.002686023712158203
5023,0.012281417846679688
5024,0.0
5025,0.016046524047851562
5026,0.0
5027,0.0
5028,0.01593947410583496
5029,0.0
5030,0.01585841178894043
5031,0.011332273483276367
5032,0.0
5033,0.010798931121826172
5034,0.0
5035,0.0
5036,0.015717744827270508
5037,0.0
5038,0.006474018096923828
5039,0.0
5040,0.014836549758911133
5041,0.0
5042,0.006474018096923828
5043,0.009202241897583008
5044,0.0
5045,0.016108036041259766
5046,0.0
5047,0.0
5048,0.01571035385131836
5049,0.0
5050,0.0
5051,0.015708208084106445
5052,0.012773513793945312
5053,0.0
5054,0.0048580169677734375
5055,0.005616188049316406
5056,0.0
5057,0.004851341247558594
5058,0.010828971862792969
5059,0.0
5060,0.0
5061,0.01584029197692871
5062,0.0
5063,0.0024802684783935547
5064,0.01066279411315918
5065,0.0
5066,0.0
5067,0.015798568725585938
5068,0.0
5069,0.0
5070,0.01593327522277832
5071,0.0038666725158691406
5072,0.0
5073,0.0048046112060546875
5074,0.010883569717407227
5075,0.0
5076,0.015772104263305664
5077,0.0
5078,0.0
5079,0.01578044891357422
5080,0.0
5081,0.0
5082,0.015758991241455078
5083,0.0047113895416259766
5084,0.0
5085,0.0
5086,0.01578807830810547
5087,0.007013559341430664
5088,0.0
5089,0.013637542724609375
5090,0.0
5091,0.0
5092,0.0159912109375
5093,0.008571147918701172
5094,0.0
5095,0.0
5096,0.01575756072998047
5097,0.0
5098,0.0
5099,0.01575326919555664
5100,0.0
5101,0.0
5102,0.01740288734436035
5103,0.0048291683197021484
5104,0.0029909610748291016
5105,0.012299299240112305
5106,0.0
5107,0.0
5108,0.015772342681884766
5109,0.006041049957275391
5110,0.0
5111,0.01584935188293457
5112,0.0
5113,0.0063741207122802734
5114,0.0
5115,0.01549220085144043
5116,0.0
5117,0.0
5118,0.015778541564941406
5119,0.010437965393066406
5120,0.0
5121,0.012459278106689453
5122,0.0
5123,0.0027816295623779297
5124,0.009567737579345703
5125,0.015841960906982422
5126,0.0
5127,0.0
5128,0.015733718872070312
5129,0.0
5130,0.0
5131,0.0
5132,0.0
5133,0.01749420166015625
5134,0.002386808395385742
5135,0.009529352188110352
5136,0.004934787750244141
5137,0.00521397590637207
5138,0.016058921813964844
5139,0.0
5140,0.01588916778564453
5141,0.0157773494720459
5142,0.0
5143,0.005906343460083008
5144,0.0016117095947265625
5145,0.011363029479980469
5146,0.0
5147,0.007279157638549805
5148,0.008721113204956055
5149,0.0
5150,0.01577305793762207
5151,0.0
5152,0.0038046836853027344
5153,0.0
5154,0.012928485870361328
5155,0.0
5156,0.0
5157,0.015961408615112305
5158,0.00990605354309082
5159,0.0
5160,0.0
5161,0.015726327896118164
5162,0.0
5163,0.0
5164,0.018198490142822266
5165,0.0
5166,0.0
5167,0.018543481826782227
5168,0.002947568893432617
5169,0.01318979263305664
5170,0.0
5171,0.0
5172,0.0
5173,0.00853109359741211
5174,0.015812397003173828
5175,0.01583099365234375
5176,0.01585102081298828
5177,0.015866994857788086
5178,0.011577606201171875
5179,0.0
5180,0.0
5181,0.015794038772583008
5182,0.01583385467529297
5183,0.015874624252319336
5184,0.015925884246826172
5185,0.00509333610534668
5186,0.01582193374633789
5187,0.016499042510986328
5188,0.0
5189,0.01969289779663086
5190,0.008621692657470703
5191,0.0
5192,0.016054868698120117
5193,0.015826940536499023
5194,0.0
5195,0.015869140625
5196,0.015679359436035156
5197,0.007566928863525391
5198,0.0
5199,0.0
5200,0.010857105255126953
5201,0.019984006881713867
5202,0.0
5203,0.0
5204,0.016379594802856445
5205,0.009044170379638672
5206,0.014173269271850586
5207,0.0216066837310791
5208,0.013616085052490234
5209,0.01579904556274414
5210,0.015822410583496094
5211,0.016202211380004883
5212,0.015720605850219727
5213,0.02413654327392578
5214,0.004021406173706055
5215,0.01592111587524414
5216,0.015766382217407227
5217,0.020245075225830078
5218,0.006547689437866211
5219,0.008588314056396484
5220,0.016160011291503906
5221,0.015847444534301758
5222,0.015860319137573242
5223,0.007873773574829102
5224,0.00790262222290039
5225,0.0
5226,0.005832195281982422
5227,0.0
5228,0.0
5229,0.0027480125427246094
5230,0.0
5231,0.01587367057800293
5232,0.004216432571411133
5233,0.012206792831420898
5234,0.0038793087005615234
5235,0.0
5236,0.01593470573425293
5237,0.018035411834716797
5238,0.008164405822753906
5239,0.015752792358398438
5240,0.0
5241,0.0
5242,0.0183408260345459
5243,0.008022546768188477
5244,0.015818357467651367
5245,0.0
5246,0.0
5247,0.015902042388916016
5248,0.018164634704589844
5249,0.0
5250,0.0
5251,0.008452177047729492
5252,0.0
5253,0.0
5254,0.0060079097747802734
5255,0.006299734115600586
5256,0.0
5257,0.01608753204345703
5258,0.01595759391784668
5259,0.009581804275512695
5260,0.014486312866210938
5261,0.015941381454467773
5262,0.01582026481628418
5263,0.0
5264,0.015923023223876953
5265,0.0
5266,0.0
5267,0.0
5268,0.008824586868286133
5269,0.011321544647216797
5270,0.0
5271,0.008501768112182617
5272,0.016180038452148438
5273,0.015958547592163086
5274,0.0
5275,0.009624481201171875
5276,0.016714096069335938
5277,0.0
5278,0.0057489871978759766
5279,0.014646530151367188
5280,0.015928268432617188
5281,0.0
5282,0.015909671783447266
5283,0.010805130004882812
5284,0.015963315963745117
5285,0.01590251922607422
5286,0.0
5287,0.011211872100830078
5288,0.01368570327758789
5289,0.0
5290,0.0
5291,0.015817642211914062
5292,0.015834808349609375
5293,0.011167764663696289
5294,0.024582386016845703
5295,0.015166997909545898
5296,0.010644197463989258
5297,0.016131877899169922
5298,0.015004158020019531
5299,0.006153583526611328
5300,0.01342153549194336
5301,0.010880708694458008
5302,0.019721031188964844
5303,0.012095212936401367
5304,0.006562471389770508
5305,0.014794588088989258
5306,0.0
5307,0.008689403533935547
5308,0.015871763229370117
5309,0.006061077117919922
5310,0.009070158004760742
5311,0.008146524429321289
5312,0.011970043182373047
5313,0.011959075927734375
5314,0.011343240737915039
5315,0.01078939437866211
5316,0.01574420928955078
5317,0.019956350326538086
5318,0.010765552520751953
5319,0.015871286392211914
5320,0.009279966354370117
5321,0.011174440383911133
5322,0.014065027236938477
5323,0.010250329971313477
5324,0.010008096694946289
5325,0.012434244155883789
5326,0.015420675277709961
5327,0.012727499008178711
5328,0.017749786376953125
5329,0.011956214904785156
5330,0.024057626724243164
5331,0.005549192428588867
5332,0.010297536849975586
5333,0.011578083038330078
5334,0.01512908935546875
5335,0.007043361663818359
5336,0.011008262634277344
5337,0.013656377792358398
5338,0.007900476455688477
5339,0.01243448257446289
5340,0.004827976226806641
5341,0.010410070419311523
5342,0.001756906509399414
5343,0.0040302276611328125
5344,0.005800724029541016
5345,0.00840902328491211
5346,0.005525350570678711
5347,0.013172149658203125
5348,0.0052776336669921875
5349,0.009987115859985352
5350,0.013275861740112305
5351,0.010097980499267578
5352,0.015614748001098633
5353,0.011554241180419922
5354,0.015525341033935547
5355,0.009859800338745117
5356,0.009754180908203125
5357,0.008769512176513672
5358,0.010288476943969727
5359,0.0068111419677734375
5360,0.008387088775634766
5361,0.013555765151977539
5362,0.008966922760009766
5363,0.0050737857818603516
5364,0.015084981918334961
5365,0.013774394989013672
5366,0.004838705062866211
5367,0.003765106201171875
5368,0.0048749446868896484
5369,0.00987553596496582
5370,0.011571884155273438
5371,0.010735273361206055
5372,0.00867009162902832
5373,0.013937950134277344
5374,0.00956106185913086
5375,0.013775110244750977
5376,0.003687143325805664
5377,0.0
5378,0.013741016387939453
5379,0.007535457611083984
5380,0.018930912017822266
5381,0.009636878967285156
5382,0.00961613655090332
5383,0.01312112808227539
5384,0.0047419071197509766
5385,0.007409811019897461
5386,0.010650396347045898
5387,0.010879755020141602
5388,0.013674497604370117
5389,0.004035234451293945
5390,0.01577901840209961
5391,0.009035110473632812
5392,0.009779214859008789
5393,0.011787652969360352
5394,0.014356851577758789
5395,0.010665178298950195
5396,0.004698753356933594
5397,0.0017442703247070312
5398,0.011936664581298828
5399,0.01565098762512207
5400,0.015944242477416992
5401,0.017965078353881836
5402,0.010368824005126953
5403,0.01586437225341797
5404,0.015751123428344727
5405,0.018067121505737305
5406,0.01401066780090332
5407,0.015134811401367188
5408,0.020421981811523438
5409,0.015830278396606445
5410,0.015950918197631836
5411,0.0198211669921875
5412,0.009856224060058594
5413,0.010682821273803711
5414,0.012062788009643555
5415,0.01153254508972168
5416,0.005783796310424805
5417,0.0201113224029541
5418,0.0020155906677246094
5419,0.014451265335083008
5420,0.0020437240600585938
5421,0.015238046646118164
5422,0.0
5423,0.006909608840942383
5424,0.005028963088989258
5425,0.009522199630737305
5426,0.008633852005004883
5427,0.015196800231933594
5428,0.012073993682861328
5429,0.016473054885864258
5430,0.009656429290771484
5431,0.013678550720214844
5432,0.024041414260864258
5433,0.005901336669921875
5434,0.012514114379882812
5435,0.010305643081665039
5436,0.015690326690673828
5437,0.0158843994140625
5438,0.012347221374511719
5439,0.0
5440,0.0
5441,0.016059398651123047
5442,0.004468679428100586
5443,0.013969182968139648
5444,0.01993250846862793
5445,0.005469799041748047
5446,0.006986856460571289
5447,0.010535717010498047
5448,0.018090486526489258
5449,0.008436918258666992
5450,0.009441614151000977
5451,0.008756399154663086
5452,0.005761146545410156
5453,0.011764764785766602
5454,0.007382869720458984
5455,0.009457588195800781
5456,0.00969386100769043
5457,0.011542081832885742
5458,0.008804082870483398
5459,0.011244535446166992
5460,0.00903940200805664
5461,0.00551915168762207
5462,0.013768911361694336
5463,0.00614476203918457
5464,0.015513181686401367
5465,0.0
5466,0.006950855255126953
5467,0.007122039794921875
5468,0.007565498352050781
5469,0.0007202625274658203
5470,0.006559848785400391
5471,0.005990266799926758
5472,0.007363319396972656
5473,0.00536656379699707
5474,0.004826068878173828
5475,0.0007727146148681641
5476,0.00796198844909668
5477,0.01001119613647461
5478,0.013692855834960938
5479,0.008166313171386719
5480,0.0068399906158447266
5481,0.009076356887817383
5482,0.005460500717163086
5483,0.006350994110107422
5484,0.007399082183837891
5485,0.003988742828369141
5486,0.007779359817504883
5487,0.008214712142944336
5488,0.006810665130615234
5489,0.008969783782958984
5490,0.008438825607299805
5491,0.013902425765991211
5492,0.013347387313842773
5493,0.013762950897216797
5494,0.008133888244628906
5495,0.008444547653198242
5496,0.01289510726928711
5497,0.006219148635864258
5498,0.00820302963256836
5499,0.006524085998535156
5500,0.004380226135253906
5501,0.00572657585144043
5502,0.00674128532409668
5503,0.008539438247680664
5504,0.0064945220947265625
5505,0.008032083511352539
5506,0.008858203887939453
5507,0.006796836853027344
5508,0.008533000946044922
5509,0.014059782028198242
5510,0.01382303237915039
5511,0.008030414581298828
5512,0.0
5513,0.006613492965698242
5514,0.00626373291015625
5515,0.007246255874633789
5516,0.007608175277709961
5517,0.009917020797729492
5518,0.0138702392578125
5519,0.008148193359375
5520,0.005329132080078125
5521,0.011288881301879883
5522,0.00391840934753418
5523,0.0076253414154052734
5524,0.013942956924438477
5525,0.007395744323730469
5526,0.002666473388671875
5527,0.0077056884765625
5528,0.00115203857421875
5529,0.0067119598388671875
5530,0.007113933563232422
5531,0.0063784122467041016
5532,0.006169795989990234
5533,0.0069239139556884766
5534,0.006905078887939453
5535,0.008399724960327148
5536,0.005924701690673828
5537,0.0
5538,0.00713801383972168
5539,0.006759166717529297
5540,0.005402803421020508
5541,0.0072634220123291016
5542,0.007519960403442383
5543,0.007760286331176758
5544,0.009097099304199219
5545,0.007086992263793945
5546,0.014226436614990234
5547,0.013786792755126953
5548,0.013581275939941406
5549,0.005217075347900391
5550,0.007210254669189453
5551,0.008303642272949219
5552,0.005227804183959961
5553,0.013253927230834961
5554,0.006335735321044922
5555,0.005176067352294922
5556,0.0071375370025634766
5557,0.007730007171630859
5558,0.00970005989074707
5559,0.009864091873168945
5560,0.0057642459869384766
5561,0.008346796035766602
5562,0.007205009460449219
5563,0.010615825653076172
5564,0.0071868896484375
5565,0.0011603832244873047
5566,0.006468057632446289
5567,0.007088899612426758
5568,0.0071184635162353516
5569,0.013489246368408203
5570,0.0064928531646728516
5571,0.0052111148834228516
5572,0.007143974304199219
5573,0.008546829223632812
5574,0.010489702224731445
5575,0.01175236701965332
5576,0.013823986053466797
5577,0.006955623626708984
5578,0.007483243942260742
5579,0.006712198257446289
5580,0.008606910705566406
5581,0.009858369827270508
5582,0.010121822357177734
5583,0.008590459823608398
5584,0.011107921600341797
5585,0.009950399398803711
5586,0.01350092887878418
5587,0.006391763687133789
5588,0.005277872085571289
5589,0.0031626224517822266
5590,0.013881444931030273
5591,0.006901979446411133
5592,0.0004513263702392578
5593,0.006219148635864258
5594,0.007773637771606445
5595,0.0065746307373046875
5596,0.006571292877197266
5597,0.007955551147460938
5598,0.009303092956542969
5599,0.007699728012084961
5600,0.006305217742919922
5601,0.012264251708984375
5602,0.008996248245239258
5603,0.006932973861694336
5604,0.013318061828613281
5605,0.007948160171508789
5606,0.007906436920166016
5607,0.011380195617675781
5608,0.014445781707763672
5609,0.006392955780029297
5610,0.008217573165893555
5611,0.014176130294799805
5612,0.010649919509887695
5613,0.00626063346862793
5614,0.006779670715332031
5615,0.008448362350463867
5616,0.004812002182006836
5617,0.008907079696655273
5618,0.008420944213867188
5619,0.01294851303100586
5620,0.008086919784545898
5621,0.007586956024169922
5622,0.006340742111206055
5623,0.005361318588256836
5624,0.007555246353149414
5625,0.010289907455444336
5626,0.009602069854736328
5627,0.01204681396484375
5628,0.012429237365722656
5629,0.005839824676513672
5630,0.013588905334472656
5631,0.006040334701538086
5632,0.004148244857788086
5633,0.00690770149230957
5634,0.005479574203491211
5635,0.003856182098388672
5636,0.008167028427124023
5637,0.007813215255737305
5638,0.007193326950073242
5639,0.008588790893554688
5640,0.009602546691894531
5641,0.008840560913085938
5642,0.0082855224609375
5643,0.007223367691040039
5644,0.006287574768066406
5645,0.00783848762512207
5646,0.006475925445556641
5647,0.007028102874755859
5648,0.005015850067138672
5649,0.0026230812072753906
5650,0.006569862365722656
5651,0.006986379623413086
5652,0.00373077392578125
5653,0.007134437561035156
5654,0.0068852901458740234
5655,0.0036306381225585938
5656,0.006737947463989258
5657,0.00835418701171875
5658,0.012525081634521484
5659,0.013597488403320312
5660,0.0069561004638671875
5661,0.00697636604309082
5662,0.006467580795288086
5663,0.006494998931884766
5664,0.00818324089050293
5665,0.005285501480102539
5666,0.012839317321777344
5667,0.007685661315917969
5668,0.013553142547607422
5669,0.0082244873046875
5670,0.0020105838775634766
5671,0.007508993148803711
5672,0.00651240348815918
5673,0.006357431411743164
5674,0.00613713264465332
5675,0.007777214050292969
5676,0.008569478988647461
5677,0.002657651901245117
5678,0.014234066009521484
5679,0.005564212799072266
5680,0.008129358291625977
5681,0.01376795768737793
5682,0.014117717742919922
5683,0.014383077621459961
5684,0.01135563850402832
5685,0.007215023040771484
5686,0.006989955902099609
5687,0.002935171127319336
5688,0.006320953369140625
5689,0.0066835880279541016
5690,0.006898164749145508
5691,0.006852149963378906
5692,0.00612640380859375
5693,0.006737470626831055
5694,0.005098819732666016
5695,0.008800745010375977
5696,0.009555339813232422
5697,0.009130239486694336
5698,0.005936622619628906
5699,0.006864070892333984
5700,0.010649919509887695
5701,0.010955572128295898
5702,0.0069122314453125
5703,0.0059549808502197266
5704,0.007351875305175781
5705,0.005818843841552734
5706,0.005482912063598633
5707,0.00849008560180664
5708,0.014288902282714844
5709,0.004462718963623047
5710,0.008053779602050781
5711,0.009642601013183594
5712,0.006612300872802734
5713,0.004938602447509766
5714,0.005186557769775391
5715,0.011799812316894531
5716,0.006747245788574219
5717,0.006887197494506836
5718,0.007643222808837891
5719,0.011667251586914062
5720,0.006946563720703125
5721,0.0
5722,0.0020101070404052734
5723,0.005801677703857422
5724,0.005383014678955078
5725,0.0
5726,0.009905338287353516
5727,0.004025936126708984
5728,0.0054149627685546875
5729,0.021043777465820312
5730,0.010792016983032227
5731,0.01279449462890625
5732,0.006693601608276367
5733,0.013534784317016602
5734,0.009122610092163086
5735,0.00469207763671875
5736,0.005781412124633789
5737,0.0053446292877197266
5738,0.006647825241088867
5739,0.004723787307739258
5740,0.007050037384033203
5741,0.010636091232299805
5742,0.010915517807006836
5743,0.008477210998535156
5744,0.006535530090332031
5745,0.01331782341003418
5746,0.013460397720336914
5747,0.00832366943359375
5748,0.00704646110534668
5749,0.0039017200469970703
5750,0.008037090301513672
5751,0.006019115447998047
5752,0.010135650634765625
5753,0.008779764175415039
5754,0.006935596466064453
5755,0.008564233779907227
5756,0.007277965545654297
5757,0.007143259048461914
5758,0.006817817687988281
5759,0.003886699676513672
5760,0.0016639232635498047
5761,0.006474494934082031
5762,0.010933637619018555
5763,0.009699583053588867
5764,0.009064435958862305
5765,0.006142139434814453
5766,0.004473447799682617
5767,0.007135152816772461
5768,0.006944417953491211
5769,0.0
5770,0.0017175674438476562
5771,0.006403446197509766
5772,0.009307861328125
5773,0.00880742073059082
5774,0.007908105850219727
5775,0.0066792964935302734
5776,0.006536006927490234
5777,0.007995843887329102
5778,0.009216070175170898
5779,0.006646156311035156
5780,0.008027791976928711
5781,0.0
5782,0.005534648895263672
5783,0.00584721565246582
5784,0.006150007247924805
5785,0.005976676940917969
5786,0.0086822509765625
5787,0.004059553146362305
5788,0.00485682487487793
5789,0.012862205505371094
5790,0.0025734901428222656
5791,0.0
5792,0.00705718994140625
5793,0.008438348770141602
5794,0.01031637191772461
5795,0.0036606788635253906
5796,0.012173175811767578
5797,0.0
5798,0.0
5799,0.015748262405395508
5800,0.0
5801,0.009329795837402344
5802,0.00947713851928711
5803,0.011325359344482422
5804,0.006636857986450195
5805,0.01472783088684082
5806,0.010477781295776367
5807,0.0
5808,0.005885124206542969
5809,0.006766557693481445
5810,0.0037293434143066406
5811,0.009624242782592773
5812,0.0007951259613037109
5813,0.005948781967163086
5814,0.006793498992919922
5815,0.007217884063720703
5816,0.005919218063354492
5817,0.005968570709228516
5818,0.005909442901611328
5819,0.006090402603149414
5820,0.004104137420654297
5821,0.008971214294433594
5822,0.008315086364746094
5823,0.0067136287689208984
5824,0.0075876712799072266
5825,0.007351398468017578
5826,0.006058692932128906
5827,0.012306690216064453
5828,0.009871959686279297
5829,0.014791011810302734
5830,0.003768444061279297
5831,0.01632070541381836
5832,0.006243228912353516
5833,0.006807804107666016
5834,0.00608062744140625
5835,0.010665178298950195
5836,0.005642890930175781
5837,0.0020864009857177734
5838,0.007524728775024414
5839,0.014188051223754883
5840,0.009506940841674805
5841,0.006944894790649414
5842,0.010081291198730469
5843,0.0062122344970703125
5844,0.008788347244262695
5845,0.006989717483520508
5846,0.006169795989990234
5847,0.005609273910522461
5848,0.006096363067626953
5849,0.0046880245208740234
5850,0.007496833801269531
5851,0.0052032470703125
5852,0.0059931278228759766
5853,0.009968757629394531
5854,0.005457639694213867
5855,0.0027437210083007812
5856,0.005898475646972656
5857,0.008771181106567383
5858,0.0
5859,0.010204076766967773
5860,0.0057218074798583984
5861,0.01329350471496582
5862,0.0030939579010009766
5863,0.005320310592651367
5864,0.0076868534088134766
5865,0.005437374114990234
5866,0.016039609909057617
5867,0.014401435852050781
5868,0.01330876350402832
5869,0.011506319046020508
5870,0.005341768264770508
5871,0.007933616638183594
5872,0.006287574768066406
5873,0.004189491271972656
5874,0.0033240318298339844
5875,0.007720470428466797
5876,0.005264997482299805
5877,0.007927656173706055
5878,0.007668733596801758
5879,0.009958267211914062
5880,0.004578828811645508
5881,0.004172801971435547
5882,0.010892629623413086
5883,0.007689714431762695
5884,0.007767438888549805
5885,0.0051572322845458984
5886,0.006192684173583984
5887,0.008149862289428711
5888,0.006791830062866211
5889,0.007359981536865234
5890,0.00814366340637207
5891,0.0
5892,0.006197214126586914
5893,0.008226156234741211
5894,0.006765842437744141
5895,0.006403446197509766
5896,0.0068089962005615234
5897,0.0057599544525146484
5898,0.011747121810913086
5899,0.0053920745849609375
5900,0.007883548736572266
5901,0.006092071533203125
5902,0.00580286979675293
5903,0.0068399906158447266
5904,0.010152339935302734
5905,0.007800579071044922
5906,0.0061185359954833984
5907,0.005967617034912109
5908,0.010843038558959961
5909,0.007310390472412109
5910,0.006742238998413086
5911,0.004357576370239258
5912,0.005175590515136719
5913,0.00893259048461914
5914,0.0008492469787597656
5915,0.008042335510253906
5916,0.0
5917,0.006581306457519531
5918,0.007002115249633789
5919,0.007146596908569336
5920,0.0
5921,0.004724025726318359
5922,0.006415605545043945
5923,0.007916688919067383
5924,0.0031833648681640625
5925,0.007784128189086914
5926,0.0071637630462646484
5927,0.008541107177734375
5928,0.006046295166015625
5929,0.006470680236816406
5930,0.008266687393188477
5931,0.006969451904296875
5932,0.009196043014526367
5933,0.005442380905151367
5934,0.006364583969116211
5935,0.006247043609619141
5936,0.007023811340332031
5937,0.007290840148925781
5938,0.0066983699798583984
5939,0.001580953598022461
5940,0.006852865219116211
5941,0.0056896209716796875
5942,0.0061054229736328125
5943,0.006534576416015625
5944,0.008276700973510742
5945,0.004379749298095703
5946,0.004333972930908203
5947,0.002135038375854492
5948,0.004736185073852539
5949,0.004013776779174805
5950,0.00602269172668457
5951,0.006022930145263672
5952,0.006026506423950195
5953,0.006020307540893555
5954,0.006020069122314453
5955,0.0060193538665771484
5956,0.0040132999420166016
5957,0.004013776779174805
5958,0.004011869430541992
5959,0.006019115447998047
5960,0.008028507232666016
5961,0.006020069122314453
5962,0.006016731262207031
5963,0.006018638610839844
5964,0.008030891418457031
5965,0.006020307540893555
5966,0.007592201232910156
5967,0.005293846130371094
5968,0.006351470947265625
5969,0.006689548492431641
5970,0.0007097721099853516
5971,0.005616188049316406
5972,0.012008905410766602
5973,0.005745649337768555
5974,0.005194187164306641
5975,0.006483793258666992
5976,0.005598306655883789
5977,0.006240367889404297
5978,0.0046710968017578125
5979,0.007839679718017578
5980,0.010634183883666992
5981,0.0
5982,0.00623321533203125
5983,0.009304046630859375
5984,0.002195119857788086
5985,0.007639884948730469
5986,0.004166126251220703
5987,0.004962921142578125
5988,0.003276348114013672
5989,0.0061492919921875
5990,0.007193088531494141
5991,0.004251718521118164
5992,0.005769014358520508
5993,0.007970809936523438
5994,0.004271745681762695
5995,0.0050945281982421875
5996,0.006636619567871094
5997,0.004671573638916016
5998,0.005409717559814453
5999,0.0041925907135009766
6000,0.0033500194549560547
6001,0.005500078201293945
6002,0.0066988468170166016
6003,0.0077741146087646484
6004,0.005259513854980469
6005,0.0077822208404541016
6006,0.0034422874450683594
6007,0.010306596755981445
6008,0.0
6009,0.00834965705871582
6010,0.006478071212768555
6011,0.006412029266357422
6012,0.006316661834716797
6013,0.0007112026214599609
6014,0.005867719650268555
6015,0.006228446960449219
6016,0.006008148193359375
6017,0.005368471145629883
6018,0.0006952285766601562
6019,0.006198883056640625
6020,0.004132747650146484
6021,0.006232023239135742
6022,0.007009983062744141
6023,0.010067224502563477
6024,0.005826234817504883
6025,0.0047760009765625
6026,0.00033354759216308594
6027,0.005525827407836914
6028,0.0037364959716796875
6029,0.009630680084228516
6030,0.006696224212646484
6031,0.007966041564941406
6032,0.0059070587158203125
6033,0.005872488021850586
6034,0.0069408416748046875
6035,0.004422903060913086
6036,0.0062754154205322266
6037,0.0060002803802490234
6038,0.00414729118347168
6039,0.006712675094604492
6040,0.006308794021606445
6041,0.006689786911010742
6042,0.007588863372802734
6043,0.006999969482421875
6044,0.006664752960205078
6045,0.0018017292022705078
6046,0.0038809776306152344
6047,0.0
6048,0.005589723587036133
6049,0.0028362274169921875
6050,0.005916595458984375
6051,0.006208896636962891
6052,0.006931304931640625
6053,0.013242244720458984
6054,0.0069730281829833984
6055,0.002471446990966797
6056,0.00790858268737793
6057,0.007809638977050781
6058,0.00818014144897461
6059,0.0074443817138671875
6060,0.007838726043701172
6061,0.006481170654296875
6062,0.0026731491088867188
6063,0.00424957275390625
6064,0.0041501522064208984
6065,0.010341167449951172
6066,0.012873649597167969
6067,0.008777618408203125
6068,0.008634567260742188
6069,0.006674289703369141
6070,0.00846552848815918
6071,0.002227783203125
6072,0.006095170974731445
6073,0.008081912994384766
6074,0.005243539810180664
6075,0.005620241165161133
6076,0.0066928863525390625
6077,0.011670351028442383
6078,0.004917621612548828
6079,0.006167173385620117
6080,0.006285190582275391
6081,0.009392738342285156
6082,0.00664067268371582
6083,0.009994029998779297
6084,0.012598991394042969
6085,0.006204128265380859
6086,0.007907629013061523
6087,0.007302045822143555
6088,0.006772518157958984
6089,0.007216215133666992
6090,0.005452394485473633
6091,0.007099628448486328
6092,0.0006225109100341797
6093,0.006543397903442383
6094,0.0011324882507324219
6095,0.005410909652709961
6096,0.007839679718017578
6097,0.00989389419555664
6098,0.006741523742675781
6099,0.0036525726318359375
6100,0.006335020065307617
6101,0.007497310638427734
6102,0.006819725036621094
6103,0.004657268524169922
6104,0.0061757564544677734
6105,0.007117509841918945
6106,0.010240793228149414
6107,0.0057337284088134766
6108,0.01090550422668457
6109,0.006964921951293945
6110,0.0023415088653564453
6111,0.007777690887451172
6112,0.00991511344909668
6113,0.005443572998046875
6114,0.006311655044555664
6115,0.007992982864379883
6116,0.010650634765625
6117,0.006031513214111328
6118,0.003305673599243164
6119,0.003509998321533203
6120,0.006640911102294922
6121,0.006497621536254883
6122,0.012424945831298828
6123,0.0048868656158447266
6124,0.008573770523071289
6125,0.007008552551269531
6126,0.004861354827880859
6127,0.010936975479125977
6128,0.00756382942199707
6129,0.003627777099609375
6130,0.007622957229614258
6131,0.012459039688110352
6132,0.008575439453125
6133,0.010848522186279297
6134,0.006234169006347656
6135,0.00992131233215332
6136,0.013693094253540039
6137,0.01583576202392578
6138,0.00896596908569336
6139,0.005032539367675781
6140,0.005107879638671875
6141,0.005105018615722656
6142,0.006102085113525391
6143,0.004312276840209961
6144,0.006164073944091797
6145,0.009810686111450195
6146,0.004659891128540039
6147,0.008371114730834961
6148,0.005648612976074219
6149,0.00894784927368164
6150,0.008115530014038086
6151,0.009235382080078125
6152,0.006240367889404297
6153,0.006356239318847656
6154,0.009009838104248047
6155,0.015132427215576172
6156,0.009201765060424805
6157,0.0063626766204833984
6158,0.0068666934967041016
6159,0.013284683227539062
6160,0.010657548904418945
6161,0.0068628787994384766
6162,0.009335756301879883
6163,0.008426189422607422
6164,0.011361122131347656
6165,0.012563467025756836
6166,0.006516456604003906
6167,0.005117893218994141
6168,0.0067822933197021484
6169,0.010229825973510742
6170,0.008018016815185547
6171,0.012194156646728516
6172,0.010161876678466797
6173,0.008127212524414062
6174,0.010454416275024414
6175,0.011945724487304688
6176,0.011257171630859375
6177,0.011875152587890625
6178,0.003317594528198242
6179,0.008089303970336914
6180,0.0027298927307128906
6181,0.0064373016357421875
6182,0.009409189224243164
6183,0.007357358932495117
6184,0.007279872894287109
6185,0.014072418212890625
6186,0.009194135665893555
6187,0.007972002029418945
6188,0.012238025665283203
6189,0.008312463760375977
6190,0.013254165649414062
6191,0.009073495864868164
6192,0.011492252349853516
6193,0.009711980819702148
6194,0.011403560638427734
6195,0.014860868453979492
6196,0.013895750045776367
6197,0.007514476776123047
6198,0.014142274856567383
6199,0.010209798812866211
6200,0.007248878479003906
6201,0.005540132522583008
6202,0.006970405578613281
6203,0.014635086059570312
6204,0.010790824890136719
6205,0.01025843620300293
6206,0.0077931880950927734
6207,0.007894277572631836
6208,0.005940914154052734
6209,0.0066394805908203125
6210,0.011260032653808594
6211,0.008920907974243164
6212,0.01136326789855957
6213,0.01093912124633789
6214,0.00993204116821289
6215,0.012796640396118164
6216,0.0116119384765625
6217,0.010433673858642578
6218,0.008337974548339844
6219,0.01065826416015625
6220,0.006214618682861328
6221,0.011507272720336914
6222,0.010722160339355469
6223,0.007846832275390625
6224,0.008588790893554688
6225,0.006384372711181641
6226,0.0045871734619140625
6227,0.011144638061523438
6228,0.013402223587036133
6229,0.0069751739501953125
6230,0.008167505264282227
6231,0.014005422592163086
6232,0.008915185928344727
6233,0.013718366622924805
6234,0.005496501922607422
6235,0.006857395172119141
6236,0.01441192626953125
6237,0.009865999221801758
6238,0.006542682647705078
6239,0.010589122772216797
6240,0.00695037841796875
6241,0.012223005294799805
6242,0.010804891586303711
6243,0.013962030410766602
6244,0.0060765743255615234
6245,0.011272907257080078
6246,0.012389183044433594
6247,0.007519245147705078
6248,0.005293130874633789
6249,0.006645917892456055
6250,0.006424427032470703
6251,0.0014984607696533203
6252,0.002463102340698242
6253,0.01443791389465332
6254,0.008217573165893555
6255,0.00606846809387207
6256,0.008181333541870117
6257,0.00800466537475586
6258,0.013885498046875
6259,0.008125066757202148
6260,0.008131742477416992
6261,0.00714111328125
6262,0.007619142532348633
6263,0.007735490798950195
6264,0.011898994445800781
6265,0.012031316757202148
6266,0.006140470504760742
6267,0.009920358657836914
6268,0.0074765682220458984
6269,0.004955768585205078
6270,0.007907629013061523
6271,0.006494760513305664
6272,0.006272077560424805
6273,0.006849765777587891
6274,0.007412910461425781
6275,0.006381511688232422
6276,0.005263805389404297
6277,0.005399227142333984
6278,0.008051633834838867
6279,0.006232023239135742
6280,0.0
6281,0.004155397415161133
6282,0.009290456771850586
6283,0.006994724273681641
6284,0.008839607238769531
6285,0.00794219970703125
6286,0.004657745361328125
6287,0.007579326629638672
6288,0.00760197639465332
6289,0.00607609748840332
6290,0.00788259506225586
6291,0.007949352264404297
6292,0.008147954940795898
6293,0.005361795425415039
6294,0.009299278259277344
6295,0.005789279937744141
6296,0.007182598114013672
6297,0.00873708724975586
6298,0.00773167610168457
6299,0.008359193801879883
6300,0.010268449783325195
6301,0.002421855926513672
6302,0.0024063587188720703
6303,0.013458490371704102
6304,0.0076923370361328125
6305,0.005536317825317383
6306,0.009355783462524414
6307,0.006650686264038086
6308,0.007916450500488281
6309,0.006659507751464844
6310,0.003955364227294922
6311,0.001953601837158203
6312,0.008057117462158203
6313,0.007871150970458984
6314,0.010990142822265625
6315,0.006325483322143555
6316,0.013397455215454102
6317,0.01055002212524414
6318,0.014408588409423828
6319,0.006003618240356445
6320,0.011240482330322266
6321,0.012752532958984375
6322,0.008971214294433594
6323,0.013635396957397461
6324,0.007731199264526367
6325,0.013776063919067383
6326,0.013437032699584961
6327,0.006178379058837891
6328,0.0062601566314697266
6329,0.005126237869262695
6330,0.006219387054443359
6331,0.0011909008026123047
6332,0.007740974426269531
6333,0.006173133850097656
6334,0.007978677749633789
6335,0.014499902725219727
6336,0.013032197952270508
6337,0.00780797004699707
6338,0.006464242935180664
6339,0.009516477584838867
6340,0.007228374481201172
6341,0.008300542831420898
6342,0.013933420181274414
6343,0.006817817687988281
6344,0.012018918991088867
6345,0.01208186149597168
6346,0.0
6347,0.009958267211914062
6348,0.007799625396728516
6349,0.0
6350,0.005082845687866211
6351,0.013349056243896484
6352,0.006642818450927734
6353,0.005903720855712891
6354,0.011459589004516602
6355,0.008148193359375
6356,0.006394624710083008
6357,0.006392955780029297
6358,0.015091657638549805
6359,0.008093118667602539
6360,0.0064008235931396484
6361,0.006445884704589844
6362,0.008347511291503906
6363,0.009768962860107422
6364,0.01076960563659668
6365,0.004342555999755859
6366,0.006934642791748047
6367,0.0007977485656738281
6368,0.005710601806640625
6369,0.006380319595336914
6370,0.001051187515258789
6371,0.007562398910522461
6372,0.008168220520019531
6373,0.0046193599700927734
6374,0.006302833557128906
6375,0.00750279426574707
6376,0.00670933723449707
6377,0.0
6378,0.007353782653808594
6379,0.006720542907714844
6380,0.008382081985473633
6381,0.009075641632080078
6382,0.00791478157043457
6383,0.001798868179321289
6384,0.00525212287902832
6385,0.0040740966796875
6386,0.0069539546966552734
6387,0.006605386734008789
6388,0.005428791046142578
6389,0.008011817932128906
6390,0.005499839782714844
6391,0.007652997970581055
6392,0.007105350494384766
6393,0.009340047836303711
6394,0.0024378299713134766
6395,0.007666349411010742
6396,0.01208043098449707
6397,0.00136566162109375
6398,0.006919145584106445
6399,0.008203268051147461
6400,0.0
6401,0.008483648300170898
6402,0.0029113292694091797
6403,0.0065097808837890625
6404,0.00555419921875
6405,0.007015228271484375
6406,0.0010454654693603516
6407,0.007121086120605469
6408,0.002391338348388672
6409,0.007724761962890625
6410,0.0010480880737304688
6411,0.007127046585083008
6412,0.006562948226928711
6413,0.009985208511352539
6414,0.004816293716430664
6415,0.006257772445678711
6416,0.003842592239379883
6417,0.00583338737487793
6418,0.005369901657104492
6419,0.0006704330444335938
6420,0.005769491195678711
6421,0.00781702995300293
6422,0.008468389511108398
6423,0.005778312683105469
6424,0.005148172378540039
6425,0.008176565170288086
6426,0.005660295486450195
6427,0.0069026947021484375
6428,0.0035490989685058594
6429,0.007359027862548828
6430,0.006563425064086914
6431,0.010702371597290039
6432,0.007741689682006836
6433,0.007869720458984375
6434,0.0065670013427734375
6435,0.007030963897705078
6436,0.001390695571899414
6437,0.007768154144287109
6438,0.003968954086303711
6439,0.007002592086791992
6440,0.007568836212158203
6441,0.0022225379943847656
6442,0.007914543151855469
6443,0.010088443756103516
6444,0.0063533782958984375
6445,0.0037086009979248047
6446,0.001802682876586914
6447,0.0035746097564697266
6448,0.00632786750793457
6449,0.007592201232910156
6450,0.0007610321044921875
6451,0.006131887435913086
6452,0.006909370422363281
6453,0.004660129547119141
6454,0.0010540485382080078
6455,0.008010387420654297
6456,0.003386259078979492
6457,0.004403114318847656
6458,0.007712364196777344
6459,0.006431102752685547
6460,0.007691860198974609
6461,0.006565570831298828
6462,0.008098840713500977
6463,0.006224155426025391
6464,0.007216453552246094
6465,0.0
6466,0.005597591400146484
6467,0.007874011993408203
6468,0.005979776382446289
6469,0.0064487457275390625
6470,0.005522012710571289
6471,0.0031511783599853516
6472,0.006296634674072266
6473,0.005606889724731445
6474,0.00663447380065918
6475,0.0
6476,0.005419254302978516
6477,0.0067288875579833984
6478,0.006468296051025391
6479,0.006809234619140625
6480,0.003905057907104492
6481,0.0
6482,0.007372856140136719
6483,0.003596782684326172
6484,0.006676197052001953
6485,0.008008718490600586
6486,0.00780177116394043
6487,0.012621164321899414
6488,0.0076792240142822266
6489,0.006398200988769531
6490,0.0007472038269042969
6491,0.007711172103881836
6492,0.0070819854736328125
6493,0.009319543838500977
6494,0.008840084075927734
6495,0.00759577751159668
6496,0.006371259689331055
6497,0.00612950325012207
6498,0.0033338069915771484
6499,0.008378028869628906
6500,0.006344795227050781
6501,0.007765054702758789
6502,0.007712364196777344
6503,0.006231784820556641
6504,0.008067846298217773
6505,0.0057637691497802734
6506,0.0
6507,0.007020473480224609
6508,0.0010547637939453125
6509,0.009818077087402344
6510,0.00998830795288086
6511,0.011465311050415039
6512,0.007800579071044922
6513,0.014882087707519531
6514,0.012544870376586914
6515,0.011456727981567383
6516,0.012282848358154297
6517,0.011864662170410156
6518,0.00799250602722168
6519,0.01209115982055664
6520,0.0068302154541015625
6521,0.008385896682739258
6522,0.0029108524322509766
6523,0.005519866943359375
6524,0.004090309143066406
6525,0.005543231964111328
6526,0.007509469985961914
6527,0.007456779479980469
6528,0.007086753845214844
6529,0.007679462432861328
6530,0.007993698120117188
6531,0.009859561920166016
6532,0.008009672164916992
6533,0.005907773971557617
6534,0.007160186767578125
6535,0.005975246429443359
6536,0.007498741149902344
6537,0.006741523742675781
6538,0.013024091720581055
6539,0.008635759353637695
6540,0.011484622955322266
6541,0.0069828033447265625
6542,0.005023956298828125
6543,0.004880428314208984
6544,0.008541107177734375
6545,0.006014585494995117
6546,0.005236387252807617
6547,0.008321523666381836
6548,0.007028341293334961
6549,0.007167816162109375
6550,0.008704900741577148
6551,0.00870966911315918
6552,0.007003068923950195
6553,0.003678560256958008
6554,0.005772829055786133
6555,0.010494709014892578
6556,0.006126880645751953
6557,0.0045239925384521484
6558,0.008174419403076172
6559,0.005549192428588867
6560,0.010215520858764648
6561,0.009199142456054688
6562,0.00568079948425293
6563,0.0077626705169677734
6564,0.012946844100952148
6565,0.008496284484863281
6566,0.0073239803314208984
6567,0.007348299026489258
6568,0.011211156845092773
6569,0.013211727142333984
6570,0.008341789245605469
6571,0.008853673934936523
6572,0.00632929801940918
6573,0.00600886344909668
6574,0.0064809322357177734
6575,0.006847858428955078
6576,0.010737895965576172
6577,0.006012439727783203
6578,0.0074481964111328125
6579,0.005242347717285156
6580,0.00540471076965332
6581,0.007066965103149414
6582,0.006241559982299805
6583,0.007374763488769531
6584,0.0029191970825195312
6585,0.006464242935180664
6586,0.004022836685180664
6587,0.008127212524414062
6588,0.006701469421386719
6589,0.005824089050292969
6590,0.001150369644165039
6591,0.005514383316040039
6592,0.006722688674926758
6593,0.002051115036010742
6594,0.005344867706298828
6595,0.005540370941162109
6596,0.00325775146484375
6597,0.005284547805786133
6598,0.0064809322357177734
6599,0.004623889923095703
6600,0.005040645599365234
6601,0.0016698837280273438
6602,0.00528264045715332
6603,0.006948709487915039
6604,0.003011941909790039
6605,0.0075435638427734375
6606,0.00707697868347168
6607,0.0028524398803710938
6608,0.007163524627685547
6609,0.005460977554321289
6610,0.006914854049682617
6611,0.007119178771972656
6612,0.003895282745361328
6613,0.0071408748626708984
6614,0.008277654647827148
6615,0.008260488510131836
6616,0.0
6617,0.004965782165527344
6618,0.013126134872436523
6619,0.011409521102905273
6620,0.006376743316650391
6621,0.007433652877807617
6622,0.008262872695922852
6623,0.006766557693481445
6624,0.007300138473510742
6625,0.00783991813659668
6626,0.005673885345458984
6627,0.0068988800048828125
6628,0.008095026016235352
6629,0.006529808044433594
6630,0.0067996978759765625
6631,0.007272005081176758
6632,0.007183074951171875
6633,0.003398418426513672
6634,0.009233713150024414
6635,0.0038924217224121094
6636,0.0009186267852783203
6637,0.012801170349121094
6638,0.0083770751953125
6639,0.011638402938842773
6640,0.015475034713745117
6641,0.008243322372436523
6642,0.006342887878417969
6643,0.0
6644,0.006092071533203125
6645,0.006109952926635742
6646,0.0041081905364990234
6647,0.00781869888305664
6648,0.010105371475219727
6649,0.010503292083740234
6650,0.007619619369506836
6651,0.007505655288696289
6652,0.008768796920776367
6653,0.006377696990966797
6654,0.010327577590942383
6655,0.014465570449829102
6656,0.007533550262451172
6657,0.006901264190673828
6658,0.0074923038482666016
6659,0.005202770233154297
6660,0.009329080581665039
6661,0.00661015510559082
6662,0.010964155197143555
6663,0.007935762405395508
6664,0.015394926071166992
6665,0.007213592529296875
6666,0.008587121963500977
6667,0.00514984130859375
6668,0.008593082427978516
6669,0.006109476089477539
6670,0.008589506149291992
6671,0.0029649734497070312
6672,0.012527227401733398
6673,0.004148006439208984
6674,0.006712436676025391
6675,0.0
6676,0.006133079528808594
6677,0.0052220821380615234
6678,0.005690574645996094
6679,0.003831148147583008
6680,0.005090951919555664
6681,0.006272077560424805
6682,0.00708460807800293
6683,0.007861614227294922
6684,0.00780797004699707
6685,0.008717536926269531
6686,0.007132530212402344
6687,0.007059812545776367
6688,0.009244441986083984
6689,0.010398626327514648
6690,0.004124879837036133
6691,0.006350994110107422
6692,0.009191036224365234
6693,0.006518125534057617
6694,0.001497030258178711
6695,0.007094621658325195
6696,0.00860595703125
6697,0.00628209114074707
6698,0.006828784942626953
6699,0.010557889938354492
6700,0.012184619903564453
6701,0.012787818908691406
6702,0.013882160186767578
6703,0.012790918350219727
6704,0.008657217025756836
6705,0.006753206253051758
6706,0.005446910858154297
6707,0.00715327262878418
6708,0.012232780456542969
6709,0.007881879806518555
6710,0.007061481475830078
6711,0.008561134338378906
6712,0.006075859069824219
6713,0.007194042205810547
6714,0.0069730281829833984
6715,0.004182338714599609
6716,0.005542278289794922
6717,0.008761167526245117
6718,0.013449430465698242
6719,0.008036375045776367
6720,0.008837461471557617
6721,0.007294654846191406
6722,0.005831480026245117
6723,0.006513118743896484
6724,0.0056302547454833984
6725,0.008692026138305664
6726,0.00819706916809082
6727,0.009083747863769531
6728,0.0069255828857421875
6729,0.00862264633178711
6730,0.006910562515258789
6731,0.007564544677734375
6732,0.006929874420166016
6733,0.006178140640258789
6734,0.00589299201965332
6735,0.004026174545288086
6736,0.006947517395019531
6737,0.006819248199462891
6738,0.0057599544525146484
6739,0.007534980773925781
6740,0.006315946578979492
6741,0.006586313247680664
6742,0.006304025650024414
6743,0.0069620609283447266
6744,0.0032758712768554688
6745,0.007138729095458984
6746,0.005345344543457031
6747,0.007001399993896484
6748,0.00545811653137207
6749,0.013116836547851562
6750,0.011291027069091797
6751,0.01611161231994629
6752,0.007714033126831055
6753,0.004198551177978516
6754,0.01585555076599121
6755,0.0158538818359375
6756,0.02056741714477539
6757,0.011546611785888672
6758,0.01233053207397461
6759,0.019734621047973633
6760,0.0
6761,0.0020189285278320312
6762,0.008826971054077148
6763,0.012194156646728516
6764,0.012668848037719727
6765,0.007742404937744141
6766,0.01608872413635254
6767,0.009346246719360352
6768,0.014502286911010742
6769,0.010026216506958008
6770,0.0
6771,0.0060427188873291016
6772,0.005602598190307617
6773,0.0
6774,0.0075342655181884766
6775,0.006641864776611328
6776,0.015746355056762695
6777,0.006673574447631836
6778,0.009644269943237305
6779,0.007878780364990234
6780,0.012969493865966797
6781,0.006575345993041992
6782,0.005415678024291992
6783,0.007012605667114258
6784,0.005650520324707031
6785,0.008688926696777344
6786,0.004179477691650391
6787,0.013226509094238281
6788,0.013741731643676758
6789,0.010212182998657227
6790,0.007304668426513672
6791,0.010101318359375
6792,0.00811004638671875
6793,0.01385951042175293
6794,0.008199453353881836
6795,0.01226496696472168
6796,0.014442682266235352
6797,0.0073735713958740234
6798,0.0074236392974853516
6799,0.014673709869384766
6800,0.011362791061401367
6801,0.007562875747680664
6802,0.006900787353515625
6803,0.013725042343139648
6804,0.008029460906982422
6805,0.007776975631713867
6806,0.00632166862487793
6807,0.006665468215942383
6808,0.010583877563476562
6809,0.004380702972412109
6810,0.007589101791381836
6811,0.01004648208618164
6812,0.007750272750854492
6813,0.006819725036621094
6814,0.006245613098144531
6815,0.0060117244720458984
6816,0.007591724395751953
6817,0.006283760070800781
6818,0.007721900939941406
6819,0.008133411407470703
6820,0.0
6821,0.007624387741088867
6822,0.0063364505767822266
6823,0.00625920295715332
6824,0.0042324066162109375
6825,0.0065953731536865234
6826,0.00747227668762207
6827,0.004121541976928711
6828,0.007228851318359375
6829,0.008015871047973633
6830,0.004640102386474609
6831,0.00412440299987793
6832,0.005454063415527344
6833,0.007027387619018555
6834,0.0013651847839355469
6835,0.005042552947998047
6836,0.004158496856689453
6837,0.006118059158325195
6838,0.006381988525390625
6839,0.0068089962005615234
6840,0.0
6841,0.004589080810546875
6842,0.0034453868865966797
6843,0.004026889801025391
6844,0.0060291290283203125
6845,0.007048606872558594
6846,0.005802154541015625
6847,0.004985332489013672
6848,0.0
6849,0.005275726318359375
6850,0.007514238357543945
6851,0.0011036396026611328
6852,0.007528781890869141
6853,0.0010521411895751953
6854,0.007018566131591797
6855,0.0011594295501708984
6856,0.0076711177825927734
6857,0.0009765625
6858,0.007449626922607422
6859,0.0094757080078125
6860,0.0
6861,0.005486965179443359
6862,0.014314889907836914
6863,0.006542682647705078
6864,0.005655050277709961
6865,0.006022214889526367
6866,0.006129741668701172
6867,0.006717681884765625
6868,0.0053730010986328125
6869,0.0059201717376708984
6870,0.00433802604675293
6871,0.0009706020355224609
6872,0.005325794219970703
6873,0.0006015300750732422
6874,0.0067195892333984375
6875,0.008153438568115234
6876,0.0049800872802734375
6877,0.0066945552825927734
6878,0.004105806350708008
6879,0.0003905296325683594
6880,0.005444526672363281
6881,0.0032525062561035156
6882,0.0010919570922851562
6883,0.007198333740234375
6884,0.004345893859863281
6885,0.007389068603515625
6886,0.007235288619995117
6887,0.004424571990966797
6888,0.0070340633392333984
6889,0.007493734359741211
6890,0.004114627838134766
6891,0.007112979888916016
6892,0.0038862228393554688
6893,0.003749370574951172
6894,0.006791591644287109
6895,0.010730981826782227
6896,0.0018875598907470703
6897,0.005042552947998047
6898,0.006371736526489258
6899,0.006651878356933594
6900,0.0041773319244384766
6901,0.005556583404541016
6902,0.00652313232421875
6903,0.006239175796508789
6904,0.0008318424224853516
6905,0.005319118499755859
6906,0.005686759948730469
6907,0.003084897994995117
6908,0.006316661834716797
6909,0.007615327835083008
6910,0.004987239837646484
6911,0.0039637088775634766
6912,0.004090070724487305
6913,0.0067174434661865234
6914,0.006241798400878906
6915,0.0044307708740234375
6916,0.010317564010620117
6917,0.006467342376708984
6918,0.004540205001831055
6919,0.005590915679931641
6920,0.005556344985961914
6921,0.0028100013732910156
6922,0.0003783702850341797
6923,0.006798744201660156
6924,0.008474349975585938
6925,0.004622459411621094
6926,0.006802558898925781
6927,0.010567665100097656
6928,0.005450725555419922
6929,0.0028772354125976562
6930,0.009964227676391602
6931,0.0
6932,0.0
6933,0.00439000129699707
6934,0.003007650375366211
6935,0.005506277084350586
6936,0.006860971450805664
6937,0.0010764598846435547
6938,0.0
6939,0.0046312808990478516
6940,0.004908323287963867
6941,0.004418373107910156
6942,0.0008013248443603516
6943,0.0055522918701171875
6944,0.0024385452270507812
6945,0.0
6946,0.006525993347167969
6947,0.0006201267242431641
6948,0.00736546516418457
6949,0.004206657409667969
6950,0.004016399383544922
6951,0.007811546325683594
6952,0.005335330963134766
6953,0.0
6954,0.00552058219909668
6955,0.0071315765380859375
6956,0.006373882293701172
6957,0.008228302001953125
6958,0.0012907981872558594
6959,0.006526470184326172
6960,0.00504755973815918
6961,0.0007977485656738281
6962,0.006242275238037109
6963,0.0024802684783935547
6964,0.005498170852661133
6965,0.007639646530151367
6966,0.005498170852661133
6967,0.007492780685424805
6968,0.0010488033294677734
6969,0.006686687469482422
6970,0.008067131042480469
6971,0.006398439407348633
6972,0.007918357849121094
6973,0.009370803833007812
6974,0.007469892501831055
6975,0.0069811344146728516
6976,0.008970499038696289
6977,0.0040700435638427734
6978,0.006329536437988281
6979,0.004650115966796875
6980,0.007473468780517578
6981,0.0014328956604003906
6982,0.0073282718658447266
6983,0.007982969284057617
6984,0.009402751922607422
6985,0.0062808990478515625
6986,0.00805974006652832
6987,0.0031135082244873047
6988,0.0
6989,0.006719112396240234
6990,0.0056951045989990234
6991,0.0016124248504638672
6992,0.007197856903076172
6993,0.0072460174560546875
6994,0.0011429786682128906
6995,0.0039653778076171875
6996,0.00964665412902832
6997,0.006319761276245117
6998,0.0020797252655029297
6999,0.006453752517700195
7000,0.0040247440338134766
7001,0.00458979606628418
7002,0.007819890975952148
7003,0.00547480583190918
7004,0.001062154769897461
7005,0.002611398696899414
7006,0.00760650634765625
7007,0.00261688232421875
7008,0.006908893585205078
7009,0.0012824535369873047
7010,0.0
7011,0.0
7012,0.006643533706665039
7013,0.009843826293945312
7014,0.006570577621459961
7015,0.008160591125488281
7016,0.002956867218017578
7017,0.007737636566162109
7018,0.006296396255493164
7019,0.0006897449493408203
7020,0.006478548049926758
7021,0.006955862045288086
7022,0.0
7023,0.008044719696044922
7024,0.005543708801269531
7025,0.008197546005249023
7026,0.007577419281005859
7027,0.013300895690917969
7028,0.007612943649291992
7029,0.01112222671508789
7030,0.00820612907409668
7031,0.005934715270996094
7032,0.005387544631958008
7033,0.008055925369262695
7034,0.00722193717956543
7035,0.008135080337524414
7036,0.012095212936401367
7037,0.008591175079345703
7038,0.014310598373413086
7039,0.006302595138549805
7040,0.012696981430053711
7041,0.014121532440185547
7042,0.010383844375610352
7043,0.01333475112915039
7044,0.007485866546630859
7045,0.006426095962524414
7046,0.0077342987060546875
7047,0.005480527877807617
7048,0.002901792526245117
7049,0.0045413970947265625
7050,0.005366802215576172
7051,0.00616908073425293
7052,0.0062103271484375
7053,0.008209943771362305
7054,0.0024089813232421875
7055,0.0067713260650634766
7056,0.014577150344848633
7057,0.0063953399658203125
7058,0.008154153823852539
7059,0.008080482482910156
7060,0.007545948028564453
7061,0.009791374206542969
7062,0.006097555160522461
7063,0.013422250747680664
7064,0.013789176940917969
7065,0.010190486907958984
7066,0.01171875
7067,0.007773399353027344
7068,0.007807731628417969
7069,0.006918191909790039
7070,0.0061779022216796875
7071,0.0038182735443115234
7072,0.012303829193115234
7073,0.011361122131347656
7074,0.007428169250488281
7075,0.012000083923339844
7076,0.0075833797454833984
7077,0.0034780502319335938
7078,0.013354063034057617
7079,0.006928443908691406
7080,0.007943153381347656
7081,0.009920120239257812
7082,0.00690460205078125
7083,0.005112171173095703
7084,0.008033037185668945
7085,0.0011606216430664062
7086,0.003753662109375
7087,0.0004329681396484375
7088,0.005175590515136719
7089,0.007570028305053711
7090,0.009585142135620117
7091,0.0063664913177490234
7092,0.012494325637817383
7093,0.013540267944335938
7094,0.011086463928222656
7095,0.012377023696899414
7096,0.00673365592956543
7097,0.004389286041259766
7098,0.006412506103515625
7099,0.00792074203491211
7100,0.0072596073150634766
7101,0.01077580451965332
7102,0.0076448917388916016
7103,0.0075016021728515625
7104,0.009953022003173828
7105,0.007441997528076172
7106,0.011350631713867188
7107,0.010554790496826172
7108,0.014979124069213867
7109,0.014512062072753906
7110,0.008254289627075195
7111,0.003282308578491211
7112,0.0071489810943603516
7113,0.016165971755981445
7114,0.012712955474853516
7115,0.007463693618774414
7116,0.0061969757080078125
7117,0.007193803787231445
7118,0.006992816925048828
7119,0.006236076354980469
7120,0.0005090236663818359
7121,0.005266427993774414
7122,0.00768589973449707
7123,0.005313873291015625
7124,0.006715536117553711
7125,0.0062563419342041016
7126,0.006667137145996094
7127,0.007750749588012695
7128,0.006928205490112305
7129,0.006381511688232422
7130,0.008035898208618164
7131,0.009587764739990234
7132,0.007295370101928711
7133,0.0071103572845458984
7134,0.006390094757080078
7135,0.01058650016784668
7136,0.0063915252685546875
7137,0.0060541629791259766
7138,0.007512569427490234
7139,0.001111745834350586
7140,0.005845785140991211
7141,0.0
7142,0.006158590316772461
7143,0.006623029708862305
7144,0.006685733795166016
7145,0.009313583374023438
7146,0.008190631866455078
7147,0.01134037971496582
7148,0.011066675186157227
7149,0.010811328887939453
7150,0.008578062057495117
7151,0.006283283233642578
7152,0.00825190544128418
7153,0.014188051223754883
7154,0.010109901428222656
7155,0.013168573379516602
7156,0.008880138397216797
7157,0.01598501205444336
7158,0.008182525634765625
7159,0.010271072387695312
7160,0.011406421661376953
7161,0.013865232467651367
7162,0.010157108306884766
7163,0.0027074813842773438
7164,0.006261110305786133
7165,0.007997274398803711
7166,0.008274316787719727
7167,0.00775456428527832
7168,0.006464958190917969
7169,0.006357431411743164
7170,0.005270957946777344
7171,0.007192134857177734
7172,0.005119800567626953
7173,0.005982875823974609
7174,0.007531404495239258
7175,0.006226778030395508
7176,0.009873628616333008
7177,0.005548954010009766
7178,0.011076688766479492
7179,0.007433891296386719
7180,0.0055463314056396484
7181,0.007930755615234375
7182,0.013437032699584961
7183,0.0134124755859375
7184,0.011822223663330078
7185,0.007607936859130859
7186,0.0074443817138671875
7187,0.010877847671508789
7188,0.006287813186645508
7189,0.0075418949127197266
7190,0.010013818740844727
7191,0.008745908737182617
7192,0.008122682571411133
7193,0.007258415222167969
7194,0.007637977600097656
7195,0.014378786087036133
7196,0.00712275505065918
7197,0.012842416763305664
7198,0.006922721862792969
7199,0.008608102798461914
7200,0.010040998458862305
7201,0.013330698013305664
7202,0.007287740707397461
7203,0.009937763214111328
7204,0.006902217864990234
7205,0.011639595031738281
7206,0.01356816291809082
7207,0.009255647659301758
7208,0.011658906936645508
7209,0.008187294006347656
7210,0.010698318481445312
7211,0.0063321590423583984
7212,0.006266117095947266
7213,0.013183355331420898
7214,0.01340031623840332
7215,0.005866050720214844
7216,0.0073871612548828125
7217,0.011092185974121094
7218,0.00621342658996582
7219,0.007564067840576172
7220,0.014339208602905273
7221,0.008704662322998047
7222,0.0060138702392578125
7223,0.007178783416748047
7224,0.009531497955322266
7225,0.010688066482543945
7226,0.008159160614013672
7227,0.004572629928588867
7228,0.01022791862487793
7229,0.007306814193725586
7230,0.005242347717285156
7231,0.013454675674438477
7232,0.010451793670654297
7233,0.013150691986083984
7234,0.006206989288330078
7235,0.006281614303588867
7236,0.00569605827331543
7237,0.010988473892211914
7238,0.010875940322875977
7239,0.007920503616333008
7240,0.00776219367980957
7241,0.00633549690246582
7242,0.011225223541259766
7243,0.00597691535949707
7244,0.0020389556884765625
7245,0.0067441463470458984
7246,0.008012771606445312
7247,0.007523059844970703
7248,0.008868694305419922
7249,0.0082550048828125
7250,0.007336139678955078
7251,0.009780406951904297
7252,0.006743192672729492
7253,0.006513833999633789
7254,0.0008814334869384766
7255,0.007972955703735352
7256,0.008502960205078125
7257,0.007296562194824219
7258,0.0085601806640625
7259,0.0062296390533447266
7260,0.007031917572021484
7261,0.010504484176635742
7262,0.013534069061279297
7263,0.007966995239257812
7264,0.009981393814086914
7265,0.0036377906799316406
7266,0.008640050888061523
7267,0.0074994564056396484
7268,0.010609149932861328
7269,0.01428985595703125
7270,0.013242244720458984
7271,0.0063402652740478516
7272,0.007606983184814453
7273,0.00700831413269043
7274,0.006329059600830078
7275,0.007599830627441406
7276,0.011424064636230469
7277,0.007513999938964844
7278,0.009026765823364258
7279,0.006138801574707031
7280,0.007850408554077148
7281,0.007275104522705078
7282,0.012109756469726562
7283,0.007363080978393555
7284,0.00850057601928711
7285,0.008173942565917969
7286,0.011502981185913086
7287,0.006287574768066406
7288,0.009496688842773438
7289,0.010574817657470703
7290,0.011584997177124023
7291,0.006559848785400391
7292,0.0062220096588134766
7293,0.005099773406982422
7294,0.007374286651611328
7295,0.010744571685791016
7296,0.012051820755004883
7297,0.006165504455566406
7298,0.009286642074584961
7299,0.008131265640258789
7300,0.00727391242980957
7301,0.0077970027923583984
7302,0.0089111328125
7303,0.008560657501220703
7304,0.011223316192626953
7305,0.008057355880737305
7306,0.007060050964355469
7307,0.005255937576293945
7308,0.013074874877929688
7309,0.009762763977050781
7310,0.009644031524658203
7311,0.007450103759765625
7312,0.012737035751342773
7313,0.012207984924316406
7314,0.014686346054077148
7315,0.007365226745605469
7316,0.00680851936340332
7317,0.012472391128540039
7318,0.007674217224121094
7319,0.012002706527709961
7320,0.0071697235107421875
7321,0.009089946746826172
7322,0.009983539581298828
7323,0.011836767196655273
7324,0.006466865539550781
7325,0.013160228729248047
7326,0.008661031723022461
7327,0.009492874145507812
7328,0.009036064147949219
7329,0.0131378173828125
7330,0.006789445877075195
7331,0.007442951202392578
7332,0.005742311477661133
7333,0.006232023239135742
7334,0.006653308868408203
7335,0.0
7336,0.006053924560546875
7337,0.008622407913208008
7338,0.006433963775634766
7339,0.007441282272338867
7340,0.007973670959472656
7341,0.010261297225952148
7342,0.01281118392944336
7343,0.012363195419311523
7344,0.007845401763916016
7345,0.007295131683349609
7346,0.005040645599365234
7347,0.006871461868286133
7348,0.00804591178894043
7349,0.007847309112548828
7350,0.009376764297485352
7351,0.005273580551147461
7352,0.011041641235351562
7353,0.013805866241455078
7354,0.010081768035888672
7355,0.010793209075927734
7356,0.006978034973144531
7357,0.0
7358,0.007693767547607422
7359,0.00756382942199707
7360,0.014498472213745117
7361,0.011154890060424805
7362,0.013308525085449219
7363,0.008278608322143555
7364,0.008243799209594727
7365,0.011418819427490234
7366,0.009097576141357422
7367,0.006516218185424805
7368,0.013476133346557617
7369,0.00962209701538086
7370,0.013220548629760742
7371,0.013892173767089844
7372,0.007884979248046875
7373,0.013293266296386719
7374,0.014217615127563477
7375,0.007618427276611328
7376,0.010138511657714844
7377,0.007769346237182617
7378,0.007245302200317383
7379,0.00736236572265625
7380,0.0
7381,0.00859379768371582
7382,0.011230230331420898
7383,0.012077569961547852
7384,0.01083827018737793
7385,0.013304948806762695
7386,0.007959604263305664
7387,0.006242513656616211
7388,0.007184743881225586
7389,0.009507179260253906
7390,0.008999347686767578
7391,0.013357162475585938
7392,0.006417989730834961
7393,0.015032529830932617
7394,0.007143259048461914
7395,0.006732940673828125
7396,0.00031948089599609375
7397,0.005401611328125
7398,0.007287263870239258
7399,0.010323047637939453
7400,0.004281520843505859
7401,0.006634950637817383
7402,0.009042024612426758
7403,0.004004001617431641
7404,0.005274534225463867
7405,0.0038182735443115234
7406,0.00542140007019043
7407,0.007391214370727539
7408,0.006973743438720703
7409,0.0021724700927734375
7410,0.01464390754699707
7411,0.007485866546630859
7412,0.013447761535644531
7413,0.007837057113647461
7414,0.007497072219848633
7415,0.009406328201293945
7416,0.015503406524658203
7417,0.013278722763061523
7418,0.006908416748046875
7419,0.006903171539306641
7420,0.0072650909423828125
7421,0.00638127326965332
7422,0.00879216194152832
7423,0.012217283248901367
7424,0.0062923431396484375
7425,0.012871980667114258
7426,0.012731075286865234
7427,0.0062847137451171875
7428,0.00750279426574707
7429,0.011292457580566406
7430,0.006139993667602539
7431,0.005089759826660156
7432,0.0070803165435791016
7433,0.005394935607910156
7434,0.00821995735168457
7435,0.0076253414154052734
7436,0.007890701293945312
7437,0.009884357452392578
7438,0.008583784103393555
7439,0.007436037063598633
7440,0.0051727294921875
7441,0.009295225143432617
7442,0.012866973876953125
7443,0.00786590576171875
7444,0.012859106063842773
7445,0.006417989730834961
7446,0.013603925704956055
7447,0.006460428237915039
7448,0.006993532180786133
7449,0.008620262145996094
7450,0.007345676422119141
7451,0.010530710220336914
7452,0.0064067840576171875
7453,0.013350725173950195
7454,0.015634775161743164
7455,0.007020473480224609
7456,0.006670713424682617
7457,0.00594782829284668
7458,0.012862682342529297
7459,0.013523578643798828
7460,0.010271549224853516
7461,0.013241767883300781
7462,0.010938644409179688
7463,0.013734102249145508
7464,0.006267547607421875
7465,0.013145685195922852
7466,0.0064351558685302734
7467,0.006628990173339844
7468,0.015506267547607422
7469,0.00660395622253418
7470,0.005581855773925781
7471,0.008058547973632812
7472,0.0011632442474365234
7473,0.007756710052490234
7474,0.007470607757568359
7475,0.009468793869018555
7476,0.012142181396484375
7477,0.0075223445892333984
7478,0.011556386947631836
7479,0.010354757308959961
7480,0.0067975521087646484
7481,0.01224207878112793
7482,0.010105133056640625
7483,0.006249666213989258
7484,0.008173465728759766
7485,0.0072879791259765625
7486,0.0060694217681884766
7487,0.006393909454345703
7488,0.006267547607421875
7489,0.0065991878509521484
7490,0.008270502090454102
7491,0.014612674713134766
7492,0.009008646011352539
7493,0.012138605117797852
7494,0.007738351821899414
7495,0.00812387466430664
7496,0.0072405338287353516
7497,0.0071926116943359375
7498,0.007274627685546875
7499,0.007860183715820312
7500,0.013312816619873047
7501,0.006193876266479492
7502,0.006709575653076172
7503,0.008267402648925781
7504,0.0073909759521484375
7505,0.011374711990356445
7506,0.006177186965942383
7507,0.007419109344482422
7508,0.007040977478027344
7509,0.005464315414428711
7510,0.011973857879638672
7511,0.013659954071044922
7512,0.011309623718261719
7513,0.00671839714050293
7514,0.007723569869995117
7515,0.0073032379150390625
7516,0.005290985107421875
7517,0.0030488967895507812
7518,0.006424903869628906
7519,0.006988525390625
7520,0.0011017322540283203
7521,0.0069386959075927734
7522,0.007934331893920898
7523,0.007399797439575195
7524,0.007599830627441406
7525,0.006036043167114258
7526,0.008306026458740234
7527,0.00973820686340332
7528,0.009808778762817383
7529,0.007048368453979492
7530,0.006896018981933594
7531,0.008515357971191406
7532,0.0
7533,0.006554365158081055
7534,0.002636432647705078
7535,0.005990028381347656
7536,0.005611896514892578
7537,0.007119655609130859
7538,0.008073806762695312
7539,0.004820346832275391
7540,0.007999658584594727
7541,0.0
7542,0.008219003677368164
7543,0.004513978958129883
7544,0.006227254867553711
7545,0.0073549747467041016
7546,0.00634765625
7547,0.01412343978881836
7548,0.012958526611328125
7549,0.00844264030456543
7550,0.00858926773071289
7551,0.006848573684692383
7552,0.014212846755981445
7553,0.00840139389038086
7554,0.011374711990356445
7555,0.010991096496582031
7556,0.0069234371185302734
7557,0.008145332336425781
7558,0.007043123245239258
7559,0.008780241012573242
7560,0.008683443069458008
7561,0.006325244903564453
7562,0.008189201354980469
7563,0.014568090438842773
7564,0.010784626007080078
7565,0.006936311721801758
7566,0.0075359344482421875
7567,0.01360464096069336
7568,0.013165950775146484
7569,0.008488655090332031
7570,0.010164260864257812
7571,0.01385498046875
7572,0.006981849670410156
7573,0.011737823486328125
7574,0.010000228881835938
7575,0.006317138671875
7576,0.005990743637084961
7577,0.0059926509857177734
7578,0.007552146911621094
7579,0.0073435306549072266
7580,0.007840871810913086
7581,0.008552074432373047
7582,0.007520437240600586
7583,0.012981176376342773
7584,0.010636568069458008
7585,0.008516550064086914
7586,0.00706934928894043
7587,0.007265806198120117
7588,0.005245208740234375
7589,0.008595705032348633
7590,0.012401103973388672
7591,0.008133411407470703
7592,0.01414036750793457
7593,0.006555795669555664
7594,0.008214950561523438
7595,0.008049488067626953
7596,0.012293100357055664
7597,0.008631467819213867
7598,0.00728297233581543
7599,0.006581783294677734
7600,0.007262229919433594
7601,0.004878044128417969
7602,0.005208253860473633
7603,0.007408857345581055
7604,0.0
7605,0.006914854049682617
7606,0.010263681411743164
7607,0.005191326141357422
7608,0.006481647491455078
7609,0.005282402038574219
7610,0.008485794067382812
7611,0.014594793319702148
7612,0.008160829544067383
7613,0.008189201354980469
7614,0.011705398559570312
7615,0.0075283050537109375
7616,0.0044286251068115234
7617,0.004811763763427734
7618,0.006365537643432617
7619,0.0067827701568603516
7620,0.012146949768066406
7621,0.006569385528564453
7622,0.009962081909179688
7623,0.00825047492980957
7624,0.00629734992980957
7625,0.007580280303955078
7626,0.012957334518432617
7627,0.006730556488037109
7628,0.010477781295776367
7629,0.010450124740600586
7630,0.0067746639251708984
7631,0.006993770599365234
7632,0.007395505905151367
7633,0.010498046875
7634,0.00866389274597168
7635,0.010463476181030273
7636,0.008250236511230469
7637,0.006943464279174805
7638,0.007577657699584961
7639,0.006975650787353516
7640,0.008208990097045898
7641,0.007079124450683594
7642,0.00736689567565918
7643,0.005377531051635742
7644,0.01447916030883789
7645,0.011139869689941406
7646,0.0074651241302490234
7647,0.007658243179321289
7648,0.0064775943756103516
7649,0.006295442581176758
7650,0.012388944625854492
7651,0.012019872665405273
7652,0.007033586502075195
7653,0.013238668441772461
7654,0.009036779403686523
7655,0.006792306900024414
7656,0.006116390228271484
7657,0.0007116794586181641
7658,0.01281595230102539
7659,0.014447927474975586
7660,0.006405353546142578
7661,0.009639501571655273
7662,0.013659000396728516
7663,0.012868881225585938
7664,0.012599945068359375
7665,0.00643467903137207
7666,0.008295297622680664
7667,0.007300138473510742
7668,0.005140781402587891
7669,0.007981300354003906
7670,0.006937265396118164
7671,0.008156776428222656
7672,0.007338762283325195
7673,0.0062181949615478516
7674,0.008247613906860352
7675,0.009904861450195312
7676,0.014376401901245117
7677,0.006236553192138672
7678,0.008113861083984375
7679,0.009590625762939453
7680,0.010730504989624023
7681,0.010155439376831055
7682,0.004424571990966797
7683,0.010046720504760742
7684,0.012187957763671875
7685,0.007912874221801758
7686,0.005332469940185547
7687,0.007249355316162109
7688,0.007892608642578125
7689,0.006186723709106445
7690,0.007606983184814453
7691,0.00785517692565918
7692,0.007560253143310547
7693,0.010768651962280273
7694,0.0039446353912353516
7695,0.013046741485595703
7696,0.010777473449707031
7697,0.013255119323730469
7698,0.0052678585052490234
7699,0.007822751998901367
7700,0.007208108901977539
7701,0.0005195140838623047
7702,0.00577545166015625
7703,0.0014312267303466797
7704,0.005888700485229492
7705,0.0064966678619384766
7706,0.009241580963134766
7707,0.008159160614013672
7708,0.006430625915527344
7709,0.002612590789794922
7710,0.007027626037597656
7711,0.008151054382324219
7712,0.0056056976318359375
7713,0.006398200988769531
7714,0.0061647891998291016
7715,0.0
7716,0.006923675537109375
7717,0.007741451263427734
7718,0.004804849624633789
7719,0.004957675933837891
7720,0.004472255706787109
7721,0.0038597583770751953
7722,0.006754159927368164
7723,0.0072896480560302734
7724,0.0037221908569335938
7725,0.006028652191162109
7726,0.0
7727,0.002016305923461914
7728,0.009899377822875977
7729,0.008021116256713867
7730,0.0
7731,0.003984928131103516
7732,0.006753444671630859
7733,0.007055044174194336
7734,0.007634162902832031
7735,0.005437612533569336
7736,0.003671884536743164
7737,0.0007703304290771484
7738,0.0064542293548583984
7739,0.0003859996795654297
7740,0.005570411682128906
7741,0.008141279220581055
7742,0.005181789398193359
7743,0.0062901973724365234
7744,0.003168821334838867
7745,0.00537872314453125
7746,0.0007336139678955078
7747,0.00571751594543457
7748,0.004003047943115234
7749,0.00793766975402832
7750,0.01089167594909668
7751,0.0077114105224609375
7752,0.0009391307830810547
7753,0.0029397010803222656
7754,0.005585908889770508
7755,0.007642507553100586
7756,0.006984710693359375
7757,0.004156589508056641
7758,0.0054149627685546875
7759,0.00850057601928711
7760,0.006525993347167969
7761,0.006604433059692383
7762,0.006474494934082031
7763,0.00947880744934082
7764,0.006447315216064453
7765,0.006978750228881836
7766,0.0006415843963623047
7767,0.00454401969909668
7768,0.0063860416412353516
7769,0.004517078399658203
7770,0.006846189498901367
7771,0.006902456283569336
7772,0.0051043033599853516
7773,0.004082918167114258
7774,0.008068084716796875
7775,0.008281946182250977
7776,0.004649639129638672
7777,0.006030559539794922
7778,0.0028014183044433594
7779,0.0
7780,0.0056095123291015625
7781,0.007751941680908203
7782,0.002603292465209961
7783,0.0062563419342041016
7784,0.004355430603027344
7785,0.008462905883789062
7786,0.002306699752807617
7787,0.003941059112548828
7788,0.0052928924560546875
7789,0.008127689361572266
7790,0.004406452178955078
7791,0.00547480583190918
7792,0.005692720413208008
7793,0.0
7794,0.007132768630981445
7795,0.007570028305053711
7796,0.0007622241973876953
7797,0.006010770797729492
7798,0.005484104156494141
7799,0.0
7800,0.0062296390533447266
7801,0.006606578826904297
7802,0.0029554367065429688
7803,0.005682706832885742
7804,0.007762432098388672
7805,0.006230592727661133
7806,0.0
7807,0.0065305233001708984
7808,0.00798797607421875
7809,0.0
7810,0.005422115325927734
7811,0.0
7812,0.007764101028442383
7813,0.005448579788208008
7814,0.006642818450927734
7815,0.006194353103637695
7816,0.006958723068237305
7817,0.006258487701416016
7818,0.006262302398681641
7819,0.007586479187011719
7820,0.0008039474487304688
7821,0.007241725921630859
7822,0.004935741424560547
7823,0.0
7824,0.008359193801879883
7825,0.0008182525634765625
7826,0.008254289627075195
7827,0.002782583236694336
7828,0.006548881530761719
7829,0.004246950149536133
7830,0.0014977455139160156
7831,0.007268428802490234
7832,0.008264541625976562
7833,0.0039691925048828125
7834,0.00640869140625
7835,0.007899045944213867
7836,0.003069639205932617
7837,0.006989479064941406
7838,0.00967264175415039
7839,0.006476163864135742
7840,0.0074083805084228516
7841,0.00646209716796875
7842,0.0035810470581054688
7843,0.00542902946472168
7844,0.006117343902587891
7845,0.006914377212524414
7846,0.0011148452758789062
7847,0.0068318843841552734
7848,0.00788116455078125
7849,0.006372213363647461
7850,0.006546735763549805
7851,0.005280494689941406
7852,0.005561113357543945
7853,0.0036225318908691406
7854,0.005442380905151367
7855,0.008295297622680664
7856,0.002393007278442383
7857,0.006455183029174805
7858,0.0022225379943847656
7859,0.006267547607421875
7860,0.005631685256958008
7861,0.0024886131286621094
7862,0.005269050598144531
7863,0.007997989654541016
7864,0.006922245025634766
7865,0.008583307266235352
7866,0.007025003433227539
7867,0.0071451663970947266
7868,0.0073969364166259766
7869,0.006486177444458008
7870,0.007161855697631836
7871,0.013075113296508789
7872,0.006766557693481445
7873,0.0010552406311035156
7874,0.006337165832519531
7875,0.003387928009033203
7876,0.007620334625244141
7877,0.008329629898071289
7878,0.008475303649902344
7879,0.007358074188232422
7880,0.005341529846191406
7881,0.008141756057739258
7882,0.007037162780761719
7883,0.003201007843017578
7884,0.007030010223388672
7885,0.007606029510498047
7886,0.005944967269897461
7887,0.0042455196380615234
7888,0.007203102111816406
7889,0.006914615631103516
7890,0.005438327789306641
7891,0.005568504333496094
7892,0.009646892547607422
7893,0.006883382797241211
7894,0.0024137496948242188
7895,0.006193876266479492
7896,0.010850667953491211
7897,0.0011365413665771484
7898,0.006936073303222656
7899,0.00852203369140625
7900,0.005311489105224609
7901,0.00798940658569336
7902,0.004984140396118164
7903,0.007372379302978516
7904,0.005277872085571289
7905,0.0048677921295166016
7906,0.004543304443359375
7907,0.005599021911621094
7908,0.006014585494995117
7909,0.006550312042236328
7910,0.002876758575439453
7911,0.0010371208190917969
7912,0.0056498050689697266
7913,0.003462553024291992
7914,0.0051343441009521484
7915,0.006452798843383789
7916,0.010685443878173828
7917,0.0068624019622802734
7918,0.008986234664916992
7919,0.007485628128051758
7920,0.008379936218261719
7921,0.007014274597167969
7922,0.007575511932373047
7923,0.007893085479736328
7924,0.007590532302856445
7925,0.004212379455566406
7926,0.006655216217041016
7927,0.005438566207885742
7928,0.007042407989501953
7929,0.005347251892089844
7930,0.007581949234008789
7931,0.010293245315551758
7932,0.010255813598632812
7933,0.009147882461547852
7934,0.007673740386962891
7935,0.008541345596313477
7936,0.007757425308227539
7937,0.006181955337524414
7938,0.00990152359008789
7939,0.009316682815551758
7940,0.012328386306762695
7941,0.008207321166992188
7942,0.006970882415771484
7943,0.008486747741699219
7944,0.008060455322265625
7945,0.012488842010498047
7946,0.012910127639770508
7947,0.0071315765380859375
7948,0.011079072952270508
7949,0.013364076614379883
7950,0.014443635940551758
7951,0.007966279983520508
7952,0.00865030288696289
7953,0.012548208236694336
7954,0.010829687118530273
7955,0.008278846740722656
7956,0.010161638259887695
7957,0.011723756790161133
7958,0.007325649261474609
7959,0.0064585208892822266
7960,0.011994361877441406
7961,0.013038158416748047
7962,0.0073089599609375
7963,0.007595539093017578
7964,0.014101266860961914
7965,0.008429765701293945
7966,0.006320476531982422
7967,0.0061910152435302734
7968,0.012943029403686523
7969,0.00858616828918457
7970,0.006476879119873047
7971,0.008598804473876953
7972,0.01045536994934082
7973,0.0049250125885009766
7974,0.009997129440307617
7975,0.01023244857788086
7976,0.011391878128051758
7977,0.00691676139831543
7978,0.01421356201171875
7979,0.008125543594360352
7980,0.013213396072387695
7981,0.00762486457824707
7982,0.007500171661376953
7983,0.006511688232421875
7984,0.006090879440307617
7985,0.017138242721557617
7986,0.004034519195556641
7987,0.0070819854736328125
7988,0.011606216430664062
7989,0.007603883743286133
7990,0.006298542022705078
7991,0.00987553596496582
7992,0.009560346603393555
7993,0.006040096282958984
7994,0.006462574005126953
7995,0.006675243377685547
7996,0.00815129280090332
7997,0.008560657501220703
7998,0.008571386337280273
7999,0.009992122650146484
8000,0.006088972091674805
8001,0.004715442657470703
8002,0.013681888580322266
8003,0.013845205307006836
8004,0.006945133209228516
8005,0.007996320724487305
8006,0.011122465133666992
8007,0.014030694961547852
8008,0.00642848014831543
8009,0.0053408145904541016
8010,0.007216691970825195
8011,0.007440805435180664
8012,0.010291099548339844
8013,0.01277017593383789
8014,0.010390281677246094
8015,0.009100675582885742
8016,0.012660026550292969
8017,0.009562253952026367
8018,0.013231039047241211
8019,0.013318777084350586
8020,0.011481761932373047
8021,0.007886171340942383
8022,0.005124568939208984
8023,0.012505531311035156
8024,0.005792140960693359
8025,0.00954890251159668
8026,0.0014836788177490234
8027,0.0069370269775390625
8028,0.004611968994140625
8029,0.006827592849731445
8030,0.008163213729858398
8031,0.0
8032,0.008057117462158203
8033,0.004503488540649414
8034,0.0037174224853515625
8035,0.006436347961425781
8036,0.008061647415161133
8037,0.006247282028198242
8038,0.008163928985595703
8039,0.007430076599121094
8040,0.007419109344482422
8041,0.004656791687011719
8042,0.012729406356811523
8043,0.008426666259765625
8044,0.00784921646118164
8045,0.011293649673461914
8046,0.007369518280029297
8047,0.005255699157714844
8048,0.008158683776855469
8049,0.009633779525756836
8050,0.006174325942993164
8051,0.007318258285522461
8052,0.006687164306640625
8053,0.008208751678466797
8054,0.010272979736328125
8055,0.008569955825805664
8056,0.008332252502441406
8057,0.009989261627197266
8058,0.008536577224731445
8059,0.002387523651123047
8060,0.005746603012084961
8061,0.0038738250732421875
8062,0.006927490234375
8063,0.005477190017700195
8064,0.0
8065,0.005763053894042969
8066,0.002584695816040039
8067,0.008349895477294922
8068,0.0030608177185058594
8069,0.0060803890228271484
8070,0.0016613006591796875
8071,0.006105661392211914
8072,0.004561901092529297
8073,0.011853456497192383
8074,0.004816532135009766
8075,0.005457639694213867
8076,0.0065157413482666016
8077,0.0015683174133300781
8078,0.005775928497314453
8079,0.0065937042236328125
8080,0.008008956909179688
8081,0.0
8082,0.007165193557739258
8083,0.006356000900268555
8084,0.00687718391418457
8085,0.00643157958984375
8086,0.0073091983795166016
8087,0.006404399871826172
8088,0.0071904659271240234
8089,0.008134841918945312
8090,0.0069162845611572266
8091,0.0010788440704345703
8092,0.002890348434448242
8093,0.006252765655517578
8094,0.004575014114379883
8095,0.0060312747955322266
8096,0.005844593048095703
8097,0.0006639957427978516
8098,0.006878376007080078
8099,0.004697084426879883
8100,0.0
8101,0.006947517395019531
8102,0.0077342987060546875
8103,0.0026450157165527344
8104,0.007638454437255859
8105,0.007027626037597656
8106,0.0056264400482177734
8107,0.007120847702026367
8108,0.005833148956298828
8109,0.00789022445678711
8110,0.0063724517822265625
8111,0.00714564323425293
8112,0.008104562759399414
8113,0.005679130554199219
8114,0.007666587829589844
8115,0.007521867752075195
8116,0.0064373016357421875
8117,0.009363889694213867
8118,0.0077097415924072266
8119,0.0009188652038574219
8120,0.00548100471496582
8121,0.005933046340942383
8122,0.0036711692810058594
8123,0.0006556510925292969
8124,0.0
8125,0.008840799331665039
8126,0.009490966796875
8127,0.008278131484985352
8128,0.0073697566986083984
8129,0.0072247982025146484
8130,0.006847858428955078
8131,0.006673097610473633
8132,0.010364294052124023
8133,0.005111217498779297
8134,0.005997657775878906
8135,0.0011682510375976562
8136,0.0065898895263671875
8137,0.007283926010131836
8138,0.006356954574584961
8139,0.007205486297607422
8140,0.008273601531982422
8141,0.002007722854614258
8142,0.006446123123168945
8143,0.005718708038330078
8144,0.00445556640625
8145,0.0011227130889892578
8146,0.0006361007690429688
8147,0.006617546081542969
8148,0.006347179412841797
8149,0.008202791213989258
8150,0.0062329769134521484
8151,0.00790095329284668
8152,0.010766744613647461
8153,0.009841442108154297
8154,0.01206207275390625
8155,0.0018038749694824219
8156,0.005263090133666992
8157,0.007603645324707031
8158,0.005545616149902344
8159,0.006173133850097656
8160,0.006943225860595703
8161,0.0011055469512939453
8162,0.007296323776245117
8163,0.0032372474670410156
8164,0.007004261016845703
8165,0.006125688552856445
8166,0.007930994033813477
8167,0.01583552360534668
8168,0.014240741729736328
8169,0.01140737533569336
8170,0.0084381103515625
8171,0.01080942153930664
8172,0.006956815719604492
8173,0.007645606994628906
8174,0.0011091232299804688
8175,0.0038022994995117188
8176,0.006480693817138672
8177,0.0050389766693115234
8178,0.007222890853881836
8179,0.0
8180,0.0074040889739990234
8181,0.0053653717041015625
8182,0.006869077682495117
8183,0.007384061813354492
8184,0.006926059722900391
8185,0.0
8186,0.005900859832763672
8187,0.006852149963378906
8188,0.009351491928100586
8189,0.0058193206787109375
8190,0.003788471221923828
8191,0.006728172302246094
8192,0.007158517837524414
8193,0.006894111633300781
8194,0.0059261322021484375
8195,0.005567073822021484
8196,0.006137847900390625
8197,0.007677316665649414
8198,0.013305187225341797
8199,0.013505935668945312
8200,0.007749795913696289
8201,0.00752711296081543
8202,0.004319190979003906
8203,0.00950765609741211
8204,0.008636713027954102
8205,0.013169288635253906
8206,0.008342266082763672
8207,0.013432502746582031
8208,0.00683903694152832
8209,0.011107921600341797
8210,0.008151531219482422
8211,0.012405633926391602
8212,0.013312816619873047
8213,0.009732246398925781
8214,0.0132904052734375
8215,0.008167505264282227
8216,0.011755704879760742
8217,0.013429403305053711
8218,0.012052774429321289
8219,0.011564493179321289
8220,0.008629083633422852
8221,0.01018071174621582
8222,0.012804031372070312
8223,0.013085126876831055
8224,0.008078575134277344
8225,0.006838083267211914
8226,0.008220672607421875
8227,0.006510257720947266
8228,0.010130643844604492
8229,0.006577968597412109
8230,0.0008387565612792969
8231,0.007419109344482422
8232,0.009907722473144531
8233,0.008640766143798828
8234,0.010835886001586914
8235,0.01197052001953125
8236,0.01385354995727539
8237,0.015653610229492188
8238,0.012320995330810547
8239,0.01336216926574707
8240,0.006842613220214844
8241,0.01323699951171875
8242,0.008309602737426758
8243,0.010612964630126953
8244,0.01041269302368164
8245,0.007178306579589844
8246,0.012022256851196289
8247,0.006166696548461914
8248,0.010669469833374023
8249,0.0074465274810791016
8250,0.008514881134033203
8251,0.011973381042480469
8252,0.012771129608154297
8253,0.007748603820800781
8254,0.008884668350219727
8255,0.006425380706787109
8256,0.011255979537963867
8257,0.007331371307373047
8258,0.011514663696289062
8259,0.006265401840209961
8260,0.007447957992553711
8261,0.008038759231567383
8262,0.005529642105102539
8263,0.007696628570556641
8264,0.0063631534576416016
8265,0.007359504699707031
8266,0.009317636489868164
8267,0.0
8268,0.005540132522583008
8269,0.007000923156738281
8270,0.00406646728515625
8271,0.007696628570556641
8272,0.006775856018066406
8273,0.009297847747802734
8274,0.008148908615112305
8275,0.006018400192260742
8276,0.004014492034912109
8277,0.006022214889526367
8278,0.006021261215209961
8279,0.002619504928588867
8280,0.011282682418823242
8281,0.010042428970336914
8282,0.007549285888671875
8283,0.007227659225463867
8284,0.012943744659423828
8285,0.006389617919921875
8286,0.0007166862487792969
8287,0.007441520690917969
8288,0.007664203643798828
8289,0.0067522525787353516
8290,0.008525848388671875
8291,0.007999897003173828
8292,0.012969732284545898
8293,0.010249137878417969
8294,0.006650686264038086
8295,0.008287191390991211
8296,0.007414102554321289
8297,0.008326053619384766
8298,0.007589101791381836
8299,0.011873483657836914
8300,0.013870954513549805
8301,0.006719827651977539
8302,0.005758523941040039
8303,0.0063402652740478516
8304,0.006293535232543945
8305,0.007412910461425781
8306,0.006956338882446289
8307,0.0060765743255615234
8308,0.002593517303466797
8309,0.013102054595947266
8310,0.006379842758178711
8311,0.007201194763183594
8312,0.007791757583618164
8313,0.006261348724365234
8314,0.007723093032836914
8315,0.004865407943725586
8316,0.006276130676269531
8317,0.00898599624633789
8318,0.007189512252807617
8319,0.009920120239257812
8320,0.010497570037841797
8321,0.010285139083862305
8322,0.012117862701416016
8323,0.0125579833984375
8324,0.006088733673095703
8325,0.006559133529663086
8326,0.00661468505859375
8327,0.007493495941162109
8328,0.010774612426757812
8329,0.007349252700805664
8330,0.006345510482788086
8331,0.013690948486328125
8332,0.0061457157135009766
8333,0.004811286926269531
8334,0.012687206268310547
8335,0.007568836212158203
8336,0.01659417152404785
8337,0.006908416748046875
8338,0.006222724914550781
8339,0.006230831146240234
8340,0.009777307510375977
8341,0.006579875946044922
8342,0.007555723190307617
8343,0.016338109970092773
8344,0.008026838302612305
8345,0.007042646408081055
8346,0.012953042984008789
8347,0.01476144790649414
8348,0.006542682647705078
8349,0.0063436031341552734
8350,0.013390302658081055
8351,0.006393909454345703
8352,0.007481098175048828
8353,0.006181478500366211
8354,0.006374835968017578
8355,0.006577491760253906
8356,0.0
8357,0.007566690444946289
8358,0.0062999725341796875
8359,0.007739543914794922
8360,0.003610849380493164
8361,0.0
8362,0.0062596797943115234
8363,0.004918575286865234
8364,0.008150815963745117
8365,0.007187366485595703
8366,0.010538101196289062
8367,0.0072286128997802734
8368,0.01166987419128418
8369,0.00771641731262207
8370,0.011950016021728516
8371,0.007768869400024414
8372,0.007200002670288086
8373,0.00704193115234375
8374,0.000904083251953125
8375,0.0067136287689208984
8376,0.006056547164916992
8377,0.012315750122070312
8378,0.0071141719818115234
8379,0.010157108306884766
8380,0.007294416427612305
8381,0.013078451156616211
8382,0.007417917251586914
8383,0.007135629653930664
8384,0.013159751892089844
8385,0.007888078689575195
8386,0.011859893798828125
8387,0.0130767822265625
8388,0.009267568588256836
8389,0.011021137237548828
8390,0.016642332077026367
8391,0.007465362548828125
8392,0.011379480361938477
8393,0.005157470703125
8394,0.013708353042602539
8395,0.006636142730712891
8396,0.005594968795776367
8397,0.01145625114440918
8398,0.006400108337402344
8399,0.013270378112792969
8400,0.010704517364501953
8401,0.007721662521362305
8402,0.006555318832397461
8403,0.006785392761230469
8404,0.012470006942749023
8405,0.013740062713623047
8406,0.003839254379272461
8407,0.007230997085571289
8408,0.013583183288574219
8409,0.00849604606628418
8410,0.009860754013061523
8411,0.007114887237548828
8412,0.008039236068725586
8413,0.011009931564331055
8414,0.005962371826171875
8415,0.007540464401245117
8416,0.0081939697265625
8417,0.007471323013305664
8418,0.00544285774230957
8419,0.011495113372802734
8420,0.005173683166503906
8421,0.006145000457763672
8422,0.006622314453125
8423,0.006954669952392578
8424,0.007669210433959961
8425,0.00676417350769043
8426,0.005713224411010742
8427,0.004195451736450195
8428,0.005307674407958984
8429,0.006602287292480469
8430,0.006044864654541016
8431,0.006420135498046875
8432,0.006606340408325195
8433,0.008247613906860352
8434,0.006374835968017578
8435,0.008234739303588867
8436,0.0053920745849609375
8437,0.0054929256439208984
8438,0.007365703582763672
8439,0.0067958831787109375
8440,0.006772518157958984
8441,0.00644993782043457
8442,0.01322174072265625
8443,0.008279800415039062
8444,0.007702350616455078
8445,0.007965087890625
8446,0.009725093841552734
8447,0.008056402206420898
8448,0.0074100494384765625
8449,0.005300760269165039
8450,0.003345012664794922
8451,0.005985260009765625
8452,0.015326261520385742
8453,0.012008905410766602
8454,0.0072247982025146484
8455,0.01326298713684082
8456,0.010792732238769531
8457,0.010911703109741211
8458,0.014310359954833984
8459,0.007093906402587891
8460,0.007108211517333984
8461,0.005894184112548828
8462,0.007942438125610352
8463,0.006291389465332031
8464,0.012840509414672852
8465,0.008647680282592773
8466,0.011891841888427734
8467,0.0065157413482666016
8468,0.005468606948852539
8469,0.006048917770385742
8470,0.0065114498138427734
8471,0.00757598876953125
8472,0.0036118030548095703
8473,0.007023811340332031
8474,0.007993459701538086
8475,0.006505250930786133
8476,0.008271217346191406
8477,0.00531768798828125
8478,0.011127471923828125
8479,0.010916471481323242
8480,0.006818294525146484
8481,0.010810136795043945
8482,0.0069293975830078125
8483,0.0016245841979980469
8484,0.0073049068450927734
8485,0.005716085433959961
8486,0.006330251693725586
8487,0.007608652114868164
8488,0.0062847137451171875
8489,0.0076596736907958984
8490,0.006613492965698242
8491,0.0062291622161865234
8492,0.007234334945678711
8493,0.0064122676849365234
8494,0.01260828971862793
8495,0.008406877517700195
8496,0.006406307220458984
8497,0.005353689193725586
8498,0.00930023193359375
8499,0.012093305587768555
8500,0.00776362419128418
8501,0.006163120269775391
8502,0.006219148635864258
8503,0.0008885860443115234
8504,0.005266427993774414
8505,0.008736848831176758
8506,0.004362344741821289
8507,0.006455898284912109
8508,0.008387327194213867
8509,0.0
8510,0.007673740386962891
8511,0.006153106689453125
8512,0.006128072738647461
8513,0.006618976593017578
8514,0.007849931716918945
8515,0.007557392120361328
8516,0.007454633712768555
8517,0.007208347320556641
8518,0.01173853874206543
8519,0.0086212158203125
8520,0.008235454559326172
8521,0.00794529914855957
8522,0.012577533721923828
8523,0.008471965789794922
8524,0.007707357406616211
8525,0.006871938705444336
8526,0.014289379119873047
8527,0.008081436157226562
8528,0.0073316097259521484
8529,0.010691404342651367
8530,0.006918191909790039
8531,0.0069086551666259766
8532,0.0054285526275634766
8533,0.007700204849243164
8534,0.004711151123046875
8535,0.006824970245361328
8536,0.00116729736328125
8537,0.00885629653930664
8538,0.004547834396362305
8539,0.007753133773803711
8540,0.01116800308227539
8541,0.008575677871704102
8542,0.008394479751586914
8543,0.0071413516998291016
8544,0.00983881950378418
8545,0.011168956756591797
8546,0.005317211151123047
8547,0.0070416927337646484
8548,0.0018956661224365234
8549,0.006716489791870117
8550,0.00747370719909668
8551,0.0
8552,0.005974531173706055
8553,0.011599540710449219
8554,0.006264686584472656
8555,0.007881402969360352
8556,0.0069086551666259766
8557,0.007431983947753906
8558,0.0107269287109375
8559,0.014233589172363281
8560,0.005199909210205078
8561,0.006934642791748047
8562,0.0034990310668945312
8563,0.006497383117675781
8564,0.010185956954956055
8565,0.013514280319213867
8566,0.0054931640625
8567,0.0050811767578125
8568,0.008252620697021484
8569,0.009942770004272461
8570,0.006928682327270508
8571,0.002933979034423828
8572,0.006204843521118164
8573,0.0003859996795654297
8574,0.006897926330566406
8575,0.007759809494018555
8576,0.006686210632324219
8577,0.008688688278198242
8578,0.007002115249633789
8579,0.0067596435546875
8580,0.008333444595336914
8581,0.009588241577148438
8582,0.006315946578979492
8583,0.031035661697387695
8584,0.009756326675415039
8585,0.009051799774169922
8586,0.006060600280761719
8587,0.012531757354736328
8588,0.008518695831298828
8589,0.005870819091796875
8590,0.005337715148925781
8591,0.006409406661987305
8592,0.008313417434692383
8593,0.005518198013305664
8594,0.0
8595,0.005505084991455078
8596,0.007477760314941406
8597,0.008080482482910156
8598,0.0
8599,0.00778961181640625
8600,0.006093502044677734
8601,0.0069615840911865234
8602,0.007094860076904297
8603,0.0
8604,0.006483793258666992
8605,0.00996851921081543
8606,0.006982564926147461
8607,0.0054891109466552734
8608,0.0058743953704833984
8609,0.0075151920318603516
8610,0.008298158645629883
8611,0.006816387176513672
8612,0.007608652114868164
8613,0.0069310665130615234
8614,0.00897669792175293
8615,0.006670475006103516
8616,0.008429765701293945
8617,0.006211996078491211
8618,0.0069353580474853516
8619,0.010921001434326172
8620,0.008316993713378906
8621,0.00613093376159668
8622,0.005028963088989258
8623,0.013335704803466797
8624,0.007793426513671875
8625,0.0037865638732910156
8626,0.013303995132446289
8627,0.00775599479675293
8628,0.0076982975006103516
8629,0.006062507629394531
8630,0.008199453353881836
8631,0.0077686309814453125
8632,0.006914854049682617
8633,0.00859522819519043
8634,0.006618976593017578
8635,0.005319118499755859
8636,0.008023738861083984
8637,0.007265806198120117
8638,0.005282402038574219
8639,0.008061408996582031
8640,0.008807182312011719
8641,0.011137008666992188
8642,0.007194995880126953
8643,0.013862848281860352
8644,0.007668972015380859
8645,0.0011897087097167969
8646,0.007110118865966797
8647,0.006200551986694336
8648,0.0065135955810546875
8649,0.010484695434570312
8650,0.014082908630371094
8651,0.004759550094604492
8652,0.000865936279296875
8653,0.007209300994873047
8654,0.01210784912109375
8655,0.012049436569213867
8656,0.008030891418457031
8657,0.006021022796630859
8658,0.004011392593383789
8659,0.004011869430541992
8660,0.006016731262207031
8661,0.006567716598510742
8662,0.005198478698730469
8663,0.0059049129486083984
8664,0.004555940628051758
8665,0.004454135894775391
8666,0.005898714065551758
8667,0.006891489028930664
8668,0.00551295280456543
8669,0.007536172866821289
8670,0.006421566009521484
8671,0.006798267364501953
8672,0.005320549011230469
8673,0.01056981086730957
8674,0.004891157150268555
8675,0.0011463165283203125
8676,0.013367652893066406
8677,0.013378143310546875
8678,0.00863790512084961
8679,0.007838249206542969
8680,0.00795292854309082
8681,0.007976770401000977
8682,0.0073697566986083984
8683,0.007955312728881836
8684,0.0070688724517822266
8685,0.0076541900634765625
8686,0.0008885860443115234
8687,0.008178472518920898
8688,0.012117624282836914
8689,0.0009667873382568359
8690,0.0072956085205078125
8691,0.0
8692,0.007586956024169922
8693,0.008151054382324219
8694,0.004957914352416992
8695,0.00456690788269043
8696,0.006697893142700195
8697,0.007239580154418945
8698,0.0006301403045654297
8699,0.0
8700,0.005736589431762695
8701,0.006455659866333008
8702,0.0011126995086669922
8703,0.007354021072387695
8704,0.008250713348388672
8705,0.007727622985839844
8706,0.009591817855834961
8707,0.009755849838256836
8708,0.006544828414916992
8709,0.004441738128662109
8710,0.006601810455322266
8711,0.005948543548583984
8712,0.006498813629150391
8713,0.007997989654541016
8714,0.00547027587890625
8715,0.006329059600830078
8716,0.005688667297363281
8717,0.007683992385864258
8718,0.012607574462890625
8719,0.0035858154296875
8720,0.02081298828125
8721,0.006296396255493164
8722,0.007854461669921875
8723,0.006497859954833984
8724,0.0
8725,0.005463123321533203
8726,0.0044553279876708984
8727,0.008350610733032227
8728,0.004256725311279297
8729,0.007863521575927734
8730,0.0052509307861328125
8731,0.006201982498168945
8732,0.005608797073364258
8733,0.007084369659423828
8734,0.005571603775024414
8735,0.006900787353515625
8736,0.00879216194152832
8737,0.006256103515625
8738,0.0010876655578613281
8739,0.011342287063598633
8740,0.006794452667236328
8741,0.007302522659301758
8742,0.010088920593261719
8743,0.018227100372314453
8744,0.013550996780395508
8745,0.009025335311889648
8746,0.008573293685913086
8747,0.006554126739501953
8748,0.006575345993041992
8749,0.006626605987548828
8750,0.007505178451538086
8751,0.009124040603637695
8752,0.013529539108276367
8753,0.013128280639648438
8754,0.007223844528198242
8755,0.0010387897491455078
8756,0.0064907073974609375
8757,0.00810551643371582
8758,0.0026128292083740234
8759,0.008110523223876953
8760,0.009168863296508789
8761,0.0033550262451171875
8762,0.007757663726806641
8763,0.007580757141113281
8764,0.0
8765,0.0076160430908203125
8766,0.0063631534576416016
8767,0.0
8768,0.006545066833496094
8769,0.00806736946105957
8770,0.0
8771,0.006692171096801758
8772,0.004535675048828125
8773,0.0050351619720458984
8774,0.0069103240966796875
8775,0.0007777214050292969
8776,0.005625247955322266
8777,0.00908517837524414
8778,0.0069162845611572266
8779,0.005481719970703125
8780,0.006932735443115234
8781,0.0014841556549072266
8782,0.004800558090209961
8783,0.004112958908081055
8784,0.0
8785,0.0070226192474365234
8786,0.007202625274658203
8787,0.005823850631713867
8788,0.004010915756225586
8789,0.0
8790,0.005404233932495117
8791,0.007445573806762695
8792,0.0011456012725830078
8793,0.006429195404052734
8794,0.0073010921478271484
8795,0.00690007209777832
8796,0.001066446304321289
8797,0.006484270095825195
8798,0.007093906402587891
8799,0.0
8800,0.006281375885009766
8801,0.006223917007446289
8802,0.0055103302001953125
8803,0.007991552352905273
8804,0.0055348873138427734
8805,0.006659746170043945
8806,0.009530305862426758
8807,0.006293296813964844
8808,0.007262468338012695
8809,0.005547761917114258
8810,0.0045375823974609375
8811,0.005332231521606445
8812,0.009186744689941406
8813,0.004025936126708984
8814,0.007817745208740234
8815,0.004972219467163086
8816,0.0073659420013427734
8817,0.004993438720703125
8818,0.002582073211669922
8819,0.0
8820,0.0066640377044677734
8821,0.01002192497253418
8822,0.006931781768798828
8823,0.006909847259521484
8824,0.005448341369628906
8825,0.010280609130859375
8826,0.0063343048095703125
8827,0.00422978401184082
8828,0.006506443023681641
8829,0.0065805912017822266
8830,0.0074307918548583984
8831,0.00766301155090332
8832,0.006410121917724609
8833,0.0
8834,0.005827188491821289
8835,0.004288911819458008
8836,0.0
8837,0.004956245422363281
8838,0.0009713172912597656
8839,0.008329153060913086
8840,0.008246898651123047
8841,0.007355213165283203
8842,0.006005764007568359
8843,0.0045011043548583984
8844,0.006555080413818359
8845,0.0063593387603759766
8846,0.00620722770690918
8847,0.0064754486083984375
8848,0.005440711975097656
8849,0.006033897399902344
8850,0.007273674011230469
8851,0.000789642333984375
8852,0.0063779354095458984
8853,0.004457235336303711
8854,0.003431558609008789
8855,0.0
8856,0.007824182510375977
8857,0.0010673999786376953
8858,0.00699305534362793
8859,0.005432605743408203
8860,0.00648808479309082
8861,0.010289430618286133
8862,0.005873918533325195
8863,0.008429288864135742
8864,0.00722193717956543
8865,0.0052509307861328125
8866,0.0
8867,0.007659912109375
8868,0.0062482357025146484
8869,0.007845163345336914
8870,0.0016782283782958984
8871,0.007124185562133789
8872,0.006661415100097656
8873,0.005477190017700195
8874,0.007405519485473633
8875,0.00811624526977539
8876,0.0
8877,0.00775909423828125
8878,0.009973287582397461
8879,0.005533933639526367
8880,0.010259628295898438
8881,0.012644529342651367
8882,0.008955240249633789
8883,0.007036685943603516
8884,0.007631063461303711
8885,0.0023245811462402344
8886,0.005522489547729492
8887,0.007124185562133789
8888,0.006529808044433594
8889,0.007266521453857422
8890,0.008548259735107422
8891,0.0
8892,0.007918357849121094
8893,0.005467414855957031
8894,0.0
8895,0.004645109176635742
8896,0.0065097808837890625
8897,0.00710606575012207
8898,0.0
8899,0.0062029361724853516
8900,0.012015342712402344
8901,0.0015707015991210938
8902,0.0059871673583984375
8903,0.014220952987670898
8904,0.007194995880126953
8905,0.01080012321472168
8906,0.006194114685058594
8907,0.006650686264038086
8908,0.012116432189941406
8909,0.006933450698852539
8910,0.0
8911,0.008189678192138672
8912,0.0053751468658447266
8913,0.00791621208190918
8914,0.007635831832885742
8915,0.0063321590423583984
8916,0.008134126663208008
8917,0.005014896392822266
8918,0.004617452621459961
8919,0.007315635681152344
8920,0.007176637649536133
8921,0.015763521194458008
8922,0.011463403701782227
8923,0.013747215270996094
8924,0.013593912124633789
8925,0.008905887603759766
8926,0.00754094123840332
8927,0.006288051605224609
8928,0.007035970687866211
8929,0.003254413604736328
8930,0.01324009895324707
8931,0.011162996292114258
8932,0.008365392684936523
8933,0.005113840103149414
8934,0.006947517395019531
8935,0.007718324661254883
8936,0.0007448196411132812
8937,0.008086204528808594
8938,0.00627899169921875
8939,0.00652766227722168
8940,0.003594636917114258
8941,0.0055370330810546875
8942,0.0051348209381103516
8943,0.0005192756652832031
8944,0.006800651550292969
8945,0.007838726043701172
8946,0.0
8947,0.004843711853027344
8948,0.003648042678833008
8949,0.006321430206298828
8950,0.004006862640380859
8951,0.0
8952,0.005232572555541992
8953,0.0067560672760009766
8954,0.0063991546630859375
8955,0.00782012939453125
8956,0.005989551544189453
8957,0.0073125362396240234
8958,0.007440805435180664
8959,0.007637977600097656
8960,0.007303953170776367
8961,0.006914615631103516
8962,0.012617111206054688
8963,0.00652766227722168
8964,0.01301121711730957
8965,0.007585287094116211
8966,0.006952762603759766
8967,0.007765769958496094
8968,0.00847172737121582
8969,0.007360219955444336
8970,0.006981611251831055
8971,0.013304471969604492
8972,0.006861448287963867
8973,0.0059659481048583984
8974,0.007863759994506836
8975,0.009521722793579102
8976,0.0035552978515625
8977,0.010641813278198242
8978,0.006380796432495117
8979,0.014693498611450195
8980,0.008422374725341797
8981,0.009439468383789062
8982,0.009472370147705078
8983,0.01155710220336914
8984,0.006177663803100586
8985,0.005203962326049805
8986,0.007189512252807617
8987,0.0072460174560546875
8988,0.013649225234985352
8989,0.007596731185913086
8990,0.008103132247924805
8991,0.012802362442016602
8992,0.0040018558502197266
8993,0.005153656005859375
8994,0.00390625
8995,0.0011713504791259766
8996,0.007609128952026367
8997,0.004024982452392578
8998,0.005333662033081055
8999,0.007318973541259766
9000,0.006565570831298828
9001,0.0073833465576171875
9002,0.013932466506958008
9003,0.006461381912231445
9004,0.009582996368408203
9005,0.006791830062866211
9006,0.00989842414855957
9007,0.010047197341918945
9008,0.00601506233215332
9009,0.00601649284362793
9010,0.004010438919067383
9011,0.006014585494995117
9012,0.006014108657836914
9013,0.006013631820678711
9014,0.007269620895385742
9015,0.0028858184814453125
9016,0.0
9017,0.007742881774902344
9018,0.013889789581298828
9019,0.006903886795043945
9020,0.004824638366699219
9021,0.007719516754150391
9022,0.006995439529418945
9023,0.008938789367675781
9024,0.007502079010009766
9025,0.007051229476928711
9026,0.007010221481323242
9027,0.006195783615112305
9028,0.007581472396850586
9029,0.009007453918457031
9030,0.013528108596801758
9031,0.013790607452392578
9032,0.009610652923583984
9033,0.008378982543945312
9034,0.01264643669128418
9035,0.0075418949127197266
9036,0.009284257888793945
9037,0.009246587753295898
9038,0.013583898544311523
9039,0.009495258331298828
9040,0.004381418228149414
9041,0.01313161849975586
9042,0.00691533088684082
9043,0.006613016128540039
9044,0.0051364898681640625
9045,0.00854349136352539
9046,0.005263328552246094
9047,0.005617856979370117
9048,0.008443355560302734
9049,0.009615182876586914
9050,0.014750957489013672
9051,0.008391618728637695
9052,0.009674549102783203
9053,0.0073394775390625
9054,0.009785890579223633
9055,0.008055448532104492
9056,0.0015749931335449219
9057,0.0064563751220703125
9058,0.008103132247924805
9059,0.002008199691772461
9060,0.0065305233001708984
9061,0.00867462158203125
9062,0.00741887092590332
9063,0.0075075626373291016
9064,0.007743120193481445
9065,0.005098581314086914
9066,0.006369590759277344
9067,0.00826406478881836
9068,0.014291524887084961
9069,0.007999658584594727
9070,0.006499290466308594
9071,0.013411998748779297
9072,0.007620096206665039
9073,0.007056713104248047
9074,0.005827665328979492
9075,0.010822057723999023
9076,0.007738351821899414
9077,0.010431528091430664
9078,0.0077762603759765625
9079,0.005759000778198242
9080,0.00601506233215332
9081,0.003751516342163086
9082,0.00605010986328125
9083,0.004010200500488281
9084,0.005715370178222656
9085,0.0059092044830322266
9086,0.007635593414306641
9087,0.01149749755859375
9088,0.01375889778137207
9089,0.013541936874389648
9090,0.0077056884765625
9091,0.006716728210449219
9092,0.007879018783569336
9093,0.006547451019287109
9094,0.0073926448822021484
9095,0.006330251693725586
9096,0.00730133056640625
9097,0.010678768157958984
9098,0.008107900619506836
9099,0.0075817108154296875
9100,0.005860328674316406
9101,0.00731658935546875
9102,0.0
9103,0.005903959274291992
9104,0.006436824798583984
9105,0.00873565673828125
9106,0.0071103572845458984
9107,0.00800943374633789
9108,0.006222724914550781
9109,0.007879972457885742
9110,0.01280832290649414
9111,0.008270025253295898
9112,0.009340763092041016
9113,0.011822938919067383
9114,0.010174989700317383
9115,0.006402254104614258
9116,0.005335092544555664
9117,0.007056474685668945
9118,0.005381584167480469
9119,0.007699251174926758
9120,0.004225015640258789
9121,0.0010654926300048828
9122,0.008423328399658203
9123,0.012257099151611328
9124,0.010066509246826172
9125,0.007846355438232422
9126,0.0062427520751953125
9127,0.007473468780517578
9128,0.012922048568725586
9129,0.00716853141784668
9130,0.0044100284576416016
9131,0.0054433345794677734
9132,0.0074121952056884766
9133,0.005280494689941406
9134,0.0
9135,0.00640106201171875
9136,0.012900352478027344
9137,0.011398553848266602
9138,0.007347583770751953
9139,0.00653386116027832
9140,0.0078582763671875
9141,0.0
9142,0.007070064544677734
9143,0.0052759647369384766
9144,0.007704257965087891
9145,0.009811878204345703
9146,0.006975889205932617
9147,0.005918979644775391
9148,0.009576797485351562
9149,0.010901451110839844
9150,0.0069179534912109375
9151,0.006334066390991211
9152,0.00524449348449707
9153,0.010380983352661133
9154,0.01621699333190918
9155,0.004796266555786133
9156,0.0075380802154541016
9157,0.00407719612121582
9158,0.0074214935302734375
9159,0.007443428039550781
9160,0.004014015197753906
9161,0.00809478759765625
9162,0.005541086196899414
9163,0.003278017044067383
9164,0.00750422477722168
9165,0.00803995132446289
9166,0.007346153259277344
9167,0.006340980529785156
9168,0.008397102355957031
9169,0.0069065093994140625
9170,0.0124053955078125
9171,0.018715381622314453
9172,0.006063938140869141
9173,0.004374504089355469
9174,0.0
9175,0.007593870162963867
9176,0.007022857666015625
9177,0.005326509475708008
9178,0.008177518844604492
9179,0.00634002685546875
9180,0.004903078079223633
9181,0.00583195686340332
9182,0.007126808166503906
9183,0.009998559951782227
9184,0.0059356689453125
9185,0.0071218013763427734
9186,0.0
9187,0.00799417495727539
9188,0.006271839141845703
9189,0.006669759750366211
9190,0.0073430538177490234
9191,0.013050317764282227
9192,0.007826089859008789
9193,0.007211446762084961
9194,0.007639169692993164
9195,0.004353761672973633
9196,0.007260322570800781
9197,0.0073146820068359375
9198,0.007915735244750977
9199,0.009966611862182617
9200,0.013498306274414062
9201,0.00833582878112793
9202,0.010758638381958008
9203,0.007718801498413086
9204,0.011368036270141602
9205,0.007111787796020508
9206,0.008104562759399414
9207,0.013669013977050781
9208,0.012192249298095703
9209,0.008852481842041016
9210,0.008569955825805664
9211,0.007823467254638672
9212,0.007338285446166992
9213,0.007319927215576172
9214,0.00989389419555664
9215,0.012953042984008789
9216,0.010708808898925781
9217,0.013367176055908203
9218,0.008453845977783203
9219,0.009528160095214844
9220,0.010703563690185547
9221,0.008118629455566406
9222,0.008537530899047852
9223,0.0038945674896240234
9224,0.00644373893737793
9225,0.010082244873046875
9226,0.0063397884368896484
9227,0.008224248886108398
9228,0.00686335563659668
9229,0.008407354354858398
9230,0.005001544952392578
9231,0.0023152828216552734
9232,0.006762504577636719
9233,0.007806062698364258
9234,0.0
9235,0.007333278656005859
9236,0.0050411224365234375
9237,0.0013854503631591797
9238,0.0046269893646240234
9239,0.0003771781921386719
9240,0.008056879043579102
9241,0.007492780685424805
9242,0.0071506500244140625
9243,0.009615182876586914
9244,0.013143301010131836
9245,0.012268304824829102
9246,0.013631105422973633
9247,0.007053852081298828
9248,0.00677943229675293
9249,0.013078451156616211
9250,0.006149768829345703
9251,0.006373405456542969
9252,0.0063092708587646484
9253,0.008266210556030273
9254,0.007367610931396484
9255,0.008329391479492188
9256,0.006581544876098633
9257,0.008016109466552734
9258,0.014386177062988281
9259,0.010904550552368164
9260,0.014223814010620117
9261,0.010461807250976562
9262,0.005730390548706055
9263,0.012853622436523438
9264,0.006131410598754883
9265,0.007488727569580078
9266,0.0022161006927490234
9267,0.01073598861694336
9268,0.005652427673339844
9269,0.012011051177978516
9270,0.00751805305480957
9271,0.0073680877685546875
9272,0.0009312629699707031
9273,0.014251947402954102
9274,0.006209373474121094
9275,0.007956266403198242
9276,0.006457805633544922
9277,0.0073909759521484375
9278,0.00768280029296875
9279,0.007862091064453125
9280,0.021266937255859375
9281,0.007054567337036133
9282,0.006050825119018555
9283,0.009912490844726562
9284,0.0073544979095458984
9285,0.007439374923706055
9286,0.006548166275024414
9287,0.006604671478271484
9288,0.013867378234863281
9289,0.007192134857177734
9290,0.013108491897583008
9291,0.011247396469116211
9292,0.012936592102050781
9293,0.008883237838745117
9294,0.013346195220947266
9295,0.0060100555419921875
9296,0.007908105850219727
9297,0.012445688247680664
9298,0.008323192596435547
9299,0.008805036544799805
9300,0.006087303161621094
9301,0.008361577987670898
9302,0.0020079612731933594
9303,0.006017446517944336
9304,0.0040090084075927734
9305,0.006014823913574219
9306,0.00400996208190918
9307,0.006014108657836914
9308,0.006014585494995117
9309,0.004009723663330078
9310,0.006014585494995117
9311,0.004009723663330078
9312,0.006015300750732422
9313,0.005308628082275391
9314,0.00787496566772461
9315,0.007711648941040039
9316,0.0018308162689208984
9317,0.0071599483489990234
9318,0.006055116653442383
9319,0.006598472595214844
9320,0.006895780563354492
9321,0.005404472351074219
9322,0.007560014724731445
9323,0.0
9324,0.00786590576171875
9325,0.007866382598876953
9326,0.007607936859130859
9327,0.006848812103271484
9328,0.0
9329,0.007519960403442383
9330,0.006237506866455078
9331,0.0072784423828125
9332,0.00928187370300293
9333,0.005667209625244141
9334,0.006166219711303711
9335,0.008153438568115234
9336,0.006880044937133789
9337,0.014473676681518555
9338,0.008221864700317383
9339,0.007946252822875977
9340,0.00644373893737793
9341,0.005700826644897461
9342,0.006863594055175781
9343,0.00642848014831543
9344,0.0073413848876953125
9345,0.010643959045410156
9346,0.013467550277709961
9347,0.007777214050292969
9348,0.0067827701568603516
9349,0.012786388397216797
9350,0.006822109222412109
9351,0.01371908187866211
9352,0.006137371063232422
9353,0.014051675796508789
9354,0.010730504989624023
9355,0.008856773376464844
9356,0.00668787956237793
9357,0.007956266403198242
9358,0.007119417190551758
9359,0.008144617080688477
9360,0.014343738555908203
9361,0.006773471832275391
9362,0.008596420288085938
9363,0.003626585006713867
9364,0.006590604782104492
9365,0.005409955978393555
9366,0.007342100143432617
9367,0.0015358924865722656
9368,0.0
9369,0.0062787532806396484
9370,0.005663871765136719
9371,0.0007066726684570312
9372,0.006275653839111328
9373,0.011426925659179688
9374,0.007111072540283203
9375,0.006974458694458008
9376,0.0067901611328125
9377,0.006592273712158203
9378,0.004659891128540039
9379,0.0070323944091796875
9380,0.007695674896240234
9381,0.012529850006103516
9382,0.005551338195800781
9383,0.0011370182037353516
9384,0.005281209945678711
9385,0.0065457820892333984
9386,0.005554676055908203
9387,0.0011005401611328125
9388,0.006721019744873047
9389,0.0014400482177734375
9390,0.00616145133972168
9391,0.008585691452026367
9392,0.0063707828521728516
9393,0.007586002349853516
9394,0.004062652587890625
9395,0.005533933639526367
9396,0.007546186447143555
9397,0.00618433952331543
9398,0.00825190544128418
9399,0.0011601448059082031
9400,0.005244016647338867
9401,0.006780385971069336
9402,0.006699562072753906
9403,0.0021369457244873047
9404,0.005448341369628906
9405,0.005285501480102539
9406,0.006529808044433594
9407,0.006887674331665039
9408,0.013685226440429688
9409,0.013948678970336914
9410,0.007379770278930664
9411,0.007975339889526367
9412,0.011693239212036133
9413,0.009106636047363281
9414,0.013648748397827148
9415,0.013532638549804688
9416,0.015659570693969727
9417,0.00958704948425293
9418,0.01309967041015625
9419,0.0069217681884765625
9420,0.00582575798034668
9421,0.0070574283599853516
9422,0.006686687469482422
9423,0.006342411041259766
9424,0.006552934646606445
9425,0.006016969680786133
9426,0.006470918655395508
9427,0.0076601505279541016
9428,0.006583452224731445
9429,0.013251066207885742
9430,0.008329391479492188
9431,0.00648045539855957
9432,0.01288151741027832
9433,0.014559030532836914
9434,0.005343198776245117
9435,0.005382061004638672
9436,0.012212991714477539
9437,0.012435674667358398
9438,0.012966394424438477
9439,0.007084369659423828
9440,0.01246500015258789
9441,0.009426116943359375
9442,0.010168075561523438
9443,0.013016462326049805
9444,0.014497041702270508
9445,0.013299942016601562
9446,0.006373405456542969
9447,0.007509469985961914
9448,0.014788150787353516
9449,0.020272016525268555
9450,0.0063037872314453125
9451,0.007218122482299805
9452,0.0059795379638671875
9453,0.00816655158996582
9454,0.01130533218383789
9455,0.013463020324707031
9456,0.0074732303619384766
9457,0.0025322437286376953
9458,0.006529569625854492
9459,0.00613713264465332
9460,0.0
9461,0.006170988082885742
9462,0.006701946258544922
9463,0.00631260871887207
9464,0.007716178894042969
9465,0.0061817169189453125
9466,0.0068416595458984375
9467,0.0061664581298828125
9468,0.006551265716552734
9469,0.006013631820678711
9470,0.005185604095458984
9471,0.007737874984741211
9472,0.003642559051513672
9473,0.006644248962402344
9474,0.007294416427612305
9475,0.0
9476,0.002695322036743164
9477,0.005499601364135742
9478,0.007307529449462891
9479,0.0011310577392578125
9480,0.007066965103149414
9481,0.005646944046020508
9482,0.007411003112792969
9483,0.009761333465576172
9484,0.005980968475341797
9485,0.0007264614105224609
9486,0.0056455135345458984
9487,0.005861759185791016
9488,0.0075185298919677734
9489,0.012939929962158203
9490,0.01361989974975586
9491,0.007662057876586914
9492,0.010170459747314453
9493,0.0059986114501953125
9494,0.009760379791259766
9495,0.01288461685180664
9496,0.007296323776245117
9497,0.006471872329711914
9498,0.0070953369140625
9499,0.006263017654418945
9500,0.013365507125854492
9501,0.008075475692749023
9502,0.008320808410644531
9503,0.011931657791137695
9504,0.0063054561614990234
9505,0.008006572723388672
9506,0.0073125362396240234
9507,0.008243799209594727
9508,0.004132270812988281
9509,0.01148533821105957
9510,0.008363723754882812
9511,0.010560750961303711
9512,0.0069081783294677734
9513,0.009147167205810547
9514,0.0028862953186035156
9515,0.008265495300292969
9516,0.001169443130493164
9517,0.0068204402923583984
9518,0.007003307342529297
9519,0.0018992424011230469
9520,0.0067098140716552734
9521,0.007957935333251953
9522,0.006644487380981445
9523,0.006918907165527344
9524,0.01017618179321289
9525,0.010754823684692383
9526,0.01049351692199707
9527,0.009828329086303711
9528,0.007306337356567383
9529,0.007472515106201172
9530,0.007353782653808594
9531,0.006880998611450195
9532,0.00783538818359375
9533,0.006594419479370117
9534,0.010622024536132812
9535,0.007645606994628906
9536,0.003652811050415039
9537,0.006317853927612305
9538,0.0040247440338134766
9539,0.007481098175048828
9540,0.006883144378662109
9541,0.006975889205932617
9542,0.007709980010986328
9543,0.007489681243896484
9544,0.012385845184326172
9545,0.007160186767578125
9546,0.00838327407836914
9547,0.013042926788330078
9548,0.010006904602050781
9549,0.007330179214477539
9550,0.0011959075927734375
9551,0.0035293102264404297
9552,0.007994413375854492
9553,0.0038123130798339844
9554,0.009496450424194336
9555,0.006765842437744141
9556,0.011819601058959961
9557,0.006205558776855469
9558,0.005087375640869141
9559,0.012792348861694336
9560,0.010918140411376953
9561,0.0067141056060791016
9562,0.010918378829956055
9563,0.013810396194458008
9564,0.013271331787109375
9565,0.00777125358581543
9566,0.0054874420166015625
9567,0.006783723831176758
9568,0.011264324188232422
9569,0.010774374008178711
9570,0.010143280029296875
9571,0.009351015090942383
9572,0.006130218505859375
9573,0.007047891616821289
9574,0.010315895080566406
9575,0.005777597427368164
9576,0.009239673614501953
9577,0.010643720626831055
9578,0.00488591194152832
9579,0.0072667598724365234
9580,0.013767480850219727
9581,0.010417461395263672
9582,0.004521608352661133
9583,0.006278038024902344
9584,0.006440401077270508
9585,0.005842447280883789
9586,0.004068613052368164
9587,0.008527517318725586
9588,0.0011339187622070312
9589,0.005698204040527344
9590,0.0036745071411132812
9591,0.0
9592,0.006753444671630859
9593,0.014168024063110352
9594,0.004972934722900391
9595,0.005170345306396484
9596,0.009414434432983398
9597,0.013492107391357422
9598,0.007840633392333984
9599,0.00959157943725586
9600,0.010392189025878906
9601,0.009220123291015625
9602,0.008964300155639648
9603,0.008514642715454102
9604,0.005824089050292969
9605,0.007091999053955078
9606,0.0072324275970458984
9607,0.0071353912353515625
9608,0.009743690490722656
9609,0.011141300201416016
9610,0.004336118698120117
9611,0.0067882537841796875
9612,0.009385347366333008
9613,0.005997657775878906
9614,0.007740020751953125
9615,0.0015649795532226562
9616,0.0
9617,0.005674839019775391
9618,0.014397621154785156
9619,0.012940406799316406
9620,0.006601095199584961
9621,0.01338648796081543
9622,0.010507583618164062
9623,0.011986970901489258
9624,0.010270357131958008
9625,0.01327204704284668
9626,0.011155843734741211
9627,0.011768341064453125
9628,0.012546777725219727
9629,0.008089065551757812
9630,0.009954452514648438
9631,0.007749795913696289
9632,0.006547212600708008
9633,0.00695037841796875
9634,0.009985923767089844
9635,0.007720947265625
9636,0.004552602767944336
9637,0.014089584350585938
9638,0.008622884750366211
9639,0.011390209197998047
9640,0.00635528564453125
9641,0.01115870475769043
9642,0.01226186752319336
9643,0.007515430450439453
9644,0.0026464462280273438
9645,0.007173061370849609
9646,0.008418798446655273
9647,0.014993906021118164
9648,0.009432315826416016
9649,0.013463735580444336
9650,0.013562202453613281
9651,0.014149904251098633
9652,0.007708549499511719
9653,0.010516881942749023
9654,0.010364770889282227
9655,0.012469291687011719
9656,0.008150577545166016
9657,0.009933948516845703
9658,0.0072324275970458984
9659,0.007942914962768555
9660,0.007555723190307617
9661,0.006670951843261719
9662,0.0
9663,0.006521940231323242
9664,0.004832029342651367
9665,0.0007035732269287109
9666,0.00560307502746582
9667,0.0074863433837890625
9668,0.0
9669,0.005789518356323242
9670,0.0
9671,0.008099555969238281
9672,0.0024881362915039062
9673,0.004876852035522461
9674,0.005391597747802734
9675,0.0055332183837890625
9676,0.0
9677,0.003713369369506836
9678,0.006563901901245117
9679,0.0
9680,0.0072896480560302734
9681,0.008902788162231445
9682,0.006002902984619141
9683,0.010080814361572266
9684,0.0062253475189208984
9685,0.0014176368713378906
9686,0.0063266754150390625
9687,0.0069539546966552734
9688,0.008229255676269531
9689,0.0
9690,0.0059528350830078125
9691,0.007617950439453125
9692,0.0051000118255615234
9693,0.007832527160644531
9694,0.005484819412231445
9695,0.010246515274047852
9696,0.006293296813964844
9697,0.006180763244628906
9698,0.004168510437011719
9699,0.007241487503051758
9700,0.005818843841552734
9701,0.0070497989654541016
9702,0.011256217956542969
9703,0.007034778594970703
9704,0.006911754608154297
9705,0.013334512710571289
9706,0.013098716735839844
9707,0.0068089962005615234
9708,0.008021116256713867
9709,0.006543159484863281
9710,0.006402730941772461
9711,0.010699748992919922
9712,0.011600017547607422
9713,0.005492687225341797
9714,0.008000850677490234
9715,0.007225513458251953
9716,0.007089376449584961
9717,0.008486032485961914
9718,0.01293492317199707
9719,0.009835481643676758
9720,0.012610197067260742
9721,0.0011882781982421875
9722,0.004546403884887695
9723,0.006368875503540039
9724,0.007776498794555664
9725,0.007672309875488281
9726,0.007485866546630859
9727,0.011713981628417969
9728,0.01213383674621582
9729,0.0056416988372802734
9730,0.01023101806640625
9731,0.006468534469604492
9732,0.00630950927734375
9733,0.007616758346557617
9734,0.006310939788818359
9735,0.0007739067077636719
9736,0.0059986114501953125
9737,0.0025780200958251953
9738,0.008207082748413086
9739,0.006622791290283203
9740,0.009418964385986328
9741,0.008193254470825195
9742,0.006996870040893555
9743,0.007622957229614258
9744,0.007241010665893555
9745,0.008147478103637695
9746,0.00571894645690918
9747,0.01156306266784668
9748,0.010061979293823242
9749,0.008040904998779297
9750,0.008040189743041992
9751,0.0060236454010009766
9752,0.00602412223815918
9753,0.006018638610839844
9754,0.007664918899536133
9755,0.005812883377075195
9756,0.008059263229370117
9757,0.012474536895751953
9758,0.006564140319824219
9759,0.013365030288696289
9760,0.010645389556884766
9761,0.013697385787963867
9762,0.013049602508544922
9763,0.013375997543334961
9764,0.011610746383666992
9765,0.011101722717285156
9766,0.013189077377319336
9767,0.007917404174804688
9768,0.006031513214111328
9769,0.0069217681884765625
9770,0.006972074508666992
9771,0.008231401443481445
9772,0.007200002670288086
9773,0.013399124145507812
9774,0.007938385009765625
9775,0.009225845336914062
9776,0.014992952346801758
9777,0.006614208221435547
9778,0.01313328742980957
9779,0.007521867752075195
9780,0.0072252750396728516
9781,0.0074977874755859375
9782,0.007186412811279297
9783,0.005984067916870117
9784,0.010577678680419922
9785,0.009104251861572266
9786,0.007463693618774414
9787,0.007296323776245117
9788,0.007696628570556641
9789,0.013806343078613281
9790,0.007550716400146484
9791,0.006312847137451172
9792,0.005963325500488281
9793,0.013137340545654297
9794,0.008130073547363281
9795,0.009178400039672852
9796,0.0067865848541259766
9797,0.012722492218017578
9798,0.011410951614379883
9799,0.007840633392333984
9800,0.006799936294555664
9801,0.004430532455444336
9802,0.013756990432739258
9803,0.0007429122924804688
9804,0.008476972579956055
9805,0.0071868896484375
9806,0.008133888244628906
9807,0.0068933963775634766
9808,0.00614619255065918
9809,0.009254932403564453
9810,0.009188413619995117
9811,0.014369964599609375
9812,0.005731821060180664
9813,0.01357412338256836
9814,0.015141725540161133
9815,0.006960391998291016
9816,0.007039308547973633
9817,0.01265716552734375
9818,0.014741659164428711
9819,0.013921737670898438
9820,0.008308172225952148
9821,0.011143922805786133
9822,0.008497238159179688
9823,0.007670879364013672
9824,0.01042938232421875
9825,0.005539894104003906
9826,0.0064623355865478516
9827,0.0008265972137451172
9828,0.004970550537109375
9829,0.005220890045166016
9830,0.007604360580444336
9831,0.01047372817993164
9832,0.010692596435546875
9833,0.006859302520751953
9834,0.0028095245361328125
9835,0.011235952377319336
9836,0.005219459533691406
9837,0.009059429168701172
9838,0.005224704742431641
9839,0.006731986999511719
9840,0.0007193088531494141
9841,0.012424468994140625
9842,0.012171506881713867
9843,0.003906726837158203
9844,0.012992143630981445
9845,0.008330821990966797
9846,0.006529331207275391
9847,0.0
9848,0.008455991744995117
9849,0.007141828536987305
9850,0.008150339126586914
9851,0.005555391311645508
9852,0.008527278900146484
9853,0.005467891693115234
9854,0.010250568389892578
9855,0.00516963005065918
9856,0.006524801254272461
9857,0.006506204605102539
9858,0.006879568099975586
9859,0.006124734878540039
9860,0.0019009113311767578
9861,0.00666046142578125
9862,0.00092315673828125
9863,0.0042705535888671875
9864,0.00693964958190918
9865,0.009097814559936523
9866,0.005217313766479492
9867,0.00806117057800293
9868,0.008107423782348633
9869,0.007375001907348633
9870,0.00911855697631836
9871,0.007056474685668945
9872,0.0071222782135009766
9873,0.006180763244628906
9874,0.007012367248535156
9875,0.013749122619628906
9876,0.006323337554931641
9877,0.007595539093017578
9878,0.007780551910400391
9879,0.003652811050415039
9880,0.008316516876220703
9881,0.006118297576904297
9882,0.004479408264160156
9883,0.008481264114379883
9884,0.003462076187133789
9885,0.006953716278076172
9886,0.007541179656982422
9887,0.0018491744995117188
9888,0.007684946060180664
9889,0.006319999694824219
9890,0.0003559589385986328
9891,0.005468845367431641
9892,0.00574946403503418
9893,0.006130695343017578
9894,0.007077455520629883
9895,0.0061566829681396484
9896,0.006843090057373047
9897,0.011958122253417969
9898,0.008182525634765625
9899,0.007021903991699219
9900,0.012502908706665039
9901,0.008193254470825195
9902,0.010745048522949219
9903,0.0050203800201416016
9904,0.0062944889068603516
9905,0.014563560485839844
9906,0.010219812393188477
9907,0.00922846794128418
9908,0.011212587356567383
9909,0.007998466491699219
9910,0.0
9911,0.003992319107055664
9912,0.0070781707763671875
9913,0.006418466567993164
9914,0.013124465942382812
9915,0.013484477996826172
9916,0.0075337886810302734
9917,0.00670313835144043
9918,0.01639699935913086
9919,0.007550477981567383
9920,0.006424427032470703
9921,0.006963014602661133
9922,0.006169319152832031
9923,0.007500886917114258
9924,0.012189626693725586
9925,0.0064961910247802734
9926,0.012278318405151367
9927,0.007478475570678711
9928,0.006206989288330078
9929,0.008600711822509766
9930,0.01332402229309082
9931,0.007796049118041992
9932,0.007505178451538086
9933,0.008539438247680664
9934,0.013332605361938477
9935,0.00803065299987793
9936,0.0007860660552978516
9937,0.013407230377197266
9938,0.007511615753173828
9939,0.010325193405151367
9940,0.012997865676879883
9941,0.007200956344604492
9942,0.00403285026550293
9943,0.009003162384033203
9944,0.01029062271118164
9945,0.010689735412597656
9946,0.008557319641113281
9947,0.007189035415649414
9948,0.007476806640625
9949,0.00904989242553711
9950,0.0064563751220703125
9951,0.014282703399658203
9952,0.0061800479888916016
9953,0.008403539657592773
9954,0.010564804077148438
9955,0.011352777481079102
9956,0.006509304046630859
9957,0.010699272155761719
9958,0.005353450775146484
9959,0.007924556732177734
9960,0.012897968292236328
9961,0.01310110092163086
9962,0.011926889419555664
9963,0.01050424575805664
9964,0.011817216873168945
9965,0.01447153091430664
9966,0.008242368698120117
9967,0.01142740249633789
9968,0.013129949569702148
9969,0.007298707962036133
9970,0.0078008174896240234
9971,0.010111570358276367
9972,0.010642766952514648
9973,0.009531736373901367
9974,0.013159513473510742
9975,0.006275177001953125
9976,0.006769418716430664
9977,0.005403757095336914
9978,0.013363122940063477
9979,0.010459184646606445
9980,0.008994340896606445
9981,0.011260747909545898
9982,0.006590127944946289
9983,0.00925135612487793
9984,0.007894277572631836
9985,0.007948160171508789
9986,0.008048295974731445
9987,0.007819890975952148
9988,0.007957696914672852
9989,0.014146804809570312
9990,0.008912801742553711
9991,0.008496999740600586
9992,0.006752490997314453
9993,0.011115789413452148
9994,0.012831687927246094
9995,0.009018898010253906
9996,0.007111787796020508
9997,0.007468700408935547
9998,0.010168075561523438
9999,0.009336471557617188
10000,0.0077168941497802734
10001,0.00800180435180664
10002,0.007443904876708984
10003,0.011698246002197266
10004,0.013379573822021484
10005,0.0062978267669677734
10006,0.006083250045776367
10007,0.006968975067138672
10008,0.009389162063598633
10009,0.014069795608520508
10010,0.01063227653503418
10011,0.009395599365234375
10012,0.010644674301147461
10013,0.008858442306518555
10014,0.013978004455566406
10015,0.009224891662597656
10016,0.014063835144042969
10017,0.01001119613647461
10018,0.01616978645324707
10019,0.010637998580932617
10020,0.007725715637207031
10021,0.012824535369873047
10022,0.014270782470703125
10023,0.01311802864074707
10024,0.011887550354003906
10025,0.007944345474243164
10026,0.006958961486816406
10027,0.007566928863525391
10028,0.01423501968383789
10029,0.008290290832519531
10030,0.020185470581054688
10031,0.009186029434204102
10032,0.00685572624206543
10033,0.008130311965942383
10034,0.007314920425415039
10035,0.0044863224029541016
10036,0.009150981903076172
10037,0.014226675033569336
10038,0.012982845306396484
10039,0.007984638214111328
10040,0.0076007843017578125
10041,0.008023262023925781
10042,0.007851123809814453
10043,0.005080699920654297
10044,0.010068893432617188
10045,0.0068531036376953125
10046,0.010969161987304688
10047,0.014901161193847656
10048,0.012037277221679688
10049,0.004171848297119141
10050,0.0010867118835449219
10051,0.007599353790283203
10052,0.0072057247161865234
10053,0.012700796127319336
10054,0.00815439224243164
10055,0.00579833984375
10056,0.012510061264038086
10057,0.012802839279174805
10058,0.008526802062988281
10059,0.012317895889282227
10060,0.006324052810668945
10061,0.009383916854858398
10062,0.006621122360229492
10063,0.009402990341186523
10064,0.012324094772338867
10065,0.00763392448425293
10066,0.011320829391479492
10067,0.01282811164855957
10068,0.008395671844482422
10069,0.008433341979980469
10070,0.008331775665283203
10071,0.008927106857299805
10072,0.00801229476928711
10073,0.007314205169677734
10074,0.005390644073486328
10075,0.0032148361206054688
10076,0.007275581359863281
10077,0.013402223587036133
10078,0.008938789367675781
10079,0.015884876251220703
10080,0.007967233657836914
10081,0.0044171810150146484
10082,0.007463932037353516
10083,0.007339000701904297
10084,0.010782241821289062
10085,0.0054590702056884766
10086,0.009280681610107422
10087,0.0
10088,0.00720667839050293
10089,0.0067653656005859375
10090,0.0064051151275634766
10091,0.012704849243164062
10092,0.007700204849243164
10093,0.013471126556396484
10094,0.008233308792114258
10095,0.014513731002807617
10096,0.01233816146850586
10097,0.007683992385864258
10098,0.007113933563232422
10099,0.012980461120605469
10100,0.004945516586303711
10101,0.006699562072753906
10102,0.008451223373413086
10103,0.00783228874206543
10104,0.0068471431732177734
10105,0.0071790218353271484
10106,0.006787300109863281
10107,0.006232261657714844
10108,0.009585857391357422
10109,0.00701141357421875
10110,0.006995439529418945
10111,0.008132219314575195
10112,0.00496673583984375
10113,0.006021261215209961
10114,0.006067991256713867
10115,0.006211519241333008
10116,0.006020307540893555
10117,0.006029844284057617
10118,0.0060214996337890625
10119,0.0044097900390625
10120,0.010120153427124023
10121,0.010128021240234375
10122,0.008913040161132812
10123,0.012000799179077148
10124,0.007433891296386719
10125,0.005614042282104492
10126,0.0
10127,0.005423784255981445
10128,0.006804943084716797
10129,0.005582094192504883
10130,0.011145591735839844
10131,0.008717060089111328
10132,0.0064623355865478516
10133,0.013319015502929688
10134,0.007354021072387695
10135,0.013044595718383789
10136,0.013386249542236328
10137,0.0059604644775390625
10138,0.010361194610595703
10139,0.0066792964935302734
10140,0.013629913330078125
10141,0.007707357406616211
10142,0.005984067916870117
10143,0.011854410171508789
10144,0.006602764129638672
10145,0.008228302001953125
10146,0.00700831413269043
10147,0.0
10148,0.01430511474609375
10149,0.0
10150,0.009462594985961914
10151,0.005394935607910156
10152,0.0028142929077148438
10153,0.007169246673583984
10154,0.006436824798583984
10155,0.00810098648071289
10156,0.013469219207763672
10157,0.008577823638916016
10158,0.014942646026611328
10159,0.004647493362426758
10160,0.008832693099975586
10161,0.006300449371337891
10162,0.006330013275146484
10163,0.013296842575073242
10164,0.0065762996673583984
10165,0.0051877498626708984
10166,0.011024951934814453
10167,0.0062487125396728516
10168,0.013661384582519531
10169,0.011197090148925781
10170,0.013434886932373047
10171,0.008437633514404297
10172,0.008597135543823242
10173,0.020476818084716797
10174,0.007283210754394531
10175,0.014761686325073242
10176,0.00948953628540039
10177,0.008559465408325195
10178,0.007235288619995117
10179,0.0054509639739990234
10180,0.013570547103881836
10181,0.006621360778808594
10182,0.013659954071044922
10183,0.005018949508666992
10184,0.009610652923583984
10185,0.006627321243286133
10186,0.00813603401184082
10187,0.010728836059570312
10188,0.006475210189819336
10189,0.0
10190,0.008353233337402344
10191,0.006444215774536133
10192,0.008250713348388672
10193,0.001657247543334961
10194,0.007972002029418945
10195,0.007600307464599609
10196,0.0009925365447998047
10197,0.004724264144897461
10198,0.01325678825378418
10199,0.00843358039855957
10200,0.014236688613891602
10201,0.014629364013671875
10202,0.01328587532043457
10203,0.00918722152709961
10204,0.013370990753173828
10205,0.0
10206,0.011049985885620117
10207,0.006507158279418945
10208,0.006445407867431641
10209,0.000888824462890625
10210,0.012610912322998047
10211,0.011598587036132812
10212,0.009946346282958984
10213,0.006999492645263672
10214,0.007861614227294922
10215,0.007451295852661133
10216,0.005517244338989258
10217,0.00616455078125
10218,0.006686687469482422
10219,0.006800413131713867
10220,0.00760650634765625
10221,0.004498481750488281
10222,0.0
10223,0.006479978561401367
10224,0.010584831237792969
10225,0.006403923034667969
10226,0.00632929801940918
10227,0.007979869842529297
10228,0.007397651672363281
10229,0.012604951858520508
10230,0.010633468627929688
10231,0.007959842681884766
10232,0.006414175033569336
10233,0.007783651351928711
10234,0.006212711334228516
10235,0.0075571537017822266
10236,0.008306741714477539
10237,0.008549690246582031
10238,0.01381063461303711
10239,0.007579326629638672
10240,0.010117053985595703
10241,0.0035469532012939453
10242,0.013326168060302734
10243,0.007649421691894531
10244,0.007696390151977539
10245,0.007057666778564453
10246,0.006844758987426758
10247,0.0008883476257324219
10248,0.005484342575073242
10249,0.006870269775390625
10250,0.003019571304321289
10251,0.006833314895629883
10252,0.005247354507446289
10253,0.0011315345764160156
10254,0.007201194763183594
10255,0.011978626251220703
10256,0.007266998291015625
10257,0.0035843849182128906
10258,0.006882190704345703
10259,0.0061609745025634766
10260,0.0072765350341796875
10261,0.013870954513549805
10262,0.004640817642211914
10263,0.0077667236328125
10264,0.010750532150268555
10265,0.0062525272369384766
10266,0.006947755813598633
10267,0.006285429000854492
10268,0.0
10269,0.006445646286010742
10270,0.005379438400268555
10271,0.00809025764465332
10272,0.0
10273,0.006917238235473633
10274,0.0075910091400146484
10275,0.0070133209228515625
10276,0.00702214241027832
10277,0.00571894645690918
10278,0.0063097476959228516
10279,0.010291814804077148
10280,0.010873556137084961
10281,0.006412029266357422
10282,0.011325359344482422
10283,0.0066375732421875
10284,0.012841224670410156
10285,0.008640527725219727
10286,0.0068149566650390625
10287,0.008658170700073242
10288,0.00704503059387207
10289,0.009133100509643555
10290,0.009218692779541016
10291,0.01051187515258789
10292,0.013351202011108398
10293,0.008160829544067383
10294,0.009962320327758789
10295,0.01332545280456543
10296,0.013479471206665039
10297,0.008003711700439453
10298,0.012201309204101562
10299,0.010449886322021484
10300,0.004733085632324219
10301,0.006309986114501953
10302,0.006493806838989258
10303,0.0074269771575927734
10304,0.019212961196899414
10305,0.013124227523803711
10306,0.007239580154418945
10307,0.0
10308,0.007849693298339844
10309,0.0077304840087890625
10310,0.007814884185791016
10311,0.007500171661376953
10312,0.009676218032836914
10313,0.008122682571411133
10314,0.007900714874267578
10315,0.006070137023925781
10316,0.00856471061706543
10317,0.007158041000366211
10318,0.007650852203369141
10319,0.011012554168701172
10320,0.006508827209472656
10321,0.006882667541503906
10322,0.006180524826049805
10323,0.007668018341064453
10324,0.007405281066894531
10325,0.005247831344604492
10326,0.006924629211425781
10327,0.005495786666870117
10328,0.009644508361816406
10329,0.00649261474609375
10330,0.007315874099731445
10331,0.00745844841003418
10332,0.007637739181518555
10333,0.008447885513305664
10334,0.009263992309570312
10335,0.012627363204956055
10336,0.012886285781860352
10337,0.007906913757324219
10338,0.0064127445220947266
10339,0.005445718765258789
10340,0.008075237274169922
10341,0.011289119720458984
10342,0.0062160491943359375
10343,0.006463289260864258
10344,0.007672786712646484
10345,0.009333372116088867
10346,0.008267879486083984
10347,0.00795435905456543
10348,0.007645130157470703
10349,0.00683903694152832
10350,0.008368968963623047
10351,0.014614343643188477
10352,0.006706714630126953
10353,0.006995677947998047
10354,0.006978273391723633
10355,0.010820150375366211
10356,0.00727534294128418
10357,0.007191896438598633
10358,0.00599217414855957
10359,0.00713658332824707
10360,0.007264137268066406
10361,0.008061408996582031
10362,0.0020062923431396484
10363,0.007674455642700195
10364,0.006363630294799805
10365,0.0077817440032958984
10366,0.008678436279296875
10367,0.008260011672973633
10368,0.010584592819213867
10369,0.008419990539550781
10370,0.0075206756591796875
10371,0.010935306549072266
10372,0.012697458267211914
10373,0.008154153823852539
10374,0.004820585250854492
10375,0.0069713592529296875
10376,0.006224870681762695
10377,0.0
10378,0.007665395736694336
10379,0.007668018341064453
10380,0.010828495025634766
10381,0.007127285003662109
10382,0.008987903594970703
10383,0.012648344039916992
10384,0.014646768569946289
10385,0.007554531097412109
10386,0.006680965423583984
10387,0.011624813079833984
10388,0.007548332214355469
10389,0.014194250106811523
10390,0.006349802017211914
10391,0.011263132095336914
10392,0.007313728332519531
10393,0.007988452911376953
10394,0.005353212356567383
10395,0.008774518966674805
10396,0.008170843124389648
10397,0.010045766830444336
10398,0.011976957321166992
10399,0.010367631912231445
10400,0.007195472717285156
10401,0.00847625732421875
10402,0.0065860748291015625
10403,0.011993646621704102
10404,0.007272005081176758
10405,0.0010759830474853516
10406,0.004164218902587891
10407,0.007958650588989258
10408,0.007343292236328125
10409,0.008039474487304688
10410,0.006792545318603516
10411,0.00981760025024414
10412,0.00754094123840332
10413,0.009537458419799805
10414,0.007042407989501953
10415,0.007841110229492188
10416,0.007116556167602539
10417,0.011843681335449219
10418,0.00798487663269043
10419,0.006109714508056641
10420,0.007662534713745117
10421,0.006432056427001953
10422,0.013608217239379883
10423,0.006217241287231445
10424,0.005680084228515625
10425,0.011724710464477539
10426,0.010444879531860352
10427,0.01535797119140625
10428,0.007382392883300781
10429,0.0011675357818603516
10430,0.0073659420013427734
10431,0.008928298950195312
10432,0.00677037239074707
10433,0.006402015686035156
10434,0.0
10435,0.007619142532348633
10436,0.006301164627075195
10437,0.0
10438,0.0038030147552490234
10439,0.012433052062988281
10440,0.00813746452331543
10441,0.006070852279663086
10442,0.013127326965332031
10443,0.007451772689819336
10444,0.005338907241821289
10445,0.007956981658935547
10446,0.007422447204589844
10447,0.006953239440917969
10448,0.00892496109008789
10449,0.0070302486419677734
10450,0.006331205368041992
10451,0.010982036590576172
10452,0.009571075439453125
10453,0.008151769638061523
10454,0.005206108093261719
10455,0.00615692138671875
10456,0.0022711753845214844
10457,0.007557392120361328
10458,0.006482362747192383
10459,0.01465606689453125
10460,0.008892059326171875
10461,0.00848841667175293
10462,0.015018939971923828
10463,0.018175363540649414
10464,0.0071544647216796875
10465,0.0003635883331298828
10466,0.005384206771850586
10467,0.007627248764038086
10468,0.0062580108642578125
10469,0.01384115219116211
10470,0.006230592727661133
10471,0.01029348373413086
10472,0.005942583084106445
10473,0.00688624382019043
10474,0.007162809371948242
10475,0.00622868537902832
10476,0.0130462646484375
10477,0.008455514907836914
10478,0.011441230773925781
10479,0.00922703742980957
10480,0.014398574829101562
10481,0.006955862045288086
10482,0.008078813552856445
10483,0.007322788238525391
10484,0.0053598880767822266
10485,0.0077304840087890625
10486,0.006956338882446289
10487,0.012596607208251953
10488,0.008266210556030273
10489,0.006951093673706055
10490,0.008159875869750977
10491,0.0058252811431884766
10492,0.006333351135253906
10493,0.00771784782409668
10494,0.008495569229125977
10495,0.006703853607177734
10496,0.010802268981933594
10497,0.012098312377929688
10498,0.012517213821411133
10499,0.011123180389404297
10500,0.007140159606933594
10501,0.008901357650756836
10502,0.0069675445556640625
10503,0.005093097686767578
10504,0.007938861846923828
10505,0.0051119327545166016
10506,0.00880575180053711
10507,0.008359670639038086
10508,0.006417751312255859
10509,0.009343147277832031
10510,0.014714717864990234
10511,0.01392674446105957
10512,0.008623123168945312
10513,0.009826898574829102
10514,0.008468389511108398
10515,0.006571531295776367
10516,0.008032560348510742
10517,0.005234718322753906
10518,0.006527423858642578
10519,0.0021004676818847656
10520,0.0
10521,0.006114006042480469
10522,0.006373405456542969
10523,0.005608320236206055
10524,0.0063703060150146484
10525,0.005391359329223633
10526,0.004998445510864258
10527,0.0064008235931396484
10528,0.006933927536010742
10529,0.007813453674316406
10530,0.007426738739013672
10531,0.008294105529785156
10532,0.00577998161315918
10533,0.0069653987884521484
10534,0.005698442459106445
10535,0.005781888961791992
10536,0.005666971206665039
10537,0.00572514533996582
10538,0.005849123001098633
10539,0.006097316741943359
10540,0.006557464599609375
10541,0.005980014801025391
10542,0.013998985290527344
10543,0.013508796691894531
10544,0.01349186897277832
10545,0.009840965270996094
10546,0.009327888488769531
10547,0.012911319732666016
10548,0.011103153228759766
10549,0.005523204803466797
10550,0.005428791046142578
10551,0.0071413516998291016
10552,0.008600950241088867
10553,0.01305389404296875
10554,0.007519960403442383
10555,0.013206005096435547
10556,0.015120506286621094
10557,0.01303720474243164
10558,0.007280588150024414
10559,0.014476299285888672
10560,0.0053958892822265625
10561,0.006267547607421875
10562,0.01264643669128418
10563,0.0072383880615234375
10564,0.007577657699584961
10565,0.007246255874633789
10566,0.007217884063720703
10567,0.0072247982025146484
10568,0.007590293884277344
10569,0.007587909698486328
10570,0.006292819976806641
10571,0.006152629852294922
10572,0.007964134216308594
10573,0.00706791877746582
10574,0.006715536117553711
10575,0.011516332626342773
10576,0.008248329162597656
10577,0.009935855865478516
10578,0.0133514404296875
10579,0.006829023361206055
10580,0.007147550582885742
10581,0.013480186462402344
10582,0.010537862777709961
10583,0.015534400939941406
10584,0.011008977890014648
10585,0.013146162033081055
10586,0.0063211917877197266
10587,0.00614476203918457
10588,0.007292747497558594
10589,0.0007123947143554688
10590,0.007390499114990234
10591,0.0
10592,0.006822824478149414
10593,0.007720947265625
10594,0.006802797317504883
10595,0.0023925304412841797
10596,0.006514787673950195
10597,0.007397651672363281
10598,0.0070476531982421875
10599,0.012415885925292969
10600,0.012769222259521484
10601,0.006554126739501953
10602,0.006808280944824219
10603,0.007685184478759766
10604,0.007313728332519531
10605,0.007607698440551758
10606,0.011366844177246094
10607,0.009727954864501953
10608,0.011306524276733398
10609,0.0070133209228515625
10610,0.008471250534057617
10611,0.007406949996948242
10612,0.005338430404663086
10613,0.008090019226074219
10614,0.008537054061889648
10615,0.009404420852661133
10616,0.012734413146972656
10617,0.011542797088623047
10618,0.006342172622680664
10619,0.0070002079010009766
10620,0.008365154266357422
10621,0.014822721481323242
10622,0.0073528289794921875
10623,0.006618976593017578
10624,0.00733184814453125
10625,0.008019447326660156
10626,0.007407188415527344
10627,0.007387876510620117
10628,0.007907867431640625
10629,0.00998067855834961
10630,0.0009818077087402344
10631,0.007140636444091797
10632,0.0003418922424316406
10633,0.005214691162109375
10634,0.007527589797973633
10635,0.005607128143310547
10636,0.007775545120239258
10637,0.013405323028564453
10638,0.0066945552825927734
10639,0.011194705963134766
10640,0.011765241622924805
10641,0.007306337356567383
10642,0.012941122055053711
10643,0.010373592376708984
10644,0.0
10645,0.007907867431640625
10646,0.013099431991577148
10647,0.0073621273040771484
10648,0.013418912887573242
10649,0.00803375244140625
10650,0.014842987060546875
10651,0.019227266311645508
10652,0.007675886154174805
10653,0.007789134979248047
10654,0.00617527961730957
10655,0.007710933685302734
10656,0.00621795654296875
10657,0.0076105594635009766
10658,0.007314443588256836
10659,0.00842428207397461
10660,0.01255345344543457
10661,0.007217884063720703
10662,0.0
10663,0.0073735713958740234
10664,0.005455732345581055
10665,0.005250453948974609
10666,0.00804281234741211
10667,0.005565643310546875
10668,0.01192164421081543
10669,0.006850242614746094
10670,0.007262706756591797
10671,0.010562896728515625
10672,0.004866361618041992
10673,0.00697636604309082
10674,0.008484125137329102
10675,0.005594968795776367
10676,0.002521514892578125
10677,0.0036919116973876953
10678,0.013185501098632812
10679,0.006980180740356445
10680,0.008373498916625977
10681,0.00980997085571289
10682,0.007869243621826172
10683,0.010251522064208984
10684,0.00667262077331543
10685,0.010432958602905273
10686,0.01334691047668457
10687,0.013897418975830078
10688,0.005091667175292969
10689,0.007370471954345703
10690,0.00766754150390625
10691,0.00536799430847168
10692,0.0032498836517333984
10693,0.0065898895263671875
10694,0.01250910758972168
10695,0.007712125778198242
10696,0.007766008377075195
10697,0.011069059371948242
10698,0.012519359588623047
10699,0.008938312530517578
10700,0.008450031280517578
10701,0.004890918731689453
10702,0.0063855648040771484
10703,0.010303735733032227
10704,0.011369943618774414
10705,0.012748003005981445
10706,0.008090496063232422
10707,0.007280111312866211
10708,0.006234645843505859
10709,0.0073087215423583984
10710,0.013237714767456055
10711,0.007450103759765625
10712,0.008086204528808594
10713,0.012869119644165039
10714,0.010693550109863281
10715,0.012177228927612305
10716,0.007367610931396484
10717,0.007033348083496094
10718,0.013570308685302734
10719,0.009096384048461914
10720,0.009554386138916016
10721,0.007919549942016602
10722,0.012926816940307617
10723,0.014622211456298828
10724,0.009506464004516602
10725,0.015499353408813477
10726,0.00894618034362793
10727,0.008038997650146484
10728,0.012362480163574219
10729,0.007490634918212891
10730,0.00817251205444336
10731,0.005274534225463867
10732,0.0
10733,0.007107734680175781
10734,0.007169008255004883
10735,0.0
10736,0.00724482536315918
10737,0.005873441696166992
10738,0.00637364387512207
10739,0.0009965896606445312
10740,0.0071566104888916016
10741,0.006417751312255859
10742,0.0
10743,0.0045909881591796875
10744,0.003016948699951172
10745,0.0077991485595703125
10746,0.007868766784667969
10747,0.008658885955810547
10748,0.00647282600402832
10749,0.007168769836425781
10750,0.010133743286132812
10751,0.009204626083374023
10752,0.013313770294189453
10753,0.007066965103149414
10754,0.006460666656494141
10755,0.005283355712890625
10756,0.0073010921478271484
10757,0.01230764389038086
10758,0.008840322494506836
10759,0.010103225708007812
10760,0.005422115325927734
10761,0.0064241886138916016
10762,0.009889602661132812
10763,0.00715184211730957
10764,0.007541179656982422
10765,0.008951902389526367
10766,0.007161855697631836
10767,0.012624740600585938
10768,0.006476640701293945
10769,0.007319450378417969
10770,0.0082244873046875
10771,0.0
10772,0.008477210998535156
10773,0.012449264526367188
10774,0.00892019271850586
10775,0.006964445114135742
10776,0.007223367691040039
10777,0.007215023040771484
10778,0.008213043212890625
10779,0.007288455963134766
10780,0.005385875701904297
10781,0.007601022720336914
10782,0.00901937484741211
10783,0.007337093353271484
10784,0.007124662399291992
10785,0.010977983474731445
10786,0.008656978607177734
10787,0.005777120590209961
10788,0.008463144302368164
10789,0.006504535675048828
10790,0.0011904239654541016
10791,0.005579471588134766
10792,0.006281852722167969
10793,0.008128166198730469
10794,0.007014036178588867
10795,0.006957530975341797
10796,0.009438276290893555
10797,0.006591320037841797
10798,0.006833791732788086
10799,0.0060923099517822266
10800,0.010079622268676758
10801,0.00861048698425293
10802,0.006069183349609375
10803,0.007176876068115234
10804,0.00927591323852539
10805,0.013816356658935547
10806,0.00825953483581543
10807,0.007037162780761719
10808,0.0076389312744140625
10809,0.009470462799072266
10810,0.010656356811523438
10811,0.00841069221496582
10812,0.012747049331665039
10813,0.010305643081665039
10814,0.006142139434814453
10815,0.0007982254028320312
10816,0.005722999572753906
10817,0.006224393844604492
10818,0.0007905960083007812
10819,0.007178544998168945
10820,0.007361888885498047
10821,0.014563560485839844
10822,0.00713348388671875
10823,0.007590532302856445
10824,0.01845693588256836
10825,0.00614166259765625
10826,0.0079193115234375
10827,0.0
10828,0.007765531539916992
10829,0.00474858283996582
10830,0.006639003753662109
10831,0.005541324615478516
10832,0.005323886871337891
10833,0.0070705413818359375
10834,0.006194591522216797
10835,0.006714344024658203
10836,0.006929159164428711
10837,0.012309074401855469
10838,0.006048917770385742
10839,0.011664390563964844
10840,0.008281707763671875
10841,0.0106964111328125
10842,0.00779414176940918
10843,0.006456136703491211
10844,0.010033607482910156
10845,0.012135744094848633
10846,0.014192342758178711
10847,0.006936311721801758
10848,0.008059263229370117
10849,0.005931377410888672
10850,0.006211519241333008
10851,0.007680654525756836
10852,0.011287450790405273
10853,0.007433891296386719
10854,0.009584665298461914
10855,0.013345956802368164
10856,0.012500286102294922
10857,0.005477428436279297
10858,0.013397932052612305
10859,0.009255170822143555
10860,0.007740497589111328
10861,0.004949331283569336
10862,0.01229715347290039
10863,0.007203578948974609
10864,0.007210254669189453
10865,0.0015518665313720703
10866,0.006415128707885742
10867,0.008202314376831055
10868,0.007020711898803711
10869,0.0008904933929443359
10870,0.00786137580871582
10871,0.008937358856201172
10872,0.009650707244873047
10873,0.007304191589355469
10874,0.007781982421875
10875,0.009848356246948242
10876,0.010060787200927734
10877,0.006345272064208984
10878,0.008335590362548828
10879,0.006847381591796875
10880,0.007468223571777344
10881,0.007340669631958008
10882,0.011155366897583008
10883,0.008205652236938477
10884,0.014467477798461914
10885,0.011488914489746094
10886,0.013932466506958008
10887,0.008831262588500977
10888,0.008343935012817383
10889,0.007877826690673828
10890,0.0036270618438720703
10891,0.007696390151977539
10892,0.007103681564331055
10893,0.008006811141967773
10894,0.007450103759765625
10895,0.011720895767211914
10896,0.013867378234863281
10897,0.007730722427368164
10898,0.014989137649536133
10899,0.013983726501464844
10900,0.008573055267333984
10901,0.009649276733398438
10902,0.00771021842956543
10903,0.013167381286621094
10904,0.010415792465209961
10905,0.010463714599609375
10906,0.00748443603515625
10907,0.007224082946777344
10908,0.009678840637207031
10909,0.009667634963989258
10910,0.007026195526123047
10911,0.012134075164794922
10912,0.005151271820068359
10913,0.0008950233459472656
10914,0.005263090133666992
10915,0.012583017349243164
10916,0.006830692291259766
10917,0.006453275680541992
10918,0.0007541179656982422
10919,0.006211757659912109
10920,0.006552696228027344
10921,0.006934642791748047
10922,0.007746696472167969
10923,0.00613713264465332
10924,0.007775306701660156
10925,0.006136417388916016
10926,0.007210493087768555
10927,0.006166696548461914
10928,0.0068912506103515625
10929,0.006810426712036133
10930,0.005377054214477539
10931,0.0051691532135009766
10932,0.0064504146575927734
10933,0.006785154342651367
10934,0.008218050003051758
10935,0.006652116775512695
10936,0.006999969482421875
10937,0.007408857345581055
10938,0.006652116775512695
10939,0.007375478744506836
10940,0.007688999176025391
10941,0.0010673999786376953
10942,0.007628440856933594
10943,0.006539583206176758
10944,0.006822824478149414
10945,0.010403156280517578
10946,0.005269289016723633
10947,0.006279468536376953
10948,0.008026838302612305
10949,0.015927553176879883
10950,0.012064218521118164
10951,0.010267972946166992
10952,0.011774063110351562
10953,0.006949663162231445
10954,0.007028102874755859
10955,0.006762981414794922
10956,0.005215644836425781
10957,0.005807399749755859
10958,0.006381988525390625
10959,0.008566856384277344
10960,0.008327007293701172
10961,0.0062754154205322266
10962,0.006636619567871094
10963,0.0
10964,0.005156993865966797
10965,0.004774808883666992
10966,0.0054225921630859375
10967,0.0061876773834228516
10968,0.0
10969,0.012394428253173828
10970,0.0010831356048583984
10971,0.009764432907104492
10972,0.006436824798583984
10973,0.00803995132446289
10974,0.0036208629608154297
10975,0.007144451141357422
10976,0.005208015441894531
10977,0.004811525344848633
10978,0.009969711303710938
10979,0.005060672760009766
10980,0.007083415985107422
10981,0.0069010257720947266
10982,0.007820606231689453
10983,0.004302263259887695
10984,0.007394313812255859
10985,0.007232666015625
10986,0.006575822830200195
10987,0.006048440933227539
10988,0.00575709342956543
10989,0.0027337074279785156
10990,0.00806879997253418
10991,0.0
10992,0.005583286285400391
10993,0.0028493404388427734
10994,0.006978750228881836
10995,0.006913900375366211
10996,0.007389068603515625
10997,0.007931232452392578
10998,0.0075225830078125
10999,0.005505561828613281
11000,0.0075054168701171875
11001,0.007325410842895508
11002,0.009674310684204102
11003,0.007008552551269531
11004,0.00954890251159668
11005,0.007073879241943359
11006,0.007654428482055664
11007,0.008873701095581055
11008,0.0
11009,0.007567644119262695
11010,0.0008244514465332031
11011,0.0075833797454833984
11012,0.004077434539794922
11013,0.004769563674926758
11014,0.0049593448638916016
11015,0.00681304931640625
11016,0.006928205490112305
11017,0.008131742477416992
11018,0.0051538944244384766
11019,0.0015223026275634766
11020,0.0047075748443603516
11021,0.006422996520996094
11022,0.006327390670776367
11023,0.006544589996337891
11024,0.006680965423583984
11025,0.0010385513305664062
11026,0.003238677978515625
11027,0.0009186267852783203
11028,0.0036661624908447266
11029,0.0067365169525146484
11030,0.0075876712799072266
11031,0.0077021121978759766
11032,0.008466243743896484
11033,0.008394956588745117
11034,0.00558924674987793
11035,0.006399631500244141
11036,0.005377292633056641
11037,0.0010614395141601562
11038,0.007055997848510742
11039,0.0072629451751708984
11040,0.009713411331176758
11041,0.006659507751464844
11042,0.006296634674072266
11043,0.0
11044,0.005369663238525391
11045,0.003633737564086914
11046,0.006229400634765625
11047,0.014025211334228516
11048,0.008616447448730469
11049,0.012245416641235352
11050,0.011251449584960938
11051,0.008434057235717773
11052,0.012774229049682617
11053,0.012905120849609375
11054,0.006811618804931641
11055,0.007951498031616211
11056,0.0010666847229003906
11057,0.006058931350708008
11058,0.007335186004638672
11059,0.007916688919067383
11060,0.0071675777435302734
11061,0.006123542785644531
11062,0.0037050247192382812
11063,0.006835460662841797
11064,0.0051271915435791016
11065,0.0009164810180664062
11066,0.0064868927001953125
11067,0.007403135299682617
11068,0.007061958312988281
11069,0.005669593811035156
11070,0.004053592681884766
11071,0.006689310073852539
11072,0.007580757141113281
11073,0.000926971435546875
11074,0.006360530853271484
11075,0.005192279815673828
11076,0.006163835525512695
11077,0.006284952163696289
11078,0.0
11079,0.004036426544189453
11080,0.006871700286865234
11081,0.00250244140625
11082,0.007342100143432617
11083,0.006263017654418945
11084,0.0
11085,0.006429433822631836
11086,0.0022132396697998047
11087,0.006246805191040039
11088,0.006619691848754883
11089,0.006257057189941406
11090,0.009947061538696289
11091,0.005857229232788086
11092,0.012611627578735352
11093,0.005438566207885742
11094,0.014587879180908203
11095,0.007247209548950195
11096,0.005907297134399414
11097,0.007957696914672852
11098,0.006300449371337891
11099,0.011361837387084961
11100,0.003047466278076172
11101,0.009957313537597656
11102,0.008333683013916016
11103,0.005152225494384766
11104,0.005855560302734375
11105,0.010647773742675781
11106,0.006716489791870117
11107,0.005377531051635742
11108,0.00767827033996582
11109,0.0077724456787109375
11110,0.00761866569519043
11111,0.006433963775634766
11112,0.007375955581665039
11113,0.0009202957153320312
11114,0.006492137908935547
11115,0.00696873664855957
11116,0.003045797348022461
11117,0.0049343109130859375
11118,0.00729823112487793
11119,0.006997823715209961
11120,0.0010709762573242188
11121,0.006467103958129883
11122,0.004067659378051758
11123,0.004259824752807617
11124,0.005314826965332031
11125,0.004087209701538086
11126,0.008614778518676758
11127,0.0
11128,0.005161762237548828
11129,0.006891012191772461
11130,0.006919145584106445
11131,0.0077877044677734375
11132,0.00540924072265625
11133,0.005593061447143555
11134,0.01030874252319336
11135,0.006207942962646484
11136,0.006772756576538086
11137,0.0
11138,0.007809638977050781
11139,0.007648468017578125
11140,0.00632786750793457
11141,0.007530689239501953
11142,0.0007367134094238281
11143,0.007337093353271484
11144,0.007283687591552734
11145,0.005476474761962891
11146,0.0022482872009277344
11147,0.006772518157958984
11148,0.0052356719970703125
11149,0.0077054500579833984
11150,0.001192331314086914
11151,0.0071604251861572266
11152,0.004664182662963867
11153,0.0
11154,0.004462480545043945
11155,0.007598400115966797
11156,0.00788116455078125
11157,0.009971380233764648
11158,0.006944894790649414
11159,0.006494045257568359
11160,0.007894039154052734
11161,0.0011680126190185547
11162,0.006860256195068359
11163,0.007828235626220703
11164,0.005178928375244141
11165,0.00744318962097168
11166,0.0
11167,0.006127834320068359
11168,0.005198240280151367
11169,0.006103038787841797
11170,0.006872892379760742
11171,0.0011317729949951172
11172,0.006218671798706055
11173,0.004042625427246094
11174,0.006400585174560547
11175,0.008096456527709961
11176,0.0
11177,0.008310079574584961
11178,0.005518198013305664
11179,0.0
11180,0.004539966583251953
11181,0.006323337554931641
11182,0.0057184696197509766
11183,0.008626461029052734
11184,0.0
11185,0.0057032108306884766
11186,0.0037839412689208984
11187,0.006963253021240234
11188,0.005331754684448242
11189,0.0
11190,0.005340576171875
11191,0.002734661102294922
11192,0.007463693618774414
11193,0.00664067268371582
11194,0.006323814392089844
11195,0.0
11196,0.006310224533081055
11197,0.007779121398925781
11198,0.0008759498596191406
11199,0.0064623355865478516
11200,0.0082550048828125
11201,0.004502058029174805
11202,0.007365703582763672
11203,0.007431507110595703
11204,0.0
11205,0.006669521331787109
11206,0.007991313934326172
11207,0.0
11208,0.008124113082885742
11209,0.005492210388183594
11210,0.0
11211,0.005339384078979492
11212,0.007853031158447266
11213,0.007717132568359375
11214,0.0074350833892822266
11215,0.006303071975708008
11216,0.0063974857330322266
11217,0.006337165832519531
11218,0.005964517593383789
11219,0.001554727554321289
11220,0.0069446563720703125
11221,0.007442474365234375
11222,0.012104034423828125
11223,0.005522966384887695
11224,0.006615161895751953
11225,0.008354425430297852
11226,0.008062601089477539
11227,0.007323741912841797
11228,0.003906726837158203
11229,0.01061248779296875
11230,0.015459537506103516
11231,0.013629913330078125
11232,0.006315946578979492
11233,0.01259613037109375
11234,0.006116628646850586
11235,0.007653951644897461
11236,0.0069141387939453125
11237,0.009131431579589844
11238,0.006936788558959961
11239,0.003954172134399414
11240,0.005387067794799805
11241,0.0056896209716796875
11242,0.014208078384399414
11243,0.006994962692260742
11244,0.009116888046264648
11245,0.008846044540405273
11246,0.008209705352783203
11247,0.004660606384277344
11248,0.0073239803314208984
11249,0.014813899993896484
11250,0.008073568344116211
11251,0.011416196823120117
11252,0.01130986213684082
11253,0.009586811065673828
11254,0.011831045150756836
11255,0.00677943229675293
11256,0.012813806533813477
11257,0.007602214813232422
11258,0.007174253463745117
11259,0.010423660278320312
11260,0.01108551025390625
11261,0.011020660400390625
11262,0.010208845138549805
11263,0.006609201431274414
11264,0.008653640747070312
11265,0.007105112075805664
11266,0.00913691520690918
11267,0.008138895034790039
11268,0.005558013916015625
11269,0.008452177047729492
11270,0.006547212600708008
11271,0.006211996078491211
11272,0.013100862503051758
11273,0.010079383850097656
11274,0.01050424575805664
11275,0.008738279342651367
11276,0.0063021183013916016
11277,0.009661197662353516
11278,0.00997781753540039
11279,0.007126808166503906
11280,0.010183334350585938
11281,0.006201982498168945
11282,0.010134458541870117
11283,0.007604837417602539
11284,0.007952451705932617
11285,0.010885238647460938
11286,0.011060476303100586
11287,0.012295007705688477
11288,0.012289047241210938
11289,0.006818532943725586
11290,0.007910728454589844
11291,0.0062372684478759766
11292,0.01463770866394043
11293,0.005025386810302734
11294,0.009918451309204102
11295,0.008438825607299805
11296,0.007999897003173828
11297,0.010740518569946289
11298,0.012395381927490234
11299,0.006667375564575195
11300,0.0074307918548583984
11301,0.00968623161315918
11302,0.008347511291503906
11303,0.011589527130126953
11304,0.011383533477783203
11305,0.013626813888549805
11306,0.009746551513671875
11307,0.00962376594543457
11308,0.0062482357025146484
11309,0.014472246170043945
11310,0.012172222137451172
11311,0.009601354598999023
11312,0.014339208602905273
11313,0.005869865417480469
11314,0.005857229232788086
11315,0.012170076370239258
11316,0.013242244720458984
11317,0.013448715209960938
11318,0.014440298080444336
11319,0.0062482357025146484
11320,0.006911754608154297
11321,0.008281946182250977
11322,0.0070765018463134766
11323,0.014718770980834961
11324,0.00949406623840332
11325,0.008760452270507812
11326,0.0073087215423583984
11327,0.007597923278808594
11328,0.0048329830169677734
11329,0.007221698760986328
11330,0.008017539978027344
11331,0.006383419036865234
11332,0.007192134857177734
11333,0.014187335968017578
11334,0.007139921188354492
11335,0.01293492317199707
11336,0.006554841995239258
11337,0.0
11338,0.0068781375885009766
11339,0.0
11340,0.00536036491394043
11341,0.013905763626098633
11342,0.005336284637451172
11343,0.012916088104248047
11344,0.008159637451171875
11345,0.013328790664672852
11346,0.007131099700927734
11347,0.007668972015380859
11348,0.013730049133300781
11349,0.008462190628051758
11350,0.013613700866699219
11351,0.007621288299560547
11352,0.010160207748413086
11353,0.007441997528076172
11354,0.006273746490478516
11355,0.008055448532104492
11356,0.0034360885620117188
11357,0.022276639938354492
11358,0.007961511611938477
11359,0.0
11360,0.0060427188873291016
11361,0.006262302398681641
11362,0.0076634883880615234
11363,0.008066177368164062
11364,0.007268190383911133
11365,0.007406949996948242
11366,0.0068013668060302734
11367,0.013757944107055664
11368,0.013009071350097656
11369,0.014220714569091797
11370,0.01664566993713379
11371,0.012943744659423828
11372,0.006162881851196289
11373,0.008216142654418945
11374,0.005300045013427734
11375,0.005735874176025391
11376,0.009780406951904297
11377,0.01416468620300293
11378,0.013889789581298828
11379,0.011768102645874023
11380,0.011153936386108398
11381,0.010419368743896484
11382,0.005938053131103516
11383,0.00916910171508789
11384,0.007019758224487305
11385,0.008928775787353516
11386,0.006921529769897461
11387,0.00690150260925293
11388,0.006654977798461914
11389,0.005812644958496094
11390,0.007010459899902344
11391,0.007819414138793945
11392,0.007671833038330078
11393,0.013116836547851562
11394,0.007989645004272461
11395,0.007439136505126953
11396,0.008160591125488281
11397,0.00682830810546875
11398,0.006434917449951172
11399,0.007228374481201172
11400,0.009680747985839844
11401,0.007536411285400391
11402,0.004723072052001953
11403,0.005507707595825195
11404,0.005331754684448242
11405,0.008980035781860352
11406,0.011229276657104492
11407,0.011112213134765625
11408,0.007946491241455078
11409,0.007630586624145508
11410,0.007932662963867188
11411,0.014292716979980469
11412,0.006195068359375
11413,0.007491350173950195
11414,0.009568929672241211
11415,0.007518291473388672
11416,0.013369321823120117
11417,0.0006372928619384766
11418,0.007944822311401367
11419,0.006259918212890625
11420,0.006591320037841797
11421,0.006231784820556641
11422,0.006786823272705078
11423,0.006340503692626953
11424,0.008443832397460938
11425,0.006948709487915039
11426,0.007771730422973633
11427,0.007517337799072266
11428,0.007885456085205078
11429,0.005878925323486328
11430,0.007944345474243164
11431,0.0077435970306396484
11432,0.0065844058990478516
11433,0.007496356964111328
11434,0.008146524429321289
11435,0.007766246795654297
11436,0.006237506866455078
11437,0.007938385009765625
11438,0.00644230842590332
11439,0.0069391727447509766
11440,0.007720470428466797
11441,0.00647425651550293
11442,0.006252765655517578
11443,0.004141569137573242
11444,0.009790658950805664
11445,0.006549835205078125
11446,0.0065155029296875
11447,0.001689910888671875
11448,0.004957675933837891
11449,0.0
11450,0.006726741790771484
11451,0.006975412368774414
11452,0.00861048698425293
11453,0.0018284320831298828
11454,0.00849461555480957
11455,0.0062673091888427734
11456,0.00824880599975586
11457,0.012410640716552734
11458,0.007089853286743164
11459,0.0069887638092041016
11460,0.013440132141113281
11461,0.006716489791870117
11462,0.013303518295288086
11463,0.008046865463256836
11464,0.007870674133300781
11465,0.012339591979980469
11466,0.00938105583190918
11467,0.008673667907714844
11468,0.01465296745300293
11469,0.0207366943359375
11470,0.013072490692138672
11471,0.009981632232666016
11472,0.0063359737396240234
11473,0.009901046752929688
11474,0.006417989730834961
11475,0.006573915481567383
11476,0.012548685073852539
11477,0.0069887638092041016
11478,0.00654292106628418
11479,0.014180660247802734
11480,0.006026029586791992
11481,0.007273197174072266
11482,0.007238626480102539
11483,0.00855565071105957
11484,0.006615161895751953
11485,0.0073430538177490234
11486,0.006781101226806641
11487,0.0011265277862548828
11488,0.006098747253417969
11489,0.006390571594238281
11490,0.0015385150909423828
11491,0.006892681121826172
11492,0.006705045700073242
11493,0.0074977874755859375
11494,0.006552696228027344
11495,0.012171745300292969
11496,0.012584209442138672
11497,0.007508039474487305
11498,0.015649795532226562
11499,0.01340937614440918
11500,0.0008742809295654297
11501,0.006487369537353516
11502,0.00655674934387207
11503,0.006557464599609375
11504,0.006427288055419922
11505,0.007029056549072266
11506,0.005341768264770508
11507,0.012779474258422852
11508,0.011586189270019531
11509,0.006339550018310547
11510,0.0064504146575927734
11511,0.006822109222412109
11512,0.009116172790527344
11513,0.00715947151184082
11514,0.0069043636322021484
11515,0.005898475646972656
11516,0.006479740142822266
11517,0.008365869522094727
11518,0.0054738521575927734
11519,0.0066165924072265625
11520,0.004883766174316406
11521,0.006777524948120117
11522,0.005356311798095703
11523,0.008135557174682617
11524,0.009617090225219727
11525,0.008556365966796875
11526,0.0021200180053710938
11527,0.008982419967651367
11528,0.006757974624633789
11529,0.012072324752807617
11530,0.01211690902709961
11531,0.012199640274047852
11532,0.0
11533,0.013454675674438477
11534,0.01212167739868164
11535,0.010361671447753906
11536,0.004448890686035156
11537,0.0006082057952880859
11538,0.005125761032104492
11539,0.005964517593383789
11540,0.009339094161987305
11541,0.0058209896087646484
11542,0.006421089172363281
11543,0.01329660415649414
11544,0.008348941802978516
11545,0.008299827575683594
11546,0.006145477294921875
11547,0.014263391494750977
11548,0.0062558650970458984
11549,0.006681203842163086
11550,0.005663394927978516
11551,0.011158227920532227
11552,0.007061958312988281
11553,0.00755000114440918
11554,0.010302305221557617
11555,0.01317286491394043
11556,0.015863656997680664
11557,0.012544393539428711
11558,0.012117862701416016
11559,0.010280847549438477
11560,0.015169858932495117
11561,0.00714111328125
11562,0.009797811508178711
11563,0.006407737731933594
11564,0.007684946060180664
11565,0.008280515670776367
11566,0.013442039489746094
11567,0.006240367889404297
11568,0.0037937164306640625
11569,0.008112907409667969
11570,0.007025718688964844
11571,0.011114358901977539
11572,0.0067713260650634766
11573,0.0011441707611083984
11574,0.00522160530090332
11575,0.007035017013549805
11576,0.006651639938354492
11577,0.006394863128662109
11578,0.008270502090454102
11579,0.007678508758544922
11580,0.001611948013305664
11581,0.00662684440612793
11582,0.0053822994232177734
11583,0.005853891372680664
11584,0.006595611572265625
11585,0.01272726058959961
11586,0.00546574592590332
11587,0.008130073547363281
11588,0.005315542221069336
11589,0.007645368576049805
11590,0.010154008865356445
11591,0.003796100616455078
11592,0.006900310516357422
11593,0.0074541568756103516
11594,0.0
11595,0.0073130130767822266
11596,0.008180379867553711
11597,0.0
11598,0.007997751235961914
11599,0.004855155944824219
11600,0.007819175720214844
11601,0.0008842945098876953
11602,0.0077135562896728516
11603,0.01397252082824707
11604,0.006514072418212891
11605,0.012971878051757812
11606,0.006956815719604492
11607,0.0048410892486572266
11608,0.006448030471801758
11609,0.00803375244140625
11610,0.006124019622802734
11611,0.010164737701416016
11612,0.0020494461059570312
11613,0.010349512100219727
11614,0.007611274719238281
11615,0.010860681533813477
11616,0.011178731918334961
11617,0.008170127868652344
11618,0.012645483016967773
11619,0.006701469421386719
11620,0.013035774230957031
11621,0.01787424087524414
11622,0.017388582229614258
11623,0.01332545280456543
11624,0.005305051803588867
11625,0.005068540573120117
11626,0.005842447280883789
11627,0.010558366775512695
11628,0.006136655807495117
11629,0.006360769271850586
11630,0.008410930633544922
11631,0.008708953857421875
11632,0.00859832763671875
11633,0.008107185363769531
11634,0.006049394607543945
11635,0.007882833480834961
11636,0.012799263000488281
11637,0.0060923099517822266
11638,0.007726192474365234
11639,0.006896495819091797
11640,0.007212400436401367
11641,0.004471540451049805
11642,0.007225751876831055
11643,0.007078886032104492
11644,0.00739598274230957
11645,0.008606910705566406
11646,0.009774923324584961
11647,0.006960391998291016
11648,0.004744768142700195
11649,0.007957696914672852
11650,0.005768775939941406
11651,0.006520748138427734
11652,0.00724029541015625
11653,0.00647282600402832
11654,0.008169174194335938
11655,0.005914926528930664
11656,0.006439685821533203
11657,0.005776166915893555
11658,0.007557868957519531
11659,0.006951808929443359
11660,0.008951663970947266
11661,0.0067141056060791016
11662,0.008889198303222656
11663,0.006154537200927734
11664,0.008044958114624023
11665,0.011292457580566406
11666,0.007734537124633789
11667,0.00758814811706543
11668,0.009662866592407227
11669,0.00925302505493164
11670,0.005234241485595703
11671,0.009725093841552734
11672,0.013750553131103516
11673,0.013787269592285156
11674,0.006006002426147461
11675,0.008764028549194336
11676,0.008898019790649414
11677,0.007632017135620117
11678,0.008864641189575195
11679,0.006869077682495117
11680,0.00500035285949707
11681,0.007075071334838867
11682,0.008146047592163086
11683,0.012004375457763672
11684,0.008646726608276367
11685,0.0038573741912841797
11686,0.007606983184814453
11687,0.0071179866790771484
11688,0.01083683967590332
11689,0.004915714263916016
11690,0.0063762664794921875
11691,0.008654356002807617
11692,0.007306337356567383
11693,0.007622241973876953
11694,0.0
11695,0.013262748718261719
11696,0.004656314849853516
11697,0.0062808990478515625
11698,0.007346153259277344
11699,0.007737874984741211
11700,0.006764888763427734
11701,0.006636857986450195
11702,0.007402658462524414
11703,0.007308244705200195
11704,0.007451295852661133
11705,0.008252859115600586
11706,0.006190299987792969
11707,0.007670402526855469
11708,0.00585627555847168
11709,0.006458282470703125
11710,0.013385772705078125
11711,0.007203817367553711
11712,0.0074765682220458984
11713,0.0023450851440429688
11714,0.011870145797729492
11715,0.009235620498657227
11716,0.013704299926757812
11717,0.004778385162353516
11718,0.007410764694213867
11719,0.008846044540405273
11720,0.008107662200927734
11721,0.008107185363769531
11722,0.005270719528198242
11723,0.006877899169921875
11724,0.008675098419189453
11725,0.003848552703857422
11726,0.010904312133789062
11727,0.006779193878173828
11728,0.006406307220458984
11729,0.007215261459350586
11730,0.00783681869506836
11731,0.008251667022705078
11732,0.006998777389526367
11733,0.01324915885925293
11734,0.010509490966796875
11735,0.0069582462310791016
11736,0.007627725601196289
11737,0.006932735443115234
11738,0.009560108184814453
11739,0.010345697402954102
11740,0.006915569305419922
11741,0.0083770751953125
11742,0.010039329528808594
11743,0.0071485042572021484
11744,0.014190673828125
11745,0.010802984237670898
11746,0.0067903995513916016
11747,0.011296510696411133
11748,0.008625984191894531
11749,0.008022069931030273
11750,0.0076525211334228516
11751,0.007932186126708984
11752,0.01164555549621582
11753,0.0074405670166015625
11754,0.007932901382446289
11755,0.006539821624755859
11756,0.014165163040161133
11757,0.008070230484008789
11758,0.0075910091400146484
11759,0.012459754943847656
11760,0.010271787643432617
11761,0.006222724914550781
11762,0.012642860412597656
11763,0.0076787471771240234
11764,0.013689517974853516
11765,0.009289264678955078
11766,0.007415771484375
11767,0.0018591880798339844
11768,0.012416601181030273
11769,0.008268356323242188
11770,0.003937959671020508
11771,0.014726638793945312
11772,0.012346744537353516
11773,0.009924173355102539
11774,0.01281881332397461
11775,0.00838017463684082
11776,0.016089439392089844
11777,0.010089874267578125
11778,0.005978822708129883
11779,0.008413076400756836
11780,0.008855819702148438
11781,0.010657787322998047
11782,0.014291524887084961
11783,0.01057577133178711
11784,0.00795745849609375
11785,0.009966850280761719
11786,0.006818056106567383
11787,0.0081939697265625
11788,0.007349491119384766
11789,0.005788087844848633
11790,0.008871316909790039
11791,0.010576248168945312
11792,0.008237838745117188
11793,0.008717060089111328
11794,0.011060714721679688
11795,0.013914346694946289
11796,0.00913691520690918
11797,0.0067596435546875
11798,0.005911588668823242
11799,0.006194114685058594
11800,0.008956670761108398
11801,0.009986400604248047
11802,0.010530710220336914
11803,0.006477832794189453
11804,0.009432554244995117
11805,0.012156486511230469
11806,0.008523225784301758
11807,0.0070040225982666016
11808,0.004047870635986328
11809,0.006773471832275391
11810,0.008855342864990234
11811,0.00846242904663086
11812,0.008005142211914062
11813,0.01332712173461914
11814,0.010080099105834961
11815,0.005587577819824219
11816,0.008755922317504883
11817,0.007960319519042969
11818,0.008625507354736328
11819,0.009156227111816406
11820,0.005308866500854492
11821,0.006739139556884766
11822,0.0091552734375
11823,0.0068416595458984375
11824,0.005615711212158203
11825,0.012524127960205078
11826,0.0074329376220703125
11827,0.005627632141113281
11828,0.006376743316650391
11829,0.005281925201416016
11830,0.0037109851837158203
11831,0.006984233856201172
11832,0.004496574401855469
11833,0.007944345474243164
11834,0.009833097457885742
11835,0.005990266799926758
11836,0.008571147918701172
11837,0.012412786483764648
11838,0.005990505218505859
11839,0.004229307174682617
11840,0.008784055709838867
11841,0.01227116584777832
11842,0.010096311569213867
11843,0.00671696662902832
11844,0.007250547409057617
11845,0.009441137313842773
11846,0.006479978561401367
11847,0.0075757503509521484
11848,0.014770984649658203
11849,0.009786128997802734
11850,0.010004758834838867
11851,0.009657621383666992
11852,0.008110761642456055
11853,0.00566411018371582
11854,0.011019468307495117
11855,0.010694265365600586
11856,0.010556936264038086
11857,0.009187459945678711
11858,0.007957220077514648
11859,0.010308504104614258
11860,0.010983467102050781
11861,0.0083770751953125
11862,0.02991652488708496
11863,0.024415254592895508
11864,0.008201360702514648
11865,0.013372421264648438
11866,0.00821828842163086
11867,0.0068359375
11868,0.0026903152465820312
11869,0.009488344192504883
11870,0.007164716720581055
11871,0.008016824722290039
11872,0.008145809173583984
11873,0.010103464126586914
11874,0.0057561397552490234
11875,0.00814676284790039
11876,0.0
11877,0.0063822269439697266
11878,0.004702091217041016
11879,0.0031616687774658203
11880,0.00605010986328125
11881,0.012357711791992188
11882,0.008363962173461914
11883,0.004991054534912109
11884,0.0037674903869628906
11885,0.007039308547973633
11886,0.0020148754119873047
11887,0.0057888031005859375
11888,0.014766931533813477
11889,0.00603795051574707
11890,0.013563871383666992
11891,0.010770082473754883
11892,0.00720977783203125
11893,0.015813827514648438
11894,0.0130157470703125
11895,0.00998687744140625
11896,0.008436441421508789
11897,0.010256290435791016
11898,0.008117198944091797
11899,0.00831913948059082
11900,0.006402015686035156
11901,0.006227970123291016
11902,0.0
11903,0.005678892135620117
11904,0.00839853286743164
11905,0.008270025253295898
11906,0.01632380485534668
11907,0.010134458541870117
11908,0.015531063079833984
11909,0.015799999237060547
11910,0.008048534393310547
11911,0.006889820098876953
11912,0.007054328918457031
11913,0.012020111083984375
11914,0.012844562530517578
11915,0.008180379867553711
11916,0.011218070983886719
11917,0.007884740829467773
11918,0.010225534439086914
11919,0.00933694839477539
11920,0.0070645809173583984
11921,0.0060312747955322266
11922,0.008064031600952148
11923,0.007728099822998047
11924,0.008114099502563477
11925,0.0074346065521240234
11926,0.0
11927,0.007991552352905273
11928,0.008280038833618164
11929,0.005235433578491211
11930,0.008297920227050781
11931,0.00804758071899414
11932,0.0040242671966552734
11933,0.004598855972290039
11934,0.006963014602661133
11935,0.008097648620605469
11936,0.008040189743041992
11937,0.0070378780364990234
11938,0.007497549057006836
11939,0.010480880737304688
11940,0.006397247314453125
11941,0.0102081298828125
11942,0.00726771354675293
11943,0.009459257125854492
11944,0.008235454559326172
11945,0.007343769073486328
11946,0.007194042205810547
11947,0.006678104400634766
11948,0.006315469741821289
11949,0.006225109100341797
11950,0.007406949996948242
11951,0.008376598358154297
11952,0.007779836654663086
11953,0.003869771957397461
11954,0.013485193252563477
11955,0.005499839782714844
11956,0.0067598819732666016
11957,0.005868673324584961
11958,0.00725102424621582
11959,0.006414175033569336
11960,0.006247997283935547
11961,0.007731914520263672
11962,0.007951498031616211
11963,0.009121894836425781
11964,0.009592056274414062
11965,0.00664973258972168
11966,0.006882429122924805
11967,0.013303279876708984
11968,0.00991201400756836
11969,0.008641719818115234
11970,0.009833335876464844
11971,0.007447719573974609
11972,0.009525299072265625
11973,0.00671839714050293
11974,0.0037508010864257812
11975,0.0049664974212646484
11976,0.01291346549987793
11977,0.0054590702056884766
11978,0.005854368209838867
11979,0.010231494903564453
11980,0.01374959945678711
11981,0.011639833450317383
11982,0.0
11983,0.0068399906158447266
11984,0.019272804260253906
11985,0.006956577301025391
11986,0.013992786407470703
11987,0.007180929183959961
11988,0.009035348892211914
11989,0.007477283477783203
11990,0.009940147399902344
11991,0.003767251968383789
11992,0.008385896682739258
11993,0.010420560836791992
11994,0.0032761096954345703
11995,0.0011210441589355469
11996,0.002804994583129883
11997,0.0035102367401123047
11998,0.0
11999,0.003343820571899414
12000,0.006681203842163086
12001,0.009002923965454102
12002,0.004742145538330078
12003,0.0046405792236328125
12004,0.016279935836791992
12005,0.00699615478515625
12006,0.011469125747680664
12007,0.0
12008,0.0075778961181640625
12009,0.008751392364501953
12010,0.006703615188598633
12011,0.002954244613647461
12012,0.019223690032958984
12013,0.008499383926391602
12014,0.010489702224731445
12015,0.006836652755737305
12016,0.009421825408935547
12017,0.008529424667358398
12018,0.006889820098876953
12019,0.007185697555541992
12020,0.006838560104370117
12021,0.007009029388427734
12022,0.009523868560791016
12023,0.0
12024,0.007507801055908203
12025,0.007242679595947266
12026,0.0
12027,0.0064203739166259766
12028,0.007211923599243164
12029,0.006439924240112305
12030,0.006448030471801758
12031,0.009758710861206055
12032,0.008137226104736328
12033,0.0009050369262695312
12034,0.008087158203125
12035,0.0031681060791015625
12036,0.01072549819946289
12037,0.0
12038,0.006922245025634766
12039,0.009245872497558594
12040,0.012781620025634766
12041,0.010587453842163086
12042,0.008378744125366211
12043,0.006179094314575195
12044,0.0069675445556640625
12045,0.0
12046,0.007223844528198242
12047,0.011176586151123047
12048,0.0
12049,0.0
12050,0.015836477279663086
12051,0.016097545623779297
12052,0.015827178955078125
12053,0.0
12054,0.0
12055,0.0
12056,0.016035795211791992
12057,0.01581263542175293
12058,0.0
12059,0.005330324172973633
12060,0.0
12061,0.013387203216552734
12062,0.01613020896911621
12063,0.0
12064,0.005598783493041992
12065,0.006947994232177734
12066,0.0071926116943359375
12067,0.005960226058959961
12068,0.0
12069,0.0
12070,0.01658010482788086
12071,0.014885425567626953
12072,0.0
12073,0.006196737289428711
12074,0.0
12075,0.004849672317504883
12076,0.011370420455932617
12077,0.0
12078,0.0
12079,0.0
12080,0.016002893447875977
12081,0.0
12082,0.0
12083,0.0
12084,0.017822742462158203
12085,0.009795188903808594
12086,0.0
12087,0.005917787551879883
12088,0.010277986526489258
12089,0.00811147689819336
12090,0.007989645004272461
12091,0.007081270217895508
12092,0.011370658874511719
12093,0.007476806640625
12094,0.007367849349975586
12095,0.014540672302246094
12096,0.0052111148834228516
12097,0.0075130462646484375
12098,0.011398077011108398
12099,0.011543989181518555
12100,0.008142948150634766
12101,0.0012984275817871094
12102,0.002496004104614258
12103,0.012518167495727539
12104,0.008335113525390625
12105,0.008367538452148438
12106,0.0135345458984375
12107,0.008353948593139648
12108,0.005883455276489258
12109,0.005631446838378906
12110,0.008224964141845703
12111,0.005604267120361328
12112,0.01383662223815918
12113,0.005367279052734375
12114,0.00811147689819336
12115,0.004118442535400391
12116,0.007329463958740234
12117,0.009719610214233398
12118,0.010300636291503906
12119,0.008721351623535156
12120,0.010875463485717773
12121,0.007522106170654297
12122,0.006971120834350586
12123,0.006746053695678711
12124,0.006325483322143555
12125,0.007924556732177734
12126,0.0068206787109375
12127,0.006508350372314453
12128,0.006692409515380859
12129,0.007662296295166016
12130,0.010387897491455078
12131,0.014137029647827148
12132,0.0
12133,0.0070493221282958984
12134,0.013403177261352539
12135,0.0069904327392578125
12136,0.00635528564453125
12137,0.009191036224365234
12138,0.014143705368041992
12139,0.0
12140,0.0
12141,0.0
12142,0.016424894332885742
12143,0.008076667785644531
12144,0.008527517318725586
12145,0.0070002079010009766
12146,0.008882284164428711
12147,0.004788637161254883
12148,0.005296945571899414
12149,0.011488676071166992
12150,0.00854039192199707
12151,0.007906436920166016
12152,0.008002281188964844
12153,0.0060100555419921875
12154,0.009850502014160156
12155,0.01062917709350586
12156,0.007410526275634766
12157,0.01200103759765625
12158,0.008013010025024414
12159,0.002002716064453125
12160,0.008797883987426758
12161,0.013120174407958984
12162,0.0
12163,0.0
12164,0.0074291229248046875
12165,0.00864553451538086
12166,0.0
12167,0.006563901901245117
12168,0.0
12169,0.0
12170,0.015760421752929688
12171,0.015851259231567383
12172,0.0
12173,0.0
12174,0.01613926887512207
12175,0.0
12176,0.0
12177,0.0
12178,0.015895605087280273
12179,0.0
12180,0.0
12181,0.006672382354736328
12182,0.0
12183,0.01454305648803711
12184,0.0
12185,0.0
12186,0.016094446182250977
12187,0.015697956085205078
12188,0.012669563293457031
12189,0.0
12190,0.011826515197753906
12191,0.0
12192,0.0
12193,0.0
12194,0.01658010482788086
12195,0.0013532638549804688
12196,0.014362096786499023
12197,0.01592540740966797
12198,0.0
12199,0.015946388244628906
12200,0.015831708908081055
12201,0.0
12202,0.0
12203,0.0
12204,0.004032135009765625
12205,0.016987323760986328
12206,0.005658149719238281
12207,0.008205175399780273
12208,0.007195711135864258
12209,0.006740093231201172
12210,0.006700754165649414
12211,0.0071604251861572266
12212,0.008854866027832031
12213,0.012804269790649414
12214,0.008967399597167969
12215,0.003865957260131836
12216,0.007706165313720703
12217,0.007252216339111328
12218,0.006943702697753906
12219,0.004183292388916016
12220,0.008507013320922852
12221,0.010451078414916992
12222,0.0023734569549560547
12223,0.008121490478515625
12224,0.0065517425537109375
12225,0.00791788101196289
12226,0.010454177856445312
12227,0.008894681930541992
12228,0.00938868522644043
12229,0.011300325393676758
12230,0.006720066070556641
12231,0.006911277770996094
12232,0.008499860763549805
12233,0.005326509475708008
12234,0.010311365127563477
12235,0.011018991470336914
12236,0.010408401489257812
12237,0.007712364196777344
12238,0.00773167610168457
12239,0.010402679443359375
12240,0.008180379867553711
12241,0.009603738784790039
12242,0.012328863143920898
12243,0.007842302322387695
12244,0.007039308547973633
12245,0.004968881607055664
12246,0.0067827701568603516
12247,0.0067310333251953125
12248,0.006177425384521484
12249,0.008514642715454102
12250,0.012064695358276367
12251,0.0096282958984375
12252,0.0066986083984375
12253,0.010946035385131836
12254,0.008977890014648438
12255,0.012389898300170898
12256,0.009756088256835938
12257,0.01100301742553711
12258,0.010132312774658203
12259,0.005357265472412109
12260,0.00913691520690918
12261,0.008574247360229492
12262,0.008332014083862305
12263,0.008653879165649414
12264,0.010165929794311523
12265,0.00826263427734375
12266,0.008142232894897461
12267,0.005246877670288086
12268,0.005166769027709961
12269,0.008742332458496094
12270,0.00756382942199707
12271,0.010378599166870117
12272,0.006908416748046875
12273,0.009241580963134766
12274,0.0067102909088134766
12275,0.0080108642578125
12276,0.008474111557006836
12277,0.008119583129882812
12278,0.008962869644165039
12279,0.006608724594116211
12280,0.012554168701171875
12281,0.011635065078735352
12282,0.007452487945556641
12283,0.008372306823730469
12284,0.007558107376098633
12285,0.00858926773071289
12286,0.007474422454833984
12287,0.0071887969970703125
12288,0.0070781707763671875
12289,0.007607460021972656
12290,0.007349491119384766
12291,0.008286476135253906
12292,0.008439302444458008
12293,0.007642030715942383
12294,0.006668806076049805
12295,0.005929708480834961
12296,0.008496284484863281
12297,0.005141258239746094
12298,0.004706382751464844
12299,0.005559206008911133
12300,0.005637407302856445
12301,0.002009153366088867
12302,0.007956981658935547
12303,0.0037834644317626953
12304,0.010989189147949219
12305,0.011317729949951172
12306,0.0
12307,0.01221776008605957
12308,0.007447004318237305
12309,0.006445646286010742
12310,0.0057260990142822266
12311,0.005647420883178711
12312,0.010672569274902344
12313,0.008745431900024414
12314,0.008380889892578125
12315,0.007645606994628906
12316,0.00761723518371582
12317,0.007358551025390625
12318,0.0074465274810791016
12319,0.006528139114379883
12320,0.009144306182861328
12321,0.0075225830078125
12322,0.007557868957519531
12323,0.00852060317993164
12324,0.008488655090332031
12325,0.007544755935668945
12326,0.00998687744140625
12327,0.0058002471923828125
12328,0.01069331169128418
12329,0.007400989532470703
12330,0.008403301239013672
12331,0.006688356399536133
12332,0.007815837860107422
12333,0.008385419845581055
12334,0.006090879440307617
12335,0.005151033401489258
12336,0.004469871520996094
12337,0.006821870803833008
12338,0.0028607845306396484
12339,0.004261016845703125
12340,0.006384372711181641
12341,0.0016963481903076172
12342,0.008966207504272461
12343,0.005891323089599609
12344,0.0067806243896484375
12345,0.01134181022644043
12346,0.008250713348388672
12347,0.007825136184692383
12348,0.005011081695556641
12349,0.0053844451904296875
12350,0.007065296173095703
12351,0.006838083267211914
12352,0.005419492721557617
12353,0.006174802780151367
12354,0.008695602416992188
12355,0.007808208465576172
12356,0.010085105895996094
12357,0.011267423629760742
12358,0.010858535766601562
12359,0.00794363021850586
12360,0.004006862640380859
12361,0.007656574249267578
12362,0.007172107696533203
12363,0.0069735050201416016
12364,0.006218433380126953
12365,0.008346080780029297
12366,0.010179281234741211
12367,0.0060749053955078125
12368,0.008281230926513672
12369,0.008249998092651367
12370,0.007558107376098633
12371,0.00632166862487793
12372,0.0096893310546875
12373,0.005162715911865234
12374,0.008218526840209961
12375,0.005686283111572266
12376,0.005968332290649414
12377,0.006056547164916992
12378,0.0036029815673828125
12379,0.005561351776123047
12380,0.0026922225952148438
12381,0.00850820541381836
12382,0.007283926010131836
12383,0.003972530364990234
12384,0.006497859954833984
12385,0.01090550422668457
12386,0.013279914855957031
12387,0.009329080581665039
12388,0.007628679275512695
12389,0.006799221038818359
12390,0.010718107223510742
12391,0.010191679000854492
12392,0.006947994232177734
12393,0.005797386169433594
12394,0.0058362483978271484
12395,0.008297920227050781
12396,0.008015871047973633
12397,0.005934953689575195
12398,0.008786439895629883
12399,0.009137868881225586
12400,0.005703926086425781
12401,0.010642528533935547
12402,0.007605075836181641
12403,0.004349470138549805
12404,0.006322145462036133
12405,0.008744239807128906
12406,0.005646944046020508
12407,0.007592439651489258
12408,0.006499052047729492
12409,0.006585597991943359
12410,0.009205341339111328
12411,0.008939981460571289
12412,0.008214235305786133
12413,0.007894515991210938
12414,0.01098489761352539
12415,0.007573127746582031
12416,0.0051000118255615234
12417,0.006438493728637695
12418,0.009964227676391602
12419,0.00596928596496582
12420,0.00740361213684082
12421,0.009405374526977539
12422,0.004559755325317383
12423,0.0075778961181640625
12424,0.008284330368041992
12425,0.004124641418457031
12426,0.005418300628662109
12427,0.007359504699707031
12428,0.008166313171386719
12429,0.008394718170166016
12430,0.009612083435058594
12431,0.003657102584838867
12432,0.010162115097045898
12433,0.011749267578125
12434,0.007021427154541016
12435,0.015416622161865234
12436,0.009572744369506836
12437,0.006485700607299805
12438,0.0
12439,0.007036685943603516
12440,0.006058454513549805
12441,0.013735055923461914
12442,0.007955551147460938
12443,0.005693197250366211
12444,0.002703428268432617
12445,0.008790969848632812
12446,0.00742650032043457
12447,0.005859375
12448,0.008446455001831055
12449,0.008224248886108398
12450,0.004178047180175781
12451,0.0074579715728759766
12452,0.008905410766601562
12453,0.007168769836425781
12454,0.007620811462402344
12455,0.004604816436767578
12456,0.005887031555175781
12457,0.006731748580932617
12458,0.01110696792602539
12459,0.009412765502929688
12460,0.006001710891723633
12461,0.008117437362670898
12462,0.012888431549072266
12463,0.0059261322021484375
12464,0.008152008056640625
12465,0.006619691848754883
12466,0.008575677871704102
12467,0.00497126579284668
12468,0.010389089584350586
12469,0.010271787643432617
12470,0.007849931716918945
12471,0.006324291229248047
12472,0.00882101058959961
12473,0.005308866500854492
12474,0.021782636642456055
12475,0.011850833892822266
12476,0.013269662857055664
12477,0.0
12478,0.01732659339904785
12479,0.0
12480,0.0
12481,0.008402585983276367
12482,0.006027698516845703
12483,0.0032227039337158203
12484,0.008116006851196289
12485,0.00806879997253418
12486,0.005293846130371094
12487,0.00852823257446289
12488,0.00641632080078125
12489,0.010503053665161133
12490,0.0
12491,0.00972890853881836
12492,0.0057659149169921875
12493,0.0031778812408447266
12494,0.013141870498657227
12495,0.012613296508789062
12496,0.012415170669555664
12497,0.01490330696105957
12498,0.00848078727722168
12499,0.009685754776000977
12500,0.009441375732421875
12501,0.01656937599182129
12502,0.0
12503,0.009488105773925781
12504,0.008392572402954102
12505,0.007591962814331055
12506,0.007938861846923828
12507,0.0062255859375
12508,0.0032892227172851562
12509,0.00794672966003418
12510,0.0038824081420898438
12511,0.007957220077514648
12512,0.006746530532836914
12513,0.008157014846801758
12514,0.00461578369140625
12515,0.00809621810913086
12516,0.008250713348388672
12517,0.0057146549224853516
12518,0.006738901138305664
12519,0.00739741325378418
12520,0.0030050277709960938
12521,0.011455774307250977
12522,0.006554841995239258
12523,0.011265277862548828
12524,0.008977174758911133
12525,0.008455514907836914
12526,0.009130001068115234
12527,0.009423017501831055
12528,0.00770115852355957
12529,0.006747007369995117
12530,0.008143424987792969
12531,0.014184951782226562
12532,0.0028388500213623047
12533,0.009950876235961914
12534,0.007074117660522461
12535,0.013242959976196289
12536,0.0070798397064208984
12537,0.007988929748535156
12538,0.008101940155029297
12539,0.006455659866333008
12540,0.0094757080078125
12541,0.012745380401611328
12542,0.010303020477294922
12543,0.011630535125732422
12544,0.006091594696044922
12545,0.008973360061645508
12546,0.011713027954101562
12547,0.008081197738647461
12548,0.008169412612915039
12549,0.009997129440307617
12550,0.009380102157592773
12551,0.00868988037109375
12552,0.005153179168701172
12553,0.002160310745239258
12554,0.007906913757324219
12555,0.0065915584564208984
12556,0.003144502639770508
12557,0.005278110504150391
12558,0.00854039192199707
12559,0.007681369781494141
12560,0.0055582523345947266
12561,0.008150577545166016
12562,0.006017446517944336
12563,0.002343416213989258
12564,0.007966995239257812
12565,0.007375001907348633
12566,0.008210420608520508
12567,0.008400917053222656
12568,0.006212711334228516
12569,0.003435373306274414
12570,0.007727384567260742
12571,0.003979921340942383
12572,0.008466005325317383
12573,0.00793147087097168
12574,0.009128570556640625
12575,0.006207704544067383
12576,0.0
12577,0.008269309997558594
12578,0.007475852966308594
12579,0.005210161209106445
12580,0.007148265838623047
12581,0.006802797317504883
12582,0.012693643569946289
12583,0.008153200149536133
12584,0.006767749786376953
12585,0.007701873779296875
12586,0.005452156066894531
12587,0.007176876068115234
12588,0.008965730667114258
12589,0.010251045227050781
12590,0.010519027709960938
12591,0.011041879653930664
12592,0.007629871368408203
12593,0.004738330841064453
12594,0.009571075439453125
12595,0.0
12596,0.0046045780181884766
12597,0.006894588470458984
12598,0.01251363754272461
12599,0.006844520568847656
12600,0.007668256759643555
12601,0.008686065673828125
12602,0.00966954231262207
12603,0.00989389419555664
12604,0.007243156433105469
12605,0.008130788803100586
12606,0.009866714477539062
12607,0.0054454803466796875
12608,0.010220527648925781
12609,0.008187532424926758
12610,0.010362386703491211
12611,0.010212421417236328
12612,0.007249355316162109
12613,0.004761934280395508
12614,0.0048711299896240234
12615,0.005700826644897461
12616,0.010168075561523438
12617,0.007687807083129883
12618,0.009236574172973633
12619,0.015558481216430664
12620,0.013084888458251953
12621,0.011588096618652344
12622,0.012112617492675781
12623,0.0069162845611572266
12624,0.0048770904541015625
12625,0.006659984588623047
12626,0.009979009628295898
12627,0.007273674011230469
12628,0.006956577301025391
12629,0.00727081298828125
12630,0.0038597583770751953
12631,0.006580829620361328
12632,0.004719734191894531
12633,0.008427858352661133
12634,0.010016441345214844
12635,0.008747577667236328
12636,0.007429838180541992
12637,0.008720159530639648
12638,0.009471654891967773
12639,0.007915735244750977
12640,0.009171009063720703
12641,0.007740497589111328
12642,0.007802724838256836
12643,0.0058498382568359375
12644,0.007737874984741211
12645,0.008436918258666992
12646,0.008491277694702148
12647,0.006571769714355469
12648,0.007878303527832031
12649,0.007234811782836914
12650,0.009511470794677734
12651,0.006150484085083008
12652,0.006558656692504883
12653,0.01060628890991211
12654,0.011282682418823242
12655,0.007512569427490234
12656,0.008791685104370117
12657,0.008833646774291992
12658,0.00814962387084961
12659,0.007779359817504883
12660,0.009732246398925781
12661,0.011980295181274414
12662,0.006756782531738281
12663,0.004959583282470703
12664,0.007037639617919922
12665,0.011099815368652344
12666,0.007627964019775391
12667,0.007679462432861328
12668,0.007203340530395508
12669,0.011132240295410156
12670,0.009301900863647461
12671,0.00940251350402832
12672,0.014963865280151367
12673,0.011227607727050781
12674,0.0067234039306640625
12675,0.015079259872436523
12676,0.013356924057006836
12677,0.00787806510925293
12678,0.009238481521606445
12679,0.008157968521118164
12680,0.0125274658203125
12681,0.004655361175537109
12682,0.020593881607055664
12683,0.008873701095581055
12684,0.011477231979370117
12685,0.007891178131103516
12686,0.008717775344848633
12687,0.009551763534545898
12688,0.01266169548034668
12689,0.00796961784362793
12690,0.007215738296508789
12691,0.009018182754516602
12692,0.009216785430908203
12693,0.013501882553100586
12694,0.013455629348754883
12695,0.006784915924072266
12696,0.006791830062866211
12697,0.011417865753173828
12698,0.009238243103027344
12699,0.015242338180541992
12700,0.009670495986938477
12701,0.012582540512084961
12702,0.01086735725402832
12703,0.009058713912963867
12704,0.014934539794921875
12705,0.010488510131835938
12706,0.007100105285644531
12707,0.007607221603393555
12708,0.007819414138793945
12709,0.010189056396484375
12710,0.007768869400024414
12711,0.008098602294921875
12712,0.006454944610595703
12713,0.0
12714,0.012914896011352539
12715,0.018547773361206055
12716,0.012524843215942383
12717,0.00914764404296875
12718,0.01643967628479004
12719,0.007830381393432617
12720,0.0
12721,0.019319772720336914
12722,0.010078191757202148
12723,0.01691269874572754
12724,0.013475656509399414
12725,0.014264106750488281
12726,0.013434886932373047
12727,0.008084297180175781
12728,0.010068655014038086
12729,0.0
12730,0.01288294792175293
12731,0.0054776668548583984
12732,0.010615348815917969
12733,0.013101816177368164
12734,0.010087728500366211
12735,0.013613700866699219
12736,0.011104583740234375
12737,0.012213706970214844
12738,0.012161016464233398
12739,0.007036924362182617
12740,0.011871337890625
12741,0.011323690414428711
12742,0.008828401565551758
12743,0.010351181030273438
12744,0.010117053985595703
12745,0.011968374252319336
12746,0.011139869689941406
12747,0.010561227798461914
12748,0.010333776473999023
12749,0.01111912727355957
12750,0.009726762771606445
12751,0.011924028396606445
12752,0.013350248336791992
12753,0.00872945785522461
12754,0.012830495834350586
12755,0.010287284851074219
12756,0.0020203590393066406
12757,0.020089149475097656
12758,0.012027502059936523
12759,0.01253962516784668
12760,0.014969110488891602
12761,0.012267351150512695
12762,0.013169050216674805
12763,0.004296302795410156
12764,0.02052140235900879
12765,0.0
12766,0.01607537269592285
12767,0.02213454246520996
12768,0.012106895446777344
12769,0.013260126113891602
12770,0.011351585388183594
12771,0.02129530906677246
12772,0.012202978134155273
12773,0.010522603988647461
12774,0.009656667709350586
12775,0.0
12776,0.0
12777,0.02405691146850586
12778,0.0025446414947509766
12779,0.012311458587646484
12780,0.009923458099365234
12781,0.007819175720214844
12782,0.007200002670288086
12783,0.0060122013092041016
12784,0.02170252799987793
12785,0.009923696517944336
12786,0.008626937866210938
12787,0.013000965118408203
12788,0.011951446533203125
12789,0.008116483688354492
12790,0.011049032211303711
12791,0.015624761581420898
12792,0.0157620906829834
12793,0.009506464004516602
12794,0.008083343505859375
12795,0.009843587875366211
12796,0.012113809585571289
12797,0.010098695755004883
12798,0.011459827423095703
12799,0.0048389434814453125
12800,0.00888824462890625
12801,0.019188880920410156
12802,0.012205362319946289
12803,0.01009225845336914
12804,0.010885477066040039
12805,0.0069675445556640625
12806,0.00982809066772461
12807,0.008599042892456055
12808,0.01690673828125
12809,0.014343023300170898
12810,0.018919706344604492
12811,0.010068178176879883
12812,0.010105609893798828
12813,0.012144327163696289
12814,0.011557340621948242
12815,0.011191368103027344
12816,0.008390188217163086
12817,0.010129690170288086
12818,0.011115550994873047
12819,0.007897138595581055
12820,0.008594989776611328
12821,0.006293773651123047
12822,0.003993034362792969
12823,0.0
12824,0.016093015670776367
12825,0.023814916610717773
12826,0.014158010482788086
12827,0.005607128143310547
12828,0.0
12829,0.0
12830,0.015920400619506836
12831,0.01575756072998047
12832,0.0
12833,0.0
12834,0.015874385833740234
12835,0.008672714233398438
12836,0.01512598991394043
12837,0.0078046321868896484
12838,0.002900362014770508
12839,0.005778789520263672
12840,0.004037618637084961
12841,0.017384767532348633
12842,0.009510993957519531
12843,0.0
12844,0.0
12845,0.0
12846,0.0
12847,0.01219487190246582
12848,0.0
12849,0.02198195457458496
12850,0.014500617980957031
12851,0.0040476322174072266
12852,0.005654573440551758
12853,0.01030278205871582
12854,0.009845733642578125
12855,0.010612010955810547
12856,0.003530740737915039
12857,0.010805845260620117
12858,0.008934497833251953
12859,0.009550809860229492
12860,0.0017633438110351562
12861,0.008063554763793945
12862,0.012776374816894531
12863,0.010475635528564453
12864,0.009848356246948242
12865,0.008729219436645508
12866,0.006688356399536133
12867,0.006051540374755859
12868,0.012369632720947266
12869,0.015705108642578125
12870,0.012556791305541992
12871,0.01574873924255371
12872,0.008047819137573242
12873,0.0
12874,0.011829853057861328
12875,0.008083581924438477
12876,0.0
12877,0.014305353164672852
12878,0.011853933334350586
12879,0.011761665344238281
12880,0.013813018798828125
12881,0.013421773910522461
12882,0.01159048080444336
12883,0.011975526809692383
12884,0.013289213180541992
12885,0.010519742965698242
12886,0.011862039566040039
12887,0.011669397354125977
12888,0.006879091262817383
12889,0.005603790283203125
12890,0.0
12891,0.010091543197631836
12892,0.011258125305175781
12893,0.009530782699584961
12894,0.013930320739746094
12895,0.01053762435913086
12896,0.0
12897,0.0020041465759277344
12898,0.0
12899,0.0159912109375
12900,0.016573190689086914
12901,0.010735511779785156
12902,0.016064167022705078
12903,0.015974998474121094
12904,0.016143083572387695
12905,0.0
12906,0.013560771942138672
12907,0.008104562759399414
12908,0.01577019691467285
12909,0.011337757110595703
12910,0.0
12911,0.004640340805053711
12912,0.008785724639892578
12913,0.015864133834838867
12914,0.005257129669189453
12915,0.020220518112182617
12916,0.005889177322387695
12917,0.013243913650512695
12918,0.013831377029418945
12919,0.016103029251098633
12920,0.016118764877319336
12921,0.0
12922,0.0066072940826416016
12923,0.0
12924,0.007847070693969727
12925,0.009592056274414062
12926,0.01208186149597168
12927,0.005857944488525391
12928,0.013403892517089844
12929,0.008744955062866211
12930,0.0
12931,0.0
12932,0.01687335968017578
12933,0.02083897590637207
12934,0.009803295135498047
12935,0.016456127166748047
12936,0.008896112442016602
12937,0.01791214942932129
12938,0.010220766067504883
12939,0.007137775421142578
12940,0.008080244064331055
12941,0.014891862869262695
12942,0.0
12943,0.016278982162475586
12944,0.015347957611083984
12945,0.011428117752075195
12946,0.01622152328491211
12947,0.02053380012512207
12948,0.004047870635986328
12949,0.011085748672485352
12950,0.0
12951,0.011991262435913086
12952,0.012193918228149414
12953,0.0078122615814208984
12954,0.02034282684326172
12955,0.012056827545166016
12956,0.013200044631958008
12957,0.015808582305908203
12958,0.01609182357788086
12959,0.0
12960,0.0
12961,0.015272140502929688
12962,0.014173030853271484
12963,0.015552282333374023
12964,0.012726783752441406
12965,0.02210068702697754
12966,0.013904094696044922
12967,0.010684013366699219
12968,0.0
12969,0.016187429428100586
12970,0.01705026626586914
12971,0.011918783187866211
12972,0.009937047958374023
12973,0.009764671325683594
12974,0.011284351348876953
12975,0.01160120964050293
12976,0.006610393524169922
12977,0.014078378677368164
12978,0.009642601013183594
12979,0.013886213302612305
12980,0.01564502716064453
12981,0.009964942932128906
12982,0.008486509323120117
12983,0.01607036590576172
12984,0.01622486114501953
12985,0.0
12986,0.011767387390136719
12987,0.0045583248138427734
12988,0.0
12989,0.0
12990,0.0
12991,0.0
12992,0.0060520172119140625
12993,0.0055806636810302734
12994,0.01398777961730957
12995,0.008073568344116211
12996,0.012948751449584961
12997,0.0
12998,0.0
12999,0.026787757873535156
13000,0.012895822525024414
13001,0.01598358154296875
13002,0.00032210350036621094
13003,0.015920400619506836
13004,0.02384352684020996
13005,0.009103775024414062
13006,0.015200138092041016
13007,0.0
13008,0.0
13009,0.016161203384399414
13010,0.015125751495361328
13011,0.011895179748535156
13012,0.014007091522216797
13013,0.011349916458129883
13014,0.011131763458251953
13015,0.01341557502746582
13016,0.008408308029174805
13017,0.015860795974731445
13018,0.01596212387084961
13019,0.020429134368896484
13020,0.0023679733276367188
13021,0.008445501327514648
13022,0.0008907318115234375
13023,0.016282320022583008
13024,0.009276151657104492
13025,0.015237092971801758
13026,0.0
13027,0.005278348922729492
13028,0.0
13029,0.0
13030,0.016068220138549805
13031,0.018520832061767578
13032,0.009603023529052734
13033,0.0
13034,0.0
13035,0.015955209732055664
13036,0.01874375343322754
13037,0.009345054626464844
13038,0.009922981262207031
13039,0.013113975524902344
13040,0.009529352188110352
13041,0.0012259483337402344
13042,0.013215065002441406
13043,0.009936332702636719
13044,0.0
13045,0.011384963989257812
13046,0.009175300598144531
13047,0.00878000259399414
13048,0.0020182132720947266
13049,0.002762317657470703
13050,0.003743886947631836
13051,0.0
13052,0.009595632553100586
13053,0.0
13054,0.0
13055,0.004236698150634766
13056,0.019492626190185547
13057,0.0
13058,0.00793600082397461
13059,0.0022742748260498047
13060,0.018680810928344727
13061,0.016436100006103516
13062,0.015524864196777344
13063,0.0
13064,0.014195442199707031
13065,0.015738487243652344
13066,0.011384010314941406
13067,0.0
13068,0.015687227249145508
13069,0.002462625503540039
13070,0.0
13071,0.018404483795166016
13072,0.0
13073,0.015532493591308594
13074,0.01622629165649414
13075,0.011194944381713867
13076,0.010307550430297852
13077,0.0085296630859375
13078,0.009227752685546875
13079,0.009373188018798828
13080,0.00807952880859375
13081,0.006524085998535156
13082,0.00943446159362793
13083,0.009852170944213867
13084,0.007791757583618164
13085,0.007803916931152344
13086,0.012099981307983398
13087,0.009940147399902344
13088,0.006542682647705078
13089,0.010123968124389648
13090,0.01011967658996582
13091,0.00838470458984375
13092,0.014161109924316406
13093,0.00782632827758789
13094,0.006567716598510742
13095,0.011130332946777344
13096,0.009573936462402344
13097,0.004113435745239258
13098,0.011213064193725586
13099,0.007674694061279297
13100,0.006035566329956055
13101,0.008303403854370117
13102,0.0060520172119140625
13103,0.007885932922363281
13104,0.007600307464599609
13105,0.007830381393432617
13106,0.008088350296020508
13107,0.006086111068725586
13108,0.0075147151947021484
13109,0.006058931350708008
13110,0.0058231353759765625
13111,0.009835958480834961
13112,0.00993490219116211
13113,0.01011347770690918
13114,0.012127876281738281
13115,0.014081478118896484
13116,0.009865999221801758
13117,0.007835149765014648
13118,0.007832050323486328
13119,0.008086442947387695
13120,0.008086204528808594
13121,0.009079933166503906
13122,0.009853839874267578
13123,0.007746696472167969
13124,0.007896900177001953
13125,0.009855031967163086
13126,0.005807399749755859
13127,0.007838964462280273
13128,0.009274959564208984
13129,0.01178431510925293
13130,0.009166955947875977
13131,0.011895179748535156
13132,0.011153459548950195
13133,0.012076854705810547
13134,0.013051271438598633
13135,0.008894681930541992
13136,0.009802579879760742
13137,0.00908350944519043
13138,0.008788108825683594
13139,0.010625839233398438
13140,0.010223388671875
13141,0.0072023868560791016
13142,0.00773167610168457
13143,0.007491350173950195
13144,0.010711669921875
13145,0.006054401397705078
13146,0.007644176483154297
13147,0.005222320556640625
13148,0.004818439483642578
13149,0.0
13150,0.009603738784790039
13151,0.008648157119750977
13152,0.012746095657348633
13153,0.00889134407043457
13154,0.003442049026489258
13155,0.012214422225952148
13156,0.0
13157,0.0
13158,0.007791757583618164
13159,0.005564689636230469
13160,0.010038137435913086
13161,0.0
13162,0.00806117057800293
13163,0.012273788452148438
13164,0.00946354866027832
13165,0.008574247360229492
13166,0.01153421401977539
13167,0.00788426399230957
13168,0.008144378662109375
13169,0.005094051361083984
13170,0.0051097869873046875
13171,0.009598970413208008
13172,0.007818460464477539
13173,0.00787663459777832
13174,0.00983881950378418
13175,0.008943557739257812
13176,0.006411075592041016
13177,0.010099411010742188
13178,0.0
13179,0.01584482192993164
13180,0.012232065200805664
13181,0.00816035270690918
13182,0.004044055938720703
13183,0.008348226547241211
13184,0.012027978897094727
13185,0.011774063110351562
13186,0.011191844940185547
13187,0.007012605667114258
13188,0.008384466171264648
13189,0.012681245803833008
13190,0.007944822311401367
13191,0.006894350051879883
13192,0.009864091873168945
13193,0.014350652694702148
13194,0.0
13195,0.015163421630859375
13196,0.012680530548095703
13197,0.010894536972045898
13198,0.012785196304321289
13199,0.005053281784057617
13200,0.00403594970703125
13201,0.006059408187866211
13202,0.006765604019165039
13203,0.008079290390014648
13204,0.007824420928955078
13205,0.007814168930053711
13206,0.009288549423217773
13207,0.006051301956176758
13208,0.0021736621856689453
13209,0.00986170768737793
13210,0.009324073791503906
13211,0.006744384765625
13212,0.012586355209350586
13213,0.0
13214,0.004046201705932617
13215,0.011642932891845703
13216,0.01952505111694336
13217,0.008472919464111328
13218,0.009795188903808594
13219,0.003531217575073242
13220,0.006069660186767578
13221,0.006966590881347656
13222,0.0049970149993896484
13223,0.015143871307373047
13224,0.0058019161224365234
13225,0.016139507293701172
13226,0.0020263195037841797
13227,0.0076122283935546875
13228,0.008506298065185547
13229,0.012330055236816406
13230,0.008832931518554688
13231,0.010002851486206055
13232,0.007940292358398438
13233,0.004037618637084961
13234,0.00652766227722168
13235,0.009036540985107422
13236,0.012328386306762695
13237,0.008946418762207031
13238,0.008655786514282227
13239,0.007737636566162109
13240,0.013933897018432617
13241,0.006040811538696289
13242,0.02376246452331543
13243,0.004039764404296875
13244,0.013238668441772461
13245,0.0
13246,0.009461641311645508
13247,0.013078451156616211
13248,0.012200355529785156
13249,0.01116633415222168
13250,0.006337165832519531
13251,0.008028030395507812
13252,0.006968975067138672
13253,0.007103443145751953
13254,0.006946086883544922
13255,0.0059070587158203125
13256,0.007056713104248047
13257,0.011387348175048828
13258,0.009688377380371094
13259,0.007605314254760742
13260,0.007674217224121094
13261,0.006511688232421875
13262,0.008655786514282227
13263,0.006178855895996094
13264,0.013500213623046875
13265,0.007085084915161133
13266,0.008974790573120117
13267,0.012817859649658203
13268,0.00731968879699707
13269,0.005842685699462891
13270,0.005552530288696289
13271,0.014323949813842773
13272,0.008008718490600586
13273,0.007256269454956055
13274,0.013958930969238281
13275,0.007780551910400391
13276,0.013226509094238281
13277,0.00946807861328125
13278,0.017236948013305664
13279,0.010715007781982422
13280,0.008188009262084961
13281,0.009367704391479492
13282,0.01343846321105957
13283,0.007594585418701172
13284,0.008712053298950195
13285,0.00664830207824707
13286,0.007342815399169922
13287,0.007165670394897461
13288,0.006978511810302734
13289,0.008022546768188477
13290,0.011712312698364258
13291,0.00927424430847168
13292,0.00994563102722168
13293,0.01447296142578125
13294,0.009425878524780273
13295,0.014176368713378906
13296,0.005666971206665039
13297,0.005469083786010742
13298,0.012407779693603516
13299,0.008795022964477539
13300,0.010730266571044922
13301,0.003472566604614258
13302,0.005021333694458008
13303,0.006501913070678711
13304,0.006594181060791016
13305,0.0072784423828125
13306,0.013058662414550781
13307,0.013850688934326172
13308,0.006568193435668945
13309,0.006737470626831055
13310,0.01303720474243164
13311,0.00806427001953125
13312,0.01899099349975586
13313,0.012566566467285156
13314,0.0072748661041259766
13315,0.00769495964050293
13316,0.006312370300292969
13317,0.00599217414855957
13318,0.013064384460449219
13319,0.0077707767486572266
13320,0.011456727981567383
13321,0.013566017150878906
13322,0.01018834114074707
13323,0.0060482025146484375
13324,0.0118408203125
13325,0.008182287216186523
13326,0.006554841995239258
13327,0.006502628326416016
13328,0.0003590583801269531
13329,0.006947040557861328
13330,0.007714509963989258
13331,0.008103370666503906
13332,0.0064487457275390625
13333,0.011522531509399414
13334,0.005765199661254883
13335,0.008136272430419922
13336,0.005236387252807617
13337,0.0069887638092041016
13338,0.008123636245727539
13339,0.012799978256225586
13340,0.008312702178955078
13341,0.006246328353881836
13342,0.005956172943115234
13343,0.004619121551513672
13344,0.007965087890625
13345,0.007620096206665039
13346,0.0063173770904541016
13347,0.007225751876831055
13348,0.012250423431396484
13349,0.001157999038696289
13350,0.007845640182495117
13351,0.006566047668457031
13352,0.0058135986328125
13353,0.012804985046386719
13354,0.007829904556274414
13355,0.010359764099121094
13356,0.01259613037109375
13357,0.013825178146362305
13358,0.008197784423828125
13359,0.008070945739746094
13360,0.007570505142211914
13361,0.006512880325317383
13362,0.006888628005981445
13363,0.014238834381103516
13364,0.008144378662109375
13365,0.008328914642333984
13366,0.006517171859741211
13367,0.005186796188354492
13368,0.0
13369,0.005404949188232422
13370,0.007451534271240234
13371,0.0010712146759033203
13372,0.0064547061920166016
13373,0.005766153335571289
13374,0.007925033569335938
13375,0.0071179866790771484
13376,0.01304173469543457
13377,0.007108211517333984
13378,0.007709026336669922
13379,0.007271528244018555
13380,0.007870912551879883
13381,0.013027191162109375
13382,0.0072710514068603516
13383,0.007588863372802734
13384,0.013890981674194336
13385,0.014307498931884766
13386,0.012408733367919922
13387,0.009541034698486328
13388,0.012995004653930664
13389,0.0011677742004394531
13390,0.012471199035644531
13391,0.01289987564086914
13392,0.006769418716430664
13393,0.012553930282592773
13394,0.0067594051361083984
13395,0.0064470767974853516
13396,0.016068458557128906
13397,0.011439800262451172
13398,0.012843132019042969
13399,0.013206243515014648
13400,0.005836009979248047
13401,0.010993719100952148
13402,0.013663530349731445
13403,0.013936042785644531
13404,0.011816263198852539
13405,0.012728691101074219
13406,0.010766267776489258
13407,0.010878562927246094
13408,0.012003421783447266
13409,0.008324861526489258
13410,0.011250734329223633
13411,0.006601572036743164
13412,0.0148468017578125
13413,0.007718086242675781
13414,0.00827336311340332
13415,0.015300512313842773
13416,0.010236740112304688
13417,0.006737709045410156
13418,0.01470947265625
13419,0.014095306396484375
13420,0.012903451919555664
13421,0.004148721694946289
13422,0.013624429702758789
13423,0.006560802459716797
13424,0.008327007293701172
13425,0.0
13426,0.007281303405761719
13427,0.006107330322265625
13428,0.007645606994628906
13429,0.007775068283081055
13430,0.007386445999145508
13431,0.007218360900878906
13432,0.00650477409362793
13433,0.014380216598510742
13434,0.008016109466552734
13435,0.01588296890258789
13436,0.010308980941772461
13437,0.009434938430786133
13438,0.006056070327758789
13439,0.007961273193359375
13440,0.007413625717163086
13441,0.00832366943359375
13442,0.00926661491394043
13443,0.0073909759521484375
13444,0.009818315505981445
13445,0.0036029815673828125
13446,0.007882833480834961
13447,0.006443977355957031
13448,0.006907939910888672
13449,0.005577802658081055
13450,0.00811004638671875
13451,0.006138801574707031
13452,0.006315708160400391
13453,0.006988048553466797
13454,0.008017539978027344
13455,0.00640106201171875
13456,0.00809621810913086
13457,0.00509333610534668
13458,0.0067026615142822266
13459,0.0072710514068603516
13460,0.007834196090698242
13461,0.011004209518432617
13462,0.005188465118408203
13463,0.0
13464,0.00528264045715332
13465,0.007432460784912109
13466,0.01677727699279785
13467,0.009103775024414062
13468,0.008752584457397461
13469,0.00746917724609375
13470,0.007604837417602539
13471,0.0075647830963134766
13472,0.007564067840576172
13473,0.0065765380859375
13474,0.008220672607421875
13475,0.008827924728393555
13476,0.006670951843261719
13477,0.005722761154174805
13478,0.012290716171264648
13479,0.012451648712158203
13480,0.013655424118041992
13481,0.011042594909667969
13482,0.010065317153930664
13483,0.007841825485229492
13484,0.007314443588256836
13485,0.006363391876220703
13486,0.01262354850769043
13487,0.009904861450195312
13488,0.006521940231323242
13489,0.010494709014892578
13490,0.01222681999206543
13491,0.008529901504516602
13492,0.007158041000366211
13493,0.012955427169799805
13494,0.00801229476928711
13495,0.014635086059570312
13496,0.007513284683227539
13497,0.0067899227142333984
13498,0.012715578079223633
13499,0.010022640228271484
13500,0.012911558151245117
13501,0.00789952278137207
13502,0.007921457290649414
13503,0.0066564083099365234
13504,0.015712261199951172
13505,0.009996414184570312
13506,0.01299595832824707
13507,0.005721092224121094
13508,0.006684541702270508
13509,0.008448600769042969
13510,0.012836217880249023
13511,0.012500286102294922
13512,0.007611751556396484
13513,0.005762338638305664
13514,0.0
13515,0.006852149963378906
13516,0.001077413558959961
13517,0.006903171539306641
13518,0.00767970085144043
13519,0.006654977798461914
13520,0.006620645523071289
13521,0.0061359405517578125
13522,0.006451129913330078
13523,0.0008029937744140625
13524,0.007704973220825195
13525,0.006650447845458984
13526,0.006525754928588867
13527,0.008228778839111328
13528,0.0
13529,0.007913351058959961
13530,0.005336284637451172
13531,0.006391048431396484
13532,0.006134986877441406
13533,0.007968425750732422
13534,0.006352663040161133
13535,0.0062868595123291016
13536,0.008522510528564453
13537,0.008528470993041992
13538,0.006604194641113281
13539,0.008230209350585938
13540,0.0
13541,0.02249932289123535
13542,0.007509946823120117
13543,0.01467442512512207
13544,0.006137847900390625
13545,0.006368875503540039
13546,0.014093875885009766
13547,0.013704061508178711
13548,0.008506059646606445
13549,0.008118629455566406
13550,0.007391214370727539
13551,0.006540536880493164
13552,0.005676746368408203
13553,0.006499052047729492
13554,0.006577968597412109
13555,0.007230043411254883
13556,0.007699251174926758
13557,0.006353855133056641
13558,0.013105392456054688
13559,0.0070836544036865234
13560,0.0053637027740478516
13561,0.00841975212097168
13562,0.006697177886962891
13563,0.006531715393066406
13564,0.005863189697265625
13565,0.007777690887451172
13566,0.005967378616333008
13567,0.007293224334716797
13568,0.0
13569,0.00803685188293457
13570,0.0064656734466552734
13571,0.007578849792480469
13572,0.01269078254699707
13573,0.012837648391723633
13574,0.007083892822265625
13575,0.013478517532348633
13576,0.0
13577,0.02373027801513672
13578,0.012679815292358398
13579,0.008240699768066406
13580,0.007079124450683594
13581,0.014544486999511719
13582,0.001230001449584961
13583,0.007771730422973633
13584,0.007678508758544922
13585,0.013745546340942383
13586,0.003818988800048828
13587,0.009280681610107422
13588,0.006537199020385742
13589,0.01356959342956543
13590,0.007884025573730469
13591,0.007527828216552734
13592,0.006179094314575195
13593,0.007536172866821289
13594,0.006465911865234375
13595,0.008154630661010742
13596,0.008106708526611328
13597,0.008314371109008789
13598,0.018601179122924805
13599,0.005932807922363281
13600,0.0012149810791015625
13601,0.007357120513916016
13602,0.0007288455963134766
13603,0.007416248321533203
13604,0.0074388980865478516
13605,0.007826566696166992
13606,0.008432865142822266
13607,0.006855964660644531
13608,0.007854938507080078
13609,0.00796961784362793
13610,0.006669044494628906
13611,0.012602806091308594
13612,0.012418985366821289
13613,0.005995512008666992
13614,0.008203983306884766
13615,0.007002830505371094
13616,0.007373809814453125
13617,0.015218257904052734
13618,0.005613088607788086
13619,0.015185832977294922
13620,0.010836362838745117
13621,0.0064890384674072266
13622,0.013344764709472656
13623,0.00727391242980957
13624,0.013818502426147461
13625,0.007146358489990234
13626,0.0009834766387939453
13627,0.00734710693359375
13628,0.012611627578735352
13629,0.010380029678344727
13630,0.01474905014038086
13631,0.007370948791503906
13632,0.013933658599853516
13633,0.006162166595458984
13634,0.006933927536010742
13635,0.014903068542480469
13636,0.007771492004394531
13637,0.012577533721923828
13638,0.007360696792602539
13639,0.013228654861450195
13640,0.007384777069091797
13641,0.014283180236816406
13642,0.00827932357788086
13643,0.00863790512084961
13644,0.013178348541259766
13645,0.008152961730957031
13646,0.006890296936035156
13647,0.01349782943725586
13648,0.008849382400512695
13649,0.0013511180877685547
13650,0.015874624252319336
13651,0.006773710250854492
13652,0.013806343078613281
13653,0.00749969482421875
13654,0.014643192291259766
13655,0.013021707534790039
13656,0.00818324089050293
13657,0.01003408432006836
13658,0.008131980895996094
13659,0.011513710021972656
13660,0.012667417526245117
13661,0.007231712341308594
13662,0.00527191162109375
13663,0.006305694580078125
13664,0.012353897094726562
13665,0.007358551025390625
13666,0.007070302963256836
13667,0.006245851516723633
13668,0.011397361755371094
13669,0.008608102798461914
13670,0.011339187622070312
13671,0.01381993293762207
13672,0.006737709045410156
13673,0.0065729618072509766
13674,0.005912303924560547
13675,0.004015445709228516
13676,0.007322549819946289
13677,0.005769491195678711
13678,0.018291473388671875
13679,0.01167750358581543
13680,0.006028175354003906
13681,0.00742340087890625
13682,0.007366180419921875
13683,0.0
13684,0.006688356399536133
13685,0.006874561309814453
13686,0.0068051815032958984
13687,0.01219034194946289
13688,0.007927179336547852
13689,0.012578248977661133
13690,0.012967586517333984
13691,0.0068471431732177734
13692,0.013085365295410156
13693,0.00594329833984375
13694,0.0
13695,0.006872892379760742
13696,0.0
13697,0.00541234016418457
13698,0.0045719146728515625
13699,0.006824493408203125
13700,0.0078008174896240234
13701,0.013657093048095703
13702,0.01391148567199707
13703,0.007382631301879883
13704,0.013498783111572266
13705,0.013312578201293945
13706,0.00803518295288086
13707,0.00503087043762207
13708,0.00777125358581543
13709,0.0075337886810302734
13710,0.012795448303222656
13711,0.011482715606689453
13712,0.008602619171142578
13713,0.007017612457275391
13714,0.0074617862701416016
13715,0.0062482357025146484
13716,0.008028984069824219
13717,0.006252288818359375
13718,0.006894350051879883
13719,0.005975246429443359
13720,0.0075299739837646484
13721,0.006822824478149414
13722,0.00606846809387207
13723,0.004045248031616211
13724,0.008424758911132812
13725,0.007706880569458008
13726,0.01410818099975586
13727,0.00855565071105957
13728,0.010622978210449219
13729,0.012999773025512695
13730,0.014426231384277344
13731,0.007851600646972656
13732,0.005799055099487305
13733,0.006949663162231445
13734,0.00812077522277832
13735,0.00746917724609375
13736,0.001138448715209961
13737,0.006447315216064453
13738,0.0011203289031982422
13739,0.00631260871887207
13740,0.008064985275268555
13741,0.013070821762084961
13742,0.008015632629394531
13743,0.00471949577331543
13744,0.0
13745,0.006241798400878906
13746,0.0003478527069091797
13747,0.006193637847900391
13748,0.007038593292236328
13749,0.006559133529663086
13750,0.012979745864868164
13751,0.008365392684936523
13752,0.013271808624267578
13753,0.00668644905090332
13754,0.014410972595214844
13755,0.006869792938232422
13756,0.009349584579467773
13757,0.007736921310424805
13758,0.01238393783569336
13759,0.012491941452026367
13760,0.006488323211669922
13761,0.006502389907836914
13762,0.00908970832824707
13763,0.00688624382019043
13764,0.013555765151977539
13765,0.005941629409790039
13766,0.007451057434082031
13767,0.0
13768,0.007475137710571289
13769,0.0009489059448242188
13770,0.007889747619628906
13771,0.004612922668457031
13772,0.00767827033996582
13773,0.0009295940399169922
13774,0.006724357604980469
13775,0.0077474117279052734
13776,0.014078378677368164
13777,0.007773160934448242
13778,0.008026838302612305
13779,0.008048295974731445
13780,0.01095271110534668
13781,0.007921695709228516
13782,0.008932828903198242
13783,0.005940914154052734
13784,0.013769149780273438
13785,0.01887989044189453
13786,0.008768796920776367
13787,0.013840436935424805
13788,0.012645959854125977
13789,0.013808488845825195
13790,0.012392520904541016
13791,0.009703874588012695
13792,0.007627010345458984
13793,0.014295339584350586
13794,0.00761103630065918
13795,0.01116633415222168
13796,0.01351022720336914
13797,0.01465916633605957
13798,0.007546186447143555
13799,0.007595539093017578
13800,0.011513471603393555
13801,0.004194736480712891
13802,0.013545989990234375
13803,0.014091014862060547
13804,0.01298069953918457
13805,0.012305974960327148
13806,0.008736848831176758
13807,0.019478559494018555
13808,0.013337135314941406
13809,0.004969596862792969
13810,0.00970768928527832
13811,0.0061075687408447266
13812,0.007402181625366211
13813,0.006786346435546875
13814,0.0065310001373291016
13815,0.005807161331176758
13816,0.007124900817871094
13817,0.007508754730224609
13818,0.012432098388671875
13819,0.006632328033447266
13820,0.007697582244873047
13821,0.012738943099975586
13822,0.013754129409790039
13823,0.007563114166259766
13824,0.014554262161254883
13825,0.0038709640502929688
13826,0.008217096328735352
13827,0.007149934768676758
13828,0.007411003112792969
13829,0.006909847259521484
13830,0.00923919677734375
13831,0.0061724185943603516
13832,0.006240129470825195
13833,0.012651443481445312
13834,0.0075876712799072266
13835,0.01370549201965332
13836,0.013333559036254883
13837,0.007669925689697266
13838,0.014286279678344727
13839,0.013128280639648438
13840,0.006301403045654297
13841,0.008616447448730469
13842,0.003934621810913086
13843,0.012980461120605469
13844,0.013984441757202148
13845,0.011666297912597656
13846,0.008345603942871094
13847,0.01432347297668457
13848,0.00543975830078125
13849,0.013509273529052734
13850,0.012998342514038086
13851,0.007955074310302734
13852,0.007299900054931641
13853,0.00571894645690918
13854,0.0039920806884765625
13855,0.01346135139465332
13856,0.015326738357543945
13857,0.013259410858154297
13858,0.00790715217590332
13859,0.007802248001098633
13860,0.0037038326263427734
13861,0.0
13862,0.006925821304321289
13863,0.007349967956542969
13864,0.008164644241333008
13865,0.006254911422729492
13866,0.0011682510375976562
13867,0.0033299922943115234
13868,0.0060503482818603516
13869,0.014463424682617188
13870,0.010035276412963867
13871,0.013736248016357422
13872,0.006646156311035156
13873,0.00912165641784668
13874,0.006347179412841797
13875,0.007945537567138672
13876,0.0063092708587646484
13877,0.007056474685668945
13878,0.008353233337402344
13879,0.007930517196655273
13880,0.006499052047729492
13881,0.007503032684326172
13882,0.013359546661376953
13883,0.010130167007446289
13884,0.008563518524169922
13885,0.0142822265625
13886,0.00840139389038086
13887,0.010080099105834961
13888,0.013929605484008789
13889,0.007756948471069336
13890,0.0068776607513427734
13891,0.008450031280517578
13892,0.006644248962402344
13893,0.008179187774658203
13894,0.013857364654541016
13895,0.007261991500854492
13896,0.00790095329284668
13897,0.006788492202758789
13898,0.0075531005859375
13899,0.006128787994384766
13900,0.005431413650512695
13901,0.009056329727172852
13902,0.006058216094970703
13903,0.004132986068725586
13904,0.006364583969116211
13905,0.005884408950805664
13906,0.006554126739501953
13907,0.006469011306762695
13908,0.0008263587951660156
13909,0.008394479751586914
13910,0.006496906280517578
13911,0.007023811340332031
13912,0.002312898635864258
13913,0.0076825618743896484
13914,0.0010819435119628906
13915,0.006644010543823242
13916,0.0064656734466552734
13917,0.0065152645111083984
13918,0.0061681270599365234
13919,0.0
13920,0.01389765739440918
13921,0.0065898895263671875
13922,0.007340192794799805
13923,0.006441593170166016
13924,0.012913703918457031
13925,0.013545751571655273
13926,0.013052225112915039
13927,0.007557392120361328
13928,0.008329629898071289
13929,0.0
13930,0.007928848266601562
13931,0.007332324981689453
13932,0.007220029830932617
13933,0.0
13934,0.011956453323364258
13935,0.0009942054748535156
13936,0.0070056915283203125
13937,0.015287399291992188
13938,0.007982730865478516
13939,0.007659196853637695
13940,0.006242990493774414
13941,0.007493495941162109
13942,0.007937431335449219
13943,0.008275747299194336
13944,0.0063724517822265625
13945,0.008251428604125977
13946,0.0072629451751708984
13947,0.003323793411254883
13948,0.0074236392974853516
13949,0.008127927780151367
13950,0.0076334476470947266
13951,0.005945920944213867
13952,0.007315397262573242
13953,0.007997751235961914
13954,0.008209228515625
13955,0.007049560546875
13956,0.007745981216430664
13957,0.006620883941650391
13958,0.007816553115844727
13959,0.0
13960,0.00738215446472168
13961,0.0068438053131103516
13962,0.003180980682373047
13963,0.004807710647583008
13964,0.006590366363525391
13965,0.0051043033599853516
13966,0.007452726364135742
13967,0.0009768009185791016
13968,0.007870912551879883
13969,0.006535530090332031
13970,0.0073359012603759766
13971,0.006644487380981445
13972,0.0011751651763916016
13973,0.005919694900512695
13974,0.006681203842163086
13975,0.004088878631591797
13976,0.007226705551147461
13977,0.0062978267669677734
13978,0.0
13979,0.006138324737548828
13980,0.0
13981,0.0066335201263427734
13982,0.00649714469909668
13983,0.006077766418457031
13984,0.0
13985,0.006308555603027344
13986,0.0012004375457763672
13987,0.0072901248931884766
13988,0.012548208236694336
13989,0.0073337554931640625
13990,0.007809638977050781
13991,0.00820469856262207
13992,0.010894298553466797
13993,0.006227254867553711
13994,0.006221294403076172
13995,0.007519960403442383
13996,0.0011746883392333984
13997,0.004637718200683594
13998,0.007575511932373047
13999,0.0033049583435058594
14000,0.0062367916107177734
14001,0.0014951229095458984
14002,0.006058216094970703
14003,0.006344318389892578
14004,0.006968259811401367
14005,0.0011668205261230469
14006,0.006331443786621094
14007,0.010458946228027344
14008,0.0044744014739990234
14009,0.001049041748046875
14010,0.007633686065673828
14011,0.008514165878295898
14012,0.006851911544799805
14013,0.0070874691009521484
14014,0.007170677185058594
14015,0.0011050701141357422
14016,0.006480693817138672
14017,0.0073699951171875
14018,0.006531238555908203
14019,0.006643772125244141
14020,0.006147146224975586
14021,0.005747556686401367
14022,0.008020877838134766
14023,0.00652623176574707
14024,0.005754232406616211
14025,0.004767417907714844
14026,0.0
14027,0.007312297821044922
14028,0.006951570510864258
14029,0.005043983459472656
14030,0.006555795669555664
14031,0.0011911392211914062
14032,0.007799863815307617
14033,0.0049707889556884766
14034,0.006982088088989258
14035,0.007632255554199219
14036,0.007485628128051758
14037,0.0008587837219238281
14038,0.007876873016357422
14039,0.006977081298828125
14040,0.010018587112426758
14041,0.006608724594116211
14042,0.005414009094238281
14043,0.0004253387451171875
14044,0.006626129150390625
14045,0.007360219955444336
14046,0.0059931278228759766
14047,0.006316184997558594
14048,0.0067098140716552734
14049,0.005377769470214844
14050,0.004280805587768555
14051,0.006238222122192383
14052,0.005846261978149414
14053,0.0
14054,0.006204128265380859
14055,0.006365060806274414
14056,0.005289554595947266
14057,0.004560232162475586
14058,0.007063150405883789
14059,0.00780487060546875
14060,0.0033979415893554688
14061,0.007299900054931641
14062,0.008265972137451172
14063,0.00201416015625
14064,0.007286548614501953
14065,0.006041288375854492
14066,0.006421089172363281
14067,0.007907390594482422
14068,0.0059223175048828125
14069,0.007737398147583008
14070,0.002164125442504883
14071,0.0073053836822509766
14072,0.008329391479492188
14073,0.0047149658203125
14074,0.007237672805786133
14075,0.0
14076,0.007553815841674805
14077,0.006859779357910156
14078,0.0052149295806884766
14079,0.006300449371337891
14080,0.0011353492736816406
14081,0.007681608200073242
14082,0.0015900135040283203
14083,0.006041049957275391
14084,0.002124309539794922
14085,0.0066263675689697266
14086,0.00732731819152832
14087,0.006452798843383789
14088,0.006407737731933594
14089,0.007573604583740234
14090,0.003208637237548828
14091,0.007553815841674805
14092,0.008234500885009766
14093,0.0073206424713134766
14094,0.008266210556030273
14095,0.006419658660888672
14096,0.00675654411315918
14097,0.007193803787231445
14098,0.0071413516998291016
14099,0.0057795047760009766
14100,0.0037682056427001953
14101,0.006254673004150391
14102,0.006116628646850586
14103,0.007727622985839844
14104,0.0073659420013427734
14105,0.007645368576049805
14106,0.0064847469329833984
14107,0.007540702819824219
14108,0.00771331787109375
14109,0.008143424987792969
14110,0.007477760314941406
14111,0.009374380111694336
14112,0.011842012405395508
14113,0.004752635955810547
14114,0.00687408447265625
14115,0.0031266212463378906
14116,0.0069844722747802734
14117,0.004365205764770508
14118,0.0
14119,0.008228302001953125
14120,0.009700298309326172
14121,0.00681614875793457
14122,0.006894350051879883
14123,0.007738590240478516
14124,0.0009396076202392578
14125,0.00693511962890625
14126,0.003488302230834961
14127,0.007554292678833008
14128,0.0065021514892578125
14129,0.006318330764770508
14130,0.0058705806732177734
14131,0.005705595016479492
14132,0.007124423980712891
14133,0.005232095718383789
14134,0.006132841110229492
14135,0.00713348388671875
14136,0.0053462982177734375
14137,0.0
14138,0.006197214126586914
14139,0.0003962516784667969
14140,0.006226539611816406
14141,0.008451223373413086
14142,0.00665736198425293
14143,0.0072689056396484375
14144,0.0007219314575195312
14145,0.005979061126708984
14146,0.004099607467651367
14147,0.006207466125488281
14148,0.006476163864135742
14149,0.007926702499389648
14150,0.008738517761230469
14151,0.007604122161865234
14152,0.006204366683959961
14153,0.007210254669189453
14154,0.0
14155,0.0053632259368896484
14156,0.00336456298828125
14157,0.0
14158,0.006926059722900391
14159,0.005326509475708008
14160,0.0066051483154296875
14161,0.006410837173461914
14162,0.0006151199340820312
14163,0.013014793395996094
14164,0.00692296028137207
14165,0.007002353668212891
14166,0.007616758346557617
14167,0.007627964019775391
14168,0.012596607208251953
14169,0.009772539138793945
14170,0.0028848648071289062
14171,0.007415771484375
14172,0.008385658264160156
14173,0.006258249282836914
14174,0.008364439010620117
14175,0.019728422164916992
14176,0.010193586349487305
14177,0.006716728210449219
14178,0.012101173400878906
14179,0.00673985481262207
14180,0.006467103958129883
14181,0.0068073272705078125
14182,0.0073201656341552734
14183,0.006531715393066406
14184,0.006118059158325195
14185,0.006567239761352539
14186,0.013753890991210938
14187,0.011939287185668945
14188,0.008213281631469727
14189,0.009924173355102539
14190,0.0061359405517578125
14191,0.006415605545043945
14192,0.00704646110534668
14193,0.013168573379516602
14194,0.005565166473388672
14195,0.01117253303527832
14196,0.013034343719482422
14197,0.011843204498291016
14198,0.012826919555664062
14199,0.01387476921081543
14200,0.007676601409912109
14201,0.013386726379394531
14202,0.008754730224609375
14203,0.0132904052734375
14204,0.0074977874755859375
14205,0.007857561111450195
14206,0.006119966506958008
14207,0.00670623779296875
14208,0.0073375701904296875
14209,0.006607770919799805
14210,0.011513710021972656
14211,0.0074999332427978516
14212,0.00770258903503418
14213,0.007335662841796875
14214,0.00646519660949707
14215,0.01295018196105957
14216,0.0060498714447021484
14217,0.006730318069458008
14218,0.006523847579956055
14219,0.007210969924926758
14220,0.01338648796081543
14221,0.012329339981079102
14222,0.009621381759643555
14223,0.013005256652832031
14224,0.014673471450805664
14225,0.012207746505737305
14226,0.008728265762329102
14227,0.005984783172607422
14228,0.013588905334472656
14229,0.006625652313232422
14230,0.011930704116821289
14231,0.011982202529907227
14232,0.007536411285400391
14233,0.007915735244750977
14234,0.013309717178344727
14235,0.013464927673339844
14236,0.00791788101196289
14237,0.013209342956542969
14238,0.007997751235961914
14239,0.006964206695556641
14240,0.0032579898834228516
14241,0.007588624954223633
14242,0.0073413848876953125
14243,0.007023334503173828
14244,0.006638765335083008
14245,0.01327967643737793
14246,0.006281852722167969
14247,0.006985664367675781
14248,0.007604837417602539
14249,0.006427764892578125
14250,0.01163482666015625
14251,0.0
14252,0.016527414321899414
14253,0.011212825775146484
14254,0.007845878601074219
14255,0.01314687728881836
14256,0.008367300033569336
14257,0.007607698440551758
14258,0.006510019302368164
14259,0.007046937942504883
14260,0.01346588134765625
14261,0.007066488265991211
14262,0.007390260696411133
14263,0.012306451797485352
14264,0.005966901779174805
14265,0.006208181381225586
14266,0.007709503173828125
14267,0.01366114616394043
14268,0.0008630752563476562
14269,0.005360126495361328
14270,0.0017762184143066406
14271,0.007833003997802734
14272,0.008329629898071289
14273,0.01303243637084961
14274,0.011765718460083008
14275,0.009977579116821289
14276,0.008361339569091797
14277,0.011146783828735352
14278,0.013278722763061523
14279,0.006644487380981445
14280,0.012331008911132812
14281,0.008560419082641602
14282,0.014468908309936523
14283,0.011655807495117188
14284,0.010479927062988281
14285,0.011555910110473633
14286,0.012598276138305664
14287,0.013319015502929688
14288,0.0
14289,0.006042957305908203
14290,0.005494117736816406
14291,0.008043050765991211
14292,0.003736734390258789
14293,0.0075016021728515625
14294,0.007691144943237305
14295,0.0
14296,0.0
14297,0.007596254348754883
14298,0.005756855010986328
14299,0.007259845733642578
14300,0.0008685588836669922
14301,0.003812551498413086
14302,0.008437156677246094
14303,0.010333538055419922
14304,0.008782625198364258
14305,0.013745546340942383
14306,0.007401943206787109
14307,0.006409168243408203
14308,0.01614093780517578
14309,0.00864267349243164
14310,0.0037810802459716797
14311,0.012703657150268555
14312,0.012241601943969727
14313,0.006571531295776367
14314,0.00548243522644043
14315,0.013219356536865234
14316,0.006206512451171875
14317,0.014703512191772461
14318,0.007483243942260742
14319,0.01338338851928711
14320,0.016158342361450195
14321,0.007232189178466797
14322,0.014602184295654297
14323,0.009638547897338867
14324,0.008861303329467773
14325,0.009075164794921875
14326,0.006428956985473633
14327,0.007554054260253906
14328,0.007826089859008789
14329,0.0164639949798584
14330,0.012235403060913086
14331,0.01617121696472168
14332,0.013438224792480469
14333,0.007360935211181641
14334,0.007989168167114258
14335,0.012579679489135742
14336,0.012578964233398438
14337,0.008120536804199219
14338,0.012813091278076172
14339,0.009067296981811523
14340,0.012915611267089844
14341,0.0064258575439453125
14342,0.011208772659301758
14343,0.014709234237670898
14344,0.014072418212890625
14345,0.01314544677734375
14346,0.015136957168579102
14347,0.012349843978881836
14348,0.007867813110351562
14349,0.00787806510925293
14350,0.013230323791503906
14351,0.009092092514038086
14352,0.01331472396850586
14353,0.006859779357910156
14354,0.007390022277832031
14355,0.014264822006225586
14356,0.007376432418823242
14357,0.009454488754272461
14358,0.0063016414642333984
14359,0.008162260055541992
14360,0.007001161575317383
14361,0.007720947265625
14362,0.006497621536254883
14363,0.005964994430541992
14364,0.007601499557495117
14365,0.006403684616088867
14366,0.0007123947143554688
14367,0.005609750747680664
14368,0.0015075206756591797
14369,0.012709379196166992
14370,0.007142305374145508
14371,0.013980627059936523
14372,0.00734400749206543
14373,0.007645368576049805
14374,0.01086282730102539
14375,0.007009983062744141
14376,0.012709856033325195
14377,0.013075590133666992
14378,0.008150577545166016
14379,0.012597799301147461
14380,0.0077915191650390625
14381,0.014581680297851562
14382,0.007284879684448242
14383,0.009920358657836914
14384,0.01332545280456543
14385,0.0059850215911865234
14386,0.0157620906829834
14387,0.006593227386474609
14388,0.01273345947265625
14389,0.01233816146850586
14390,0.014146566390991211
14391,0.006058454513549805
14392,0.006982564926147461
14393,0.013898611068725586
14394,0.006596565246582031
14395,0.006273746490478516
14396,0.006489753723144531
14397,0.005702495574951172
14398,0.003493070602416992
14399,0.006493568420410156
14400,0.012584924697875977
14401,0.006563663482666016
14402,0.014667749404907227
14403,0.014208316802978516
14404,0.007719516754150391
14405,0.0035982131958007812
14406,0.013972997665405273
14407,0.0
14408,0.007987737655639648
14409,0.0082244873046875
14410,0.006212472915649414
14411,0.0
14412,0.006935596466064453
14413,0.006335258483886719
14414,0.006261348724365234
14415,0.0015473365783691406
14416,0.007748603820800781
14417,0.01413583755493164
14418,0.007099628448486328
14419,0.007617473602294922
14420,0.006307840347290039
14421,0.00845026969909668
14422,0.0035996437072753906
14423,0.013175487518310547
14424,0.011930465698242188
14425,0.007513284683227539
14426,0.01717853546142578
14427,0.013019323348999023
14428,0.006186723709106445
14429,0.013579845428466797
14430,0.00739598274230957
14431,0.011562347412109375
14432,0.010515451431274414
14433,0.010753870010375977
14434,0.013487577438354492
14435,0.003893136978149414
14436,0.008177518844604492
14437,0.0067369937896728516
14438,0.007630586624145508
14439,0.005883932113647461
14440,0.008407354354858398
14441,0.012258529663085938
14442,0.014744758605957031
14443,0.011970996856689453
14444,0.013148784637451172
14445,0.007047414779663086
